system:index,EVI,NDVI,SR_B1,SR_B2,SR_B3,SR_B4,SR_B5,SR_B6,SR_B7,ST_B10,class6,.geo
00000000000000000000_0,0.32320682850718185,0.545143,0.025334999999999996,0.034822500000000006,0.0652375,0.0808025,0.274485,0.2439325,0.144465,319.11827342000004,1,"{""geodesic"":false,""type"":""Point"",""coordinates"":[38.2597423113947,-3.520784437160425]}"
00000000000000000001_0,0.3687912266615171,0.68003273,0.01859749999999999,0.0233825,0.044639999999999985,0.04694999999999999,0.2465175,0.17485250000000002,0.103215,322.45426094,1,"{""geodesic"":false,""type"":""Point"",""coordinates"":[38.26001218330416,-3.521056038801654]}"
00000000000000000002_0,0.46881876057384814,0.7426487,0.01843249999999999,0.023657499999999998,0.05212,0.045685,0.309355,0.187585,0.09977750000000002,324.86738306,1,"{""geodesic"":false,""type"":""Point"",""coordinates"":[38.26028205536996,-3.5213276403959983]}"
00000000000000000003_0,0.32597353202196233,0.591512,0.02313499999999999,0.029102500000000003,0.05451250000000002,0.06347750000000002,0.247315,0.2043875,0.12274000000000002,324.81953078000004,1,"{""geodesic"":false,""type"":""Point"",""coordinates"":[38.259741668407294,-3.5215985961396536]}"
00000000000000000004_0,0.3639416599957045,0.64184314,0.017937499999999995,0.026269999999999988,0.051817500000000016,0.05720750000000002,0.2622475,0.20106000000000002,0.11795499999999998,320.18469566,1,"{""geodesic"":false,""type"":""Point"",""coordinates"":[38.25920213915699,-3.5207840063316014]}"
00000000000000000005_0,0.31318085548383173,0.642012,0.013922500000000004,0.01931250000000001,0.04024,0.04738999999999999,0.2173675,0.16445749999999998,0.08522999999999997,322.89860353999995,1,"{""geodesic"":false,""type"":""Point"",""coordinates"":[38.25893226759348,-3.52051240451971]}"
00000000000000000006_0,0.3183964381249888,0.5219805,0.025032499999999985,0.038479999999999986,0.07200250000000002,0.0893275,0.2844125,0.27388,0.169435,322.12613102,1,"{""geodesic"":false,""type"":""Point"",""coordinates"":[38.25839145150176,-3.521326131987128]}"
00000000000000000007_0,0.2779413610341465,0.5109799,0.025279999999999997,0.0352625,0.06202000000000002,0.07577,0.23411500000000002,0.2506425,0.16107500000000002,322.47818708,1,"{""geodesic"":false,""type"":""Point"",""coordinates"":[38.258121150486545,-3.5215973024107767]}"
00000000000000000008_0,0.3211950811378761,0.5770065,0.02156749999999999,0.031219999999999998,0.05858249999999998,0.06655749999999999,0.24814000000000003,0.22888999999999998,0.14762750000000002,321.09047096,1,"{""geodesic"":false,""type"":""Point"",""coordinates"":[38.258661323060224,-3.5215977339680027]}"
00000000000000000009_0,0.4549884768064002,0.77430475,0.014967499999999995,0.019147499999999984,0.04486000000000001,0.035922499999999996,0.282405,0.1663825,0.08575250000000001,323.91033746,1,"{""geodesic"":false,""type"":""Point"",""coordinates"":[38.259201495700495,-3.5215981652109623]}"
0000000000000000000a_0,0.36604093839034935,0.70702714,0.008862499999999995,0.01697499999999999,0.0413125,0.04128499999999999,0.24054999999999999,0.16165249999999998,0.07791500000000001,321.45961711999996,1,"{""geodesic"":false,""type"":""Point"",""coordinates"":[38.25866110838507,-3.5218691202246184]}"
0000000000000000000b_0,0.38748799838293996,0.71566266,0.013592500000000007,0.019147499999999984,0.04285249999999999,0.04189000000000001,0.25276,0.15189000000000002,0.079565,319.80187742,1,"{""geodesic"":false,""type"":""Point"",""coordinates"":[38.25812050594194,-3.5224114610758197]}"
0000000000000000000c_0,0.3802780770612077,0.72280145,0.01180500000000001,0.01832249999999999,0.04230249999999999,0.03908500000000001,0.242915,0.15763749999999999,0.08220499999999997,320.27014615999997,1,"{""geodesic"":false,""type"":""Point"",""coordinates"":[38.25812007616224,-3.522954233511202]}"
0000000000000000000d_0,0.5497981622400536,0.81669635,0.018460000000000004,0.0205225,0.0448325,0.03438250000000001,0.34076,0.1677575,0.0779975,320.25647408,1,"{""geodesic"":false,""type"":""Point"",""coordinates"":[38.25676641172287,-3.527023944635936]}"
0000000000000000000f_0,0.4282123436514215,0.7372067,0.01593,0.020742499999999997,0.04565749999999999,0.041917499999999996,0.2770975,0.17185499999999998,0.08770499999999998,321.32631433999995,1,"{""geodesic"":false,""type"":""Point"",""coordinates"":[38.256764902478345,-3.5289236473575434]}"
00000000000000000010_0,0.37523311075016547,0.68209493,0.016534999999999994,0.022694999999999993,0.048132499999999995,0.047967499999999996,0.253805,0.1701225,0.09815499999999999,327.2668331,1,"{""geodesic"":false,""type"":""Point"",""coordinates"":[38.2559542058199,-3.5294657689915665]}"
00000000000000000011_0,0.36380403799303657,0.736555,-0.0030175000000000063,0.0083675,0.03746250000000001,0.03628000000000001,0.2391475,0.13440000000000002,0.06617250000000002,325.77657638,1,"{""geodesic"":false,""type"":""Point"",""coordinates"":[38.26541646218609,-3.5178036883514183]}"
00000000000000000012_0,0.2773714237946961,0.67240447,0.001794999999999991,0.010539999999999994,0.03471250000000001,0.035564999999999986,0.18156250000000002,0.12199749999999998,0.07246999999999998,330.44217368,1,"{""geodesic"":false,""type"":""Point"",""coordinates"":[38.26460577992538,-3.518345820770629]}"
00000000000000000013_0,0.4549884768064002,0.77430475,0.014967499999999995,0.019147499999999984,0.04486000000000001,0.035922499999999996,0.282405,0.1663825,0.08575250000000001,323.91033746,1,"{""geodesic"":false,""type"":""Point"",""coordinates"":[38.259201495700495,-3.5215981652109623]}"
00000000000000000014_0,0.3142448901004246,0.6314046,0.012712499999999988,0.02162249999999999,0.04862749999999999,0.04978250000000001,0.22033750000000002,0.15527249999999998,0.0870725,318.99180667999997,1,"{""geodesic"":false,""type"":""Point"",""coordinates"":[38.25757947271391,-3.523496573835168]}"
00000000000000000015_0,0.30968641686662973,0.64956397,0.009385000000000004,0.018515000000000004,0.043375,0.04480500000000001,0.210905,0.157335,0.08256249999999998,319.44298532,1,"{""geodesic"":false,""type"":""Point"",""coordinates"":[38.25784977451631,-3.5232254037299664]}"
00000000000000000016_0,0.3375307279385942,0.6221251,0.021485000000000004,0.02772749999999999,0.0505525,0.05619000000000002,0.24120999999999998,0.18929,0.10613,324.2931557,1,"{""geodesic"":false,""type"":""Point"",""coordinates"":[38.25676942775859,-3.523224538957807]}"
00000000000000000017_0,0.24403139870663365,0.5096328,0.024042499999999994,0.02990000000000001,0.05286249999999998,0.06350499999999998,0.19550499999999998,0.20196750000000002,0.1320075,325.83810073999996,1,"{""geodesic"":false,""type"":""Point"",""coordinates"":[38.25649912570999,-3.5234957086817995]}"
00000000000000000018_0,0.35282708477192415,0.6588263,0.018075000000000008,0.024455000000000005,0.048490000000000005,0.049479999999999996,0.2405775,0.1812875,0.10530499999999998,321.84243535999997,1,"{""geodesic"":false,""type"":""Point"",""coordinates"":[38.256768997096614,-3.523767311216707]}"
00000000000000000019_0,0.3425870646766169,0.6320594,0.020962499999999995,0.025774999999999992,0.04893,0.055117499999999986,0.2444825,0.1867875,0.115205,323.0626685,1,"{""geodesic"":false,""type"":""Point"",""coordinates"":[38.25649869485816,-3.524038480904089]}"
0000000000000000001a_0,0.2967713616855248,0.5512002,0.02291499999999999,0.031275,0.055227499999999985,0.06812499999999999,0.23546250000000002,0.20375500000000002,0.11974249999999997,322.63199798,1,"{""geodesic"":false,""type"":""Point"",""coordinates"":[38.2564984794072,-3.524309867012839]}"
0000000000000000001b_0,0.46394301108902514,0.80031013,0.010374999999999995,0.014802499999999996,0.04084499999999999,0.031549999999999995,0.28444,0.1629175,0.08556000000000002,320.55725984000003,1,"{""geodesic"":false,""type"":""Point"",""coordinates"":[38.25730830985683,-3.5248532884590222]}"
0000000000000000001c_0,0.4324486429749588,0.7500946,0.012767499999999987,0.01865249999999999,0.04356750000000001,0.039635000000000004,0.277565,0.1731475,0.09108749999999999,319.92150812,1,"{""geodesic"":false,""type"":""Point"",""coordinates"":[38.25676792014961,-3.52512424183601]}"
0000000000000000001d_0,0.40285179610268096,0.7177971,0.016204999999999997,0.02209,0.046564999999999995,0.042825,0.26068,0.17820750000000002,0.09848499999999999,320.8067753,1,"{""geodesic"":false,""type"":""Point"",""coordinates"":[38.25649783295416,-3.5251240253295033]}"
0000000000000000001e_0,0.3573621515412011,0.67854935,0.015270000000000006,0.022254999999999997,0.04607,0.04549249999999999,0.2375525,0.16553,0.09185749999999998,322.03042646,1,"{""geodesic"":false,""type"":""Point"",""coordinates"":[38.25622753017939,-3.525395194829997]}"
0000000000000000001f_0,0.3579375158750317,0.6669478,0.017607499999999998,0.023877499999999996,0.050387499999999974,0.048380000000000006,0.242145,0.1678675,0.0929025,321.77065694,1,"{""geodesic"":false,""type"":""Point"",""coordinates"":[38.25622731456667,-3.5256665809140446]}"
00000000000000000020_0,0.4702405139219442,0.72191656,0.02318999999999999,0.027535000000000004,0.05550250000000001,0.05148750000000002,0.318815,0.1961925,0.10486499999999999,320.2940723,1,"{""geodesic"":false,""type"":""Point"",""coordinates"":[38.25649675519851,-3.5264809558253267]}"
00000000000000000022_0,0.4794369362590173,0.77000886,0.01901,0.02228250000000001,0.04596,0.03925000000000001,0.3020675,0.182635,0.09529500000000002,320.39319488,1,"{""geodesic"":false,""type"":""Point"",""coordinates"":[38.25676619616658,-3.527295330743819]}"
00000000000000000023_0,0.4447966891265125,0.76168144,0.017579999999999985,0.0205225,0.045107499999999995,0.037544999999999995,0.2775375,0.1629175,0.08245249999999998,320.56409587999997,1,"{""geodesic"":false,""type"":""Point"",""coordinates"":[38.25676576500393,-3.527838102954789]}"
00000000000000000028_0,0.44314670194595557,0.745874,0.014637499999999998,0.019807500000000006,0.0412575,0.04205500000000001,0.2889225,0.16286250000000002,0.08456999999999998,321.48354326000003,1,"{""geodesic"":false,""type"":""Point"",""coordinates"":[38.27892805409758,-3.5083157015751594]}"
00000000000000000029_0,0.3131892591918089,0.62136513,0.015187499999999993,0.023244999999999988,0.04950750000000001,0.05187249999999999,0.22212500000000002,0.16806,0.10766999999999999,323.7120923,1,"{""geodesic"":false,""type"":""Point"",""coordinates"":[38.277847511055256,-3.5085862523981866]}"
0000000000000000002a_0,0.4575379543326957,0.80890155,0.0084225,0.013399999999999995,0.03386,0.029212500000000002,0.27652,0.13671,0.06597999999999998,322.5841457,1,"{""geodesic"":false,""type"":""Point"",""coordinates"":[38.27703767706541,-3.508042849109142]}"
0000000000000000002b_0,0.5211851248010559,0.81547,0.009440000000000004,0.014995000000000008,0.04070750000000001,0.033420000000000005,0.3287975,0.1425675,0.06807000000000002,322.28677796,1,"{""geodesic"":false,""type"":""Point"",""coordinates"":[38.27730776059293,-3.508043058614959]}"
0000000000000000002c_0,0.44267838020069006,0.74373966,0.015847499999999987,0.020659999999999984,0.0445575,0.04230249999999999,0.28785,0.1524125,0.07981250000000001,324.04022222000003,1,"{""geodesic"":false,""type"":""Point"",""coordinates"":[38.2800085967596,-3.508045149368546]}"
0000000000000000002d_0,0.43094875697615415,0.7487299,0.014802499999999996,0.020384999999999986,0.041972499999999996,0.03919500000000001,0.27278,0.14380500000000002,0.07395499999999999,322.5157853,1,"{""geodesic"":false,""type"":""Point"",""coordinates"":[38.279738513070086,-3.5080449406453806]}"
0000000000000000002e_0,0.39928498064312246,0.6776425,0.020192500000000002,0.026709999999999984,0.05269750000000001,0.05288999999999999,0.275255,0.1614875,0.09064749999999999,324.20086916,1,"{""geodesic"":false,""type"":""Point"",""coordinates"":[38.279738928556256,-3.5075021654056924]}"
0000000000000000002f_0,0.35518567187423955,0.61771315,0.02291499999999999,0.029707499999999998,0.054842500000000016,0.062102500000000005,0.2627975,0.19666,0.11880750000000001,326.5832291,1,"{""geodesic"":false,""type"":""Point"",""coordinates"":[38.280279303202995,-3.507231195054434]}"
00000000000000000030_0,0.5280167292429068,0.7755918,0.01785500000000001,0.02244750000000001,0.047087500000000004,0.04419999999999999,0.349725,0.18876749999999998,0.0980725,323.93768162000003,1,"{""geodesic"":false,""type"":""Point"",""coordinates"":[38.27649813606775,-3.5072282675849125]}"
00000000000000000031_0,0.43271380523747494,0.7474261,0.010374999999999995,0.015985,0.0412025,0.0413675,0.2862,0.1694075,0.08858500000000002,324.1564349,1,"{""geodesic"":false,""type"":""Point"",""coordinates"":[38.27514855601248,-3.50614166894292]}"
00000000000000000032_0,0.44460014496255146,0.7396572,0.013674999999999993,0.018927499999999986,0.042935,0.044529999999999986,0.29755750000000003,0.18761250000000002,0.10016249999999999,323.96502578,1,"{""geodesic"":false,""type"":""Point"",""coordinates"":[38.275688304106104,-3.506684863512534]}"
00000000000000000033_0,0.2772606942742486,0.4994715,0.02814,0.0353175,0.06603500000000001,0.08168249999999999,0.2447025,0.236975,0.17127750000000003,325.15449674,1,"{""geodesic"":false,""type"":""Point"",""coordinates"":[38.27892867805207,-3.5075015388637936]}"
00000000000000000034_0,0.26721425400073356,0.51232725,0.021952499999999986,0.03133,0.059655000000000014,0.07246999999999998,0.22473749999999998,0.22025499999999998,0.1390475,323.78045269999996,1,"{""geodesic"":false,""type"":""Point"",""coordinates"":[38.27811821949131,-3.507772299141013]}"
00000000000000000035_0,0.43637117718506524,0.74327964,0.012465000000000004,0.019257499999999983,0.045162499999999994,0.041972499999999996,0.2850175,0.1608,0.08341500000000002,321.32289632,1,"{""geodesic"":false,""type"":""Point"",""coordinates"":[38.27838788670841,-3.5083152833920157]}"
00000000000000000036_0,0.43637117718506524,0.74327964,0.012465000000000004,0.019257499999999983,0.045162499999999994,0.041972499999999996,0.2850175,0.1608,0.08341500000000002,321.32289632,1,"{""geodesic"":false,""type"":""Point"",""coordinates"":[38.27838788670841,-3.5083152833920157]}"
00000000000000000037_0,0.39850334935929665,0.7196737,0.013289999999999996,0.019724999999999993,0.043292499999999984,0.042440000000000005,0.26035,0.1632475,0.08558749999999998,323.96502578,1,"{""geodesic"":false,""type"":""Point"",""coordinates"":[38.277037468519154,-3.5083142365644098]}"
00000000000000000038_0,0.36569336669619984,0.66205174,0.015902499999999986,0.021787499999999987,0.048242499999999994,0.05272500000000002,0.259305,0.18739250000000002,0.11102499999999998,324.33417194000003,1,"{""geodesic"":false,""type"":""Point"",""coordinates"":[38.2716370602072,-3.506681706888048]}"
00000000000000000039_0,0.4429835162179147,0.72877383,0.014582499999999998,0.021072499999999994,0.04642750000000001,0.04689499999999999,0.29890500000000003,0.17768499999999998,0.10010750000000002,323.2506596,1,"{""geodesic"":false,""type"":""Point"",""coordinates"":[38.271636640146184,-3.5072244811604696]}"
0000000000000000003a_0,0.47380800705640214,0.75541747,0.018075000000000008,0.021897499999999986,0.046235,0.043045,0.30894249999999995,0.1677575,0.09012500000000001,331.26933452000003,1,"{""geodesic"":false,""type"":""Point"",""coordinates"":[38.28460229090777,-3.505063418596245]}"
0000000000000000003b_0,0.43421947511601855,0.73264706,0.018240000000000006,0.022529999999999994,0.04574,0.04356750000000001,0.28235,0.1637425,0.08456999999999998,331.23515432,1,"{""geodesic"":false,""type"":""Point"",""coordinates"":[38.28433200153426,-3.5053345992897693]}"
0000000000000000003c_0,0.41717284610525307,0.7037147,0.016122499999999984,0.022557500000000008,0.0474175,0.049699999999999994,0.2857875,0.17125,0.10010750000000002,331.13603174,1,"{""geodesic"":false,""type"":""Point"",""coordinates"":[38.28433158895323,-3.5058773751035406]}"
0000000000000000003d_0,0.45774854372727625,0.76605725,0.011007500000000003,0.01680999999999999,0.04032250000000001,0.03933249999999999,0.296925,0.15447500000000003,0.0777775,322.16372924,1,"{""geodesic"":false,""type"":""Point"",""coordinates"":[38.27865776229979,-3.50858688007379]}"
0000000000000000003e_0,0.4061605980127765,0.7517166,0.011557499999999998,0.017167500000000002,0.037105,0.035977499999999996,0.2538325,0.1453175,0.07282749999999999,324.00604202,1,"{""geodesic"":false,""type"":""Point"",""coordinates"":[38.269743953088614,-3.509936871934802]}"
0000000000000000003f_0,0.4510253001174268,0.75731987,0.009852499999999986,0.016727500000000006,0.04216500000000001,0.04095499999999999,0.2965675,0.18417499999999998,0.09881499999999999,325.31172566,1,"{""geodesic"":false,""type"":""Point"",""coordinates"":[38.268933491291705,-3.5102076232173642]}"
00000000000000000040_0,0.3996008979795461,0.727881,0.013757500000000006,0.0173875,0.038479999999999986,0.04117499999999999,0.26145,0.19110500000000002,0.11795499999999998,326.52170474,1,"{""geodesic"":false,""type"":""Point"",""coordinates"":[38.268663407646926,-3.510207411153864]}"
00000000000000000041_0,0.43271380523747494,0.7474261,0.010374999999999995,0.015985,0.0412025,0.0413675,0.2862,0.1694075,0.08858500000000002,324.1564349,1,"{""geodesic"":false,""type"":""Point"",""coordinates"":[38.27514855601248,-3.50614166894292]}"
00000000000000000042_0,0.4643177361985556,0.77168417,0.013207499999999983,0.017607499999999998,0.043842500000000006,0.0383425,0.29753,0.17906,0.09721999999999997,325.02119396,1,"{""geodesic"":false,""type"":""Point"",""coordinates"":[38.2751483470349,-3.5064130562954126]}"
00000000000000000043_0,0.4107789715646132,0.716963,0.018212499999999993,0.02459249999999999,0.045465000000000005,0.04345750000000001,0.2636225,0.1824425,0.10335250000000001,323.47283089999996,1,"{""geodesic"":false,""type"":""Point"",""coordinates"":[38.272718020589295,-3.50586838875888]}"
00000000000000000044_0,0.42447386116157,0.7331715,0.015160000000000007,0.021182499999999993,0.04711499999999999,0.042330000000000007,0.2749525,0.17237750000000002,0.09834749999999998,322.7550467,1,"{""geodesic"":false,""type"":""Point"",""coordinates"":[38.27244772822174,-3.506139565244216]}"
00000000000000000045_0,0.5691064881080763,0.8227889,0.0172225,0.02099000000000001,0.04345750000000001,0.03438250000000001,0.3536575,0.1658325,0.08313999999999999,324.48456482,1,"{""geodesic"":false,""type"":""Point"",""coordinates"":[38.27649792741444,-3.5074996550124347]}"
00000000000000000046_0,0.40904175677923815,0.7578103,0.014169999999999988,0.018130000000000007,0.037847500000000006,0.034574999999999995,0.25094500000000003,0.13932250000000002,0.07082,324.0538943,1,"{""geodesic"":false,""type"":""Point"",""coordinates"":[38.27676801075372,-3.507499864642264]}"
00000000000000000047_0,0.45213541928668444,0.7839822,0.0113925,0.015847499999999987,0.036087499999999995,0.034052499999999986,0.2812225,0.14575749999999998,0.06985750000000002,324.16327093999996,1,"{""geodesic"":false,""type"":""Point"",""coordinates"":[38.27676780216204,-3.507771252084457]}"
00000000000000000048_0,0.3739886339288448,0.72458285,0.010017499999999985,0.01628750000000001,0.0381775,0.03831499999999999,0.2399175,0.14663749999999998,0.07750249999999997,322.14663914,1,"{""geodesic"":false,""type"":""Point"",""coordinates"":[38.27784792769664,-3.5080434773917974]}"
00000000000000000049_0,0.44930042599757697,0.76048833,0.010429999999999995,0.016589999999999994,0.04144999999999999,0.03982749999999999,0.29274500000000003,0.16173500000000002,0.0804725,322.23208964,1,"{""geodesic"":false,""type"":""Point"",""coordinates"":[38.27757784413668,-3.5080432680425107]}"
0000000000000000004a_0,0.38465852887488405,0.7135462,0.015270000000000006,0.020082500000000003,0.04024,0.0416425,0.2491025,0.1618175,0.085945,321.38100266000004,1,"{""geodesic"":false,""type"":""Point"",""coordinates"":[38.27919834573958,-3.508044522964254]}"
0000000000000000004b_0,0.3256288449450244,0.6618809,0.016727500000000006,0.020027500000000004,0.04013,0.0443925,0.2181925,0.1531,0.0930125,322.53287539999997,1,"{""geodesic"":false,""type"":""Point"",""coordinates"":[38.27919855364652,-3.507773135377595]}"
0000000000000000004c_0,0.4314345453618237,0.7537054,0.015682499999999988,0.020082500000000003,0.04013,0.038012500000000005,0.27066250000000003,0.144905,0.07645750000000001,322.24917974,1,"{""geodesic"":false,""type"":""Point"",""coordinates"":[38.279468637225804,-3.5077733442410928]}"
0000000000000000004d_0,0.3746354939376887,0.6793422,0.020659999999999984,0.02536250000000001,0.04441999999999999,0.0475275,0.24891000000000002,0.1644025,0.10271999999999998,324.13592678,1,"{""geodesic"":false,""type"":""Point"",""coordinates"":[38.27946884503868,-3.507501956636646]}"
0000000000000000004e_0,0.41717284610525307,0.7037147,0.016122499999999984,0.022557500000000008,0.0474175,0.049699999999999994,0.2857875,0.17125,0.10010750000000002,331.13603174,1,"{""geodesic"":false,""type"":""Point"",""coordinates"":[38.28433158895323,-3.5058773751035406]}"
0000000000000000004f_0,0.4526070943981393,0.7116038,0.01337250000000001,0.02167749999999999,0.04659250000000001,0.054649999999999976,0.32434250000000003,0.188465,0.09856749999999997,333.24495007999997,1,"{""geodesic"":false,""type"":""Point"",""coordinates"":[38.28514286918786,-3.5045210568733784]}"
00000000000000000050_0,0.4144203880416294,0.7019303,0.01285,0.021182499999999993,0.04937,0.050360000000000016,0.2875475,0.16558499999999998,0.09309499999999998,328.76050784,1,"{""geodesic"":false,""type"":""Point"",""coordinates"":[38.295405628298695,-3.505071643102609]}"
00000000000000000051_0,0.4226152083714393,0.70917714,0.013867500000000005,0.021292499999999992,0.04937,0.04950750000000001,0.2909575,0.174,0.09452500000000003,328.21704266,1,"{""geodesic"":false,""type"":""Point"",""coordinates"":[38.29513554455381,-3.50507143901484]}"
00000000000000000052_0,0.4019361958266452,0.7148372,0.014334999999999987,0.02099000000000001,0.04414499999999999,0.043952500000000005,0.26431,0.17224,0.09105999999999997,327.7453559,1,"{""geodesic"":false,""type"":""Point"",""coordinates"":[38.29486546082475,-3.5050712348488715]}"
00000000000000000053_0,0.37504724769729647,0.6792748,0.014967499999999995,0.022364999999999996,0.046262499999999984,0.04895749999999999,0.256335,0.1845325,0.10624,327.3864638,1,"{""geodesic"":false,""type"":""Point"",""coordinates"":[38.29459537711152,-3.5050710306047037]}"
00000000000000000054_0,0.44428594994808496,0.72769636,0.014802499999999996,0.021952499999999986,0.04279749999999999,0.04711499999999999,0.2989325,0.16597,0.10013499999999997,330.2405105,1,"{""geodesic"":false,""type"":""Point"",""coordinates"":[38.29027403985804,-3.50506775206286]}"
00000000000000000055_0,0.3148802781141361,0.58512664,0.021842499999999987,0.02792,0.05143249999999999,0.0628725,0.24022,0.19806250000000003,0.13005499999999998,335.22740167999996,1,"{""geodesic"":false,""type"":""Point"",""coordinates"":[38.28676357294416,-3.5042509093361227]}"
00000000000000000056_0,0.3894820856734055,0.6804378,0.018212499999999993,0.022557500000000008,0.04582249999999999,0.051680000000000004,0.2717625,0.17554000000000003,0.10668,330.66434498,1,"{""geodesic"":false,""type"":""Point"",""coordinates"":[38.28190021851769,-3.506689669481552]}"
00000000000000000057_0,0.4443520443520444,0.65631515,0.02750749999999999,0.034822500000000006,0.061634999999999995,0.0692525,0.33374750000000003,0.20625749999999998,0.12744250000000001,330.0183392,1,"{""geodesic"":false,""type"":""Point"",""coordinates"":[38.28352175207592,-3.505333977125064]}"
00000000000000000058_0,0.3710436585533622,0.663006,0.018955,0.023712499999999997,0.047967499999999996,0.052779999999999994,0.26046,0.17103000000000002,0.11259249999999998,331.0608353,1,"{""geodesic"":false,""type"":""Point"",""coordinates"":[38.28298158585079,-3.5053335619575687]}"
00000000000000000059_0,0.4465477665408515,0.69356465,0.022639999999999993,0.029267500000000002,0.055365,0.0564925,0.31221499999999996,0.16935250000000002,0.09136250000000001,329.05787558,1,"{""geodesic"":false,""type"":""Point"",""coordinates"":[38.28108976102938,-3.5069604326693473]}"
0000000000000000005a_0,0.3803798652694612,0.6313111,0.020907499999999996,0.02814,0.05976500000000001,0.06529249999999998,0.288895,0.1977875,0.12307000000000001,326.89426892,1,"{""geodesic"":false,""type"":""Point"",""coordinates"":[38.28081926278823,-3.507502999699348]}"
0000000000000000005b_0,0.3670266123797722,0.63683045,0.021485000000000004,0.02890999999999999,0.0569325,0.05852750000000001,0.2637875,0.1765025,0.097825,324.50165491999996,1,"{""geodesic"":false,""type"":""Point"",""coordinates"":[38.27595880466735,-3.506142298527196]}"
0000000000000000005c_0,0.3525770753329319,0.63688385,0.0203575,0.026077500000000003,0.051460000000000006,0.05599749999999998,0.25243,0.194625,0.1139675,323.84539508,1,"{""geodesic"":false,""type"":""Point"",""coordinates"":[38.27568872176612,-3.506142088743993]}"
0000000000000000005d_0,0.4249491237714958,0.7165075,0.013152499999999984,0.0203025,0.04574,0.04794000000000001,0.29027000000000003,0.18203000000000003,0.09617500000000001,321.0118565,1,"{""geodesic"":false,""type"":""Point"",""coordinates"":[38.274879309218974,-3.505055909564379]}"
0000000000000000005e_0,0.4378444580526637,0.7155285,0.013537500000000008,0.02198,0.050470000000000015,0.05003000000000002,0.30171,0.1765025,0.09534999999999999,320.76917707999996,1,"{""geodesic"":false,""type"":""Point"",""coordinates"":[38.27460922669418,-3.5050556995334907]}"
0000000000000000005f_0,0.39794632792444606,0.66521275,0.017579999999999985,0.024867499999999987,0.05332999999999999,0.058142499999999986,0.2891975,0.21687250000000002,0.12331750000000002,320.61194816,1,"{""geodesic"":false,""type"":""Point"",""coordinates"":[38.27433893503972,-3.5053268767343466]}"
00000000000000000060_0,0.45070294509756403,0.7434065,0.019257499999999983,0.024070000000000008,0.046125,0.04235749999999999,0.287795,0.16635499999999998,0.0931225,321.56557574,1,"{""geodesic"":false,""type"":""Point"",""coordinates"":[38.27352826857071,-3.5058690204061453]}"
00000000000000000061_0,0.39645943182501653,0.7257849,0.009577499999999989,0.01780000000000001,0.0416975,0.041092500000000004,0.2586175,0.140395,0.07425749999999998,324.4469666,1,"{""geodesic"":false,""type"":""Point"",""coordinates"":[38.269473658630496,-3.5102080471094257]}"
00000000000000000062_0,0.30965338610634147,0.57314485,0.019339999999999996,0.028772500000000006,0.0568225,0.06537500000000002,0.240935,0.20064749999999998,0.125985,325.7629043,1,"{""geodesic"":false,""type"":""Point"",""coordinates"":[38.27028412036994,-3.5099372953241703]}"
00000000000000000063_0,0.39515800500494663,0.66685516,0.017249999999999988,0.026434999999999986,0.055337499999999984,0.05597000000000002,0.28004,0.19729249999999998,0.109045,321.88003358000003,1,"{""geodesic"":false,""type"":""Point"",""coordinates"":[38.25730723335884,-3.5262102192133704]}"
00000000000000000064_0,0.3521440973064202,0.62781304,0.01994499999999999,0.026187500000000002,0.053605000000000014,0.059187500000000004,0.258865,0.206285,0.12411499999999998,329.47829204,1,"{""geodesic"":false,""type"":""Point"",""coordinates"":[38.25514350830459,-3.5300078897098235]}"
00000000000000000065_0,0.29666732612722796,0.50364316,0.028085,0.037105,0.06581500000000001,0.08940999999999999,0.270855,0.2755025,0.16995749999999998,326.52170474,1,"{""geodesic"":false,""type"":""Point"",""coordinates"":[38.25406250476361,-3.530821177882137]}"
00000000000000000066_0,0.3336663630219506,0.62946105,0.014995000000000008,0.022612500000000008,0.050744999999999985,0.055145,0.2425025,0.19124249999999998,0.11187750000000002,328.09741196,1,"{""geodesic"":false,""type"":""Point"",""coordinates"":[38.25352167719144,-3.5316349001620955]}"
00000000000000000067_0,0.40351108889035625,0.6507908,0.02082500000000001,0.029267500000000002,0.06012250000000002,0.06312000000000001,0.2983825,0.22179500000000002,0.14243,328.25122286,1,"{""geodesic"":false,""type"":""Point"",""coordinates"":[38.25298128252052,-3.53190585022351]}"
00000000000000000068_0,0.4362630245537841,0.7056941,0.014747499999999997,0.023464999999999986,0.054595000000000005,0.05253249999999998,0.30446,0.17268,0.09304000000000001,330.06619148,1,"{""geodesic"":false,""type"":""Point"",""coordinates"":[38.252170798621606,-3.5321765816991912]}"
00000000000000000069_0,0.406363238163501,0.6900781,0.02162249999999999,0.02615999999999999,0.05473250000000002,0.05041499999999999,0.27492500000000003,0.19066500000000003,0.12760749999999998,329.58766868,1,"{""geodesic"":false,""type"":""Point"",""coordinates"":[38.25163062074271,-3.5321761450592195]}"
0000000000000000006a_0,0.2975656042117293,0.5709925,0.02541750000000001,0.031275,0.05586000000000002,0.06025999999999998,0.22066750000000002,0.19896999999999998,0.1301925,324.7887686,1,"{""geodesic"":false,""type"":""Point"",""coordinates"":[38.24865658690838,-3.5359731357894693]}"
0000000000000000006b_0,0.3282976484397133,0.6102386,0.02140249999999999,0.02912999999999999,0.05305500000000002,0.056987500000000024,0.235435,0.17878500000000003,0.10577249999999999,327.44798816,1,"{""geodesic"":false,""type"":""Point"",""coordinates"":[38.248926458368835,-3.536244740820122]}"
0000000000000000006c_0,0.2889459176884327,0.52393264,0.0265725,0.03364,0.06477,0.07596249999999999,0.2431625,0.207055,0.13709500000000002,327.49242242,1,"{""geodesic"":false,""type"":""Point"",""coordinates"":[38.2489260215503,-3.536787511951409]}"
0000000000000000006d_0,0.29905268437639,0.55680144,0.016617500000000007,0.027342499999999992,0.05800499999999997,0.06917000000000001,0.24297000000000002,0.22055750000000002,0.13035750000000002,329.34840728,1,"{""geodesic"":false,""type"":""Point"",""coordinates"":[38.247574477014055,-3.538143340973784]}"
0000000000000000006e_0,0.35460080186110976,0.6705012,0.010127499999999984,0.019587500000000008,0.05286249999999998,0.04840749999999999,0.2454175,0.15604250000000003,0.08666000000000001,328.39136168,1,"{""geodesic"":false,""type"":""Point"",""coordinates"":[38.24730482455561,-3.537600350068965]}"
0000000000000000006f_0,0.35460080186110976,0.6705012,0.010127499999999984,0.019587500000000008,0.05286249999999998,0.04840749999999999,0.2454175,0.15604250000000003,0.08666000000000001,328.39136168,1,"{""geodesic"":false,""type"":""Point"",""coordinates"":[38.24730482455561,-3.537600350068965]}"
00000000000000000070_0,0.29860583480561326,0.51158416,0.024400000000000005,0.03691249999999999,0.07178249999999997,0.08564250000000001,0.2650525,0.26461250000000003,0.17966500000000002,328.50757436000004,1,"{""geodesic"":false,""type"":""Point"",""coordinates"":[38.245683186215494,-3.5389559554213603]}"
0000000000000000053b_0,0.4096007546086492,0.7525989,0.012162499999999993,0.017524999999999985,0.03971749999999999,0.03611500000000001,0.25584,0.1388275,0.07392749999999998,323.30534792000003,1,"{""geodesic"":false,""type"":""Point"",""coordinates"":[38.277038094109244,-3.5075000741938402]}"
0000000000000000053c_0,0.33030258591191286,0.62279105,0.017112500000000003,0.023107500000000003,0.04631750000000001,0.0562725,0.24209000000000003,0.1914075,0.10879749999999999,322.04068052,1,"{""geodesic"":false,""type"":""Point"",""coordinates"":[38.278658178473805,-3.508044104970067]}"
0000000000000000053d_0,0.43217127506358455,0.77049536,0.012107499999999993,0.0172225,0.038947499999999996,0.03465750000000001,0.2673625,0.1463625,0.0782175,322.06118863999995,1,"{""geodesic"":false,""type"":""Point"",""coordinates"":[38.27838809486522,-3.5080438958555753]}"
0000000000000000053e_0,0.21980654628215496,0.46180245,0.025444999999999995,0.03168750000000001,0.0519,0.07057249999999998,0.19168249999999998,0.2102175,0.14900249999999998,332.60578034,1,"{""geodesic"":false,""type"":""Point"",""coordinates"":[38.28081988496177,-3.5066888366337787]}"
0000000000000000053f_0,0.2860174624247769,0.5321112,0.02588499999999999,0.0324025,0.05608000000000002,0.07136999999999999,0.23370249999999998,0.22842250000000003,0.1727075,331.38896522,1,"{""geodesic"":false,""type"":""Point"",""coordinates"":[38.28244100601933,-3.505875922065528]}"
00000000000000000540_0,0.42189682444245064,0.65154606,0.023519999999999985,0.031192499999999984,0.057042499999999996,0.06707999999999997,0.317935,0.21219749999999998,0.12441750000000001,330.95487668,1,"{""geodesic"":false,""type"":""Point"",""coordinates"":[38.28244079915981,-3.506147309857283]}"
00000000000000000541_0,0.2759917749134861,0.5390054,0.026187500000000002,0.031137499999999985,0.05280750000000001,0.06471500000000002,0.2160475,0.1925075,0.13734249999999998,331.92559436,1,"{""geodesic"":false,""type"":""Point"",""coordinates"":[38.282170715870095,-3.506147101951425]}"
00000000000000000542_0,0.33494414336861456,0.6042773,0.02244750000000001,0.028579999999999994,0.05176249999999999,0.06166250000000001,0.2499825,0.17752,0.10816500000000001,331.23515432,1,"{""geodesic"":false,""type"":""Point"",""coordinates"":[38.2821705089166,-3.50641848972546]}"
00000000000000000543_0,0.31856734580990137,0.54591215,0.02687500000000001,0.033585000000000004,0.061277499999999985,0.07904250000000002,0.26909500000000003,0.23001749999999999,0.15436499999999997,329.92947068,1,"{""geodesic"":false,""type"":""Point"",""coordinates"":[38.28162992796306,-3.5069608491255395]}"
00000000000000000544_0,0.38573668142688194,0.60953766,0.024785,0.03339249999999999,0.0594075,0.07412000000000002,0.30553250000000004,0.205405,0.11861500000000003,329.58766868,1,"{""geodesic"":false,""type"":""Point"",""coordinates"":[38.28135984448814,-3.506960640936564]}"
00000000000000000545_0,0.35549319678691615,0.6286908,0.018570000000000003,0.026132500000000003,0.052037500000000014,0.05987500000000001,0.2626325,0.187365,0.1044525,323.3019299,1,"{""geodesic"":false,""type"":""Point"",""coordinates"":[38.27892847008343,-3.507772926435838]}"
00000000000000000546_0,0.3426910576290492,0.6181069,0.019917500000000005,0.02756249999999999,0.05467749999999999,0.0592975,0.2512475,0.19063750000000002,0.11737750000000002,325.42452032,1,"{""geodesic"":false,""type"":""Point"",""coordinates"":[38.27838851113022,-3.5075011207779285]}"
00000000000000000547_0,0.45674956210230483,0.7687666,0.010264999999999996,0.0175525,0.043594999999999995,0.0381775,0.29203,0.13679249999999998,0.0662275,322.99089008,1,"{""geodesic"":false,""type"":""Point"",""coordinates"":[38.277307969045076,-3.5077716711418563]}"
00000000000000000548_0,0.4096007546086492,0.7525989,0.012162499999999993,0.017524999999999985,0.03971749999999999,0.03611500000000001,0.25584,0.1388275,0.07392749999999998,323.30534792000003,1,"{""geodesic"":false,""type"":""Point"",""coordinates"":[38.277038094109244,-3.5075000741938402]}"
00000000000000000549_0,0.43602372097698266,0.73998606,0.015242499999999992,0.02187,0.04744499999999999,0.041917499999999996,0.2805075,0.15453,0.08500999999999997,324.25213945999997,1,"{""geodesic"":false,""type"":""Point"",""coordinates"":[38.277308177481,-3.507500283667164]}"
0000000000000000054a_0,0.48315102761563733,0.7627059,0.01680999999999999,0.021897499999999986,0.046922500000000006,0.042137499999999994,0.31301249999999997,0.1761725,0.09023500000000001,324.17694301999995,1,"{""geodesic"":false,""type"":""Point"",""coordinates"":[38.27622805282259,-3.507228057893095]}"
0000000000000000054b_0,0.4287035234572707,0.7191287,0.015737499999999988,0.021430000000000005,0.04397999999999999,0.0473075,0.289555,0.17999500000000002,0.091555,323.0284883,1,"{""geodesic"":false,""type"":""Point"",""coordinates"":[38.27595817838648,-3.5069564607264545]}"
0000000000000000054c_0,0.3939996478909705,0.73676753,0.014279999999999987,0.019092499999999984,0.036967499999999986,0.03738,0.2466275,0.1450975,0.06944499999999998,325.198931,1,"{""geodesic"":false,""type"":""Point"",""coordinates"":[38.27568788638102,-3.5072276382747205]}"
0000000000000000054d_0,0.3939996478909705,0.73676753,0.014279999999999987,0.019092499999999984,0.036967499999999986,0.03738,0.2466275,0.1450975,0.06944499999999998,325.198931,1,"{""geodesic"":false,""type"":""Point"",""coordinates"":[38.27568788638102,-3.5072276382747205]}"
0000000000000000054e_0,0.3939996478909705,0.73676753,0.014279999999999987,0.019092499999999984,0.036967499999999986,0.03738,0.2466275,0.1450975,0.06944499999999998,325.198931,1,"{""geodesic"":false,""type"":""Point"",""coordinates"":[38.27568788638102,-3.5072276382747205]}"
0000000000000000054f_0,0.3232711773100586,0.52335054,0.034025,0.0443925,0.07032499999999997,0.08567000000000002,0.2737975,0.2587275,0.170095,327.80688025999996,1,"{""geodesic"":false,""type"":""Point"",""coordinates"":[38.275147929030915,-3.5069558309956315]}"
00000000000000000550_0,0.36043969091035016,0.6732243,0.01331750000000001,0.020137500000000003,0.04587749999999999,0.04862749999999999,0.2489925,0.17158,0.09372750000000002,322.20816349999996,1,"{""geodesic"":false,""type"":""Point"",""coordinates"":[38.27487826410464,-3.506412846261247]}"
00000000000000000551_0,0.4170263374959237,0.6836185,0.018102499999999994,0.025719999999999993,0.05363249999999997,0.055337499999999984,0.2944775,0.20958500000000002,0.1250775,320.2769822,1,"{""geodesic"":false,""type"":""Point"",""coordinates"":[38.274608808541636,-3.5055984741844]}"
00000000000000000552_0,0.3126460684339557,0.54454625,0.026489999999999986,0.0355375,0.060425000000000006,0.07538499999999998,0.2556475,0.24176000000000003,0.14429999999999998,321.24428186,1,"{""geodesic"":false,""type"":""Point"",""coordinates"":[38.274338516698926,-3.5058696513494656]}"
00000000000000000553_0,0.2960971574672884,0.53954315,0.021320000000000006,0.030395000000000005,0.05830750000000001,0.07392749999999998,0.2471775,0.23304249999999999,0.13970749999999998,320.85462758,1,"{""geodesic"":false,""type"":""Point"",""coordinates"":[38.27460859944093,-3.505869861507473]}"
00000000000000000554_0,0.3126460684339557,0.54454625,0.026489999999999986,0.0355375,0.060425000000000006,0.07538499999999998,0.2556475,0.24176000000000003,0.14429999999999998,321.24428186,1,"{""geodesic"":false,""type"":""Point"",""coordinates"":[38.274338516698926,-3.5058696513494656]}"
00000000000000000555_0,0.309124394060842,0.5360063,0.030257499999999993,0.03694,0.06479750000000001,0.0771175,0.25529,0.252265,0.15494249999999998,320.91615193999996,1,"{""geodesic"":false,""type"":""Point"",""coordinates"":[38.2740686432296,-3.5055980538227893]}"
00000000000000000556_0,0.3108299499575111,0.52235126,0.03069749999999999,0.040569999999999995,0.06875749999999997,0.08278249999999998,0.2638425,0.24242000000000002,0.1529625,324.344426,1,"{""geodesic"":false,""type"":""Point"",""coordinates"":[38.273797932546465,-3.506412005342302]}"
00000000000000000557_0,0.36048528470592595,0.600531,0.024317499999999992,0.03053249999999999,0.05709750000000002,0.07109500000000002,0.2848525,0.23296,0.1322275,322.75846472,1,"{""geodesic"":false,""type"":""Point"",""coordinates"":[38.27298789364939,-3.5061399866097345]}"
00000000000000000558_0,0.3732543652490843,0.61189437,0.023932499999999995,0.030945,0.060755,0.07002249999999999,0.29082,0.24659999999999999,0.15367750000000002,322.24917974,1,"{""geodesic"":false,""type"":""Point"",""coordinates"":[38.27271760124918,-3.506411163171704]}"
00000000000000000559_0,0.3583562220669722,0.6079945,0.02448249999999999,0.031192499999999984,0.05530999999999997,0.06639250000000002,0.27234,0.21607500000000002,0.12702999999999998,323.15837306000003,1,"{""geodesic"":false,""type"":""Point"",""coordinates"":[38.27217701598162,-3.506953515958094]}"
0000000000000000055a_0,0.4703444035660098,0.74268675,0.02156749999999999,0.02541750000000001,0.04827000000000001,0.04519000000000001,0.306055,0.180765,0.1015375,322.66276016,1,"{""geodesic"":false,""type"":""Point"",""coordinates"":[38.27217722584823,-3.506682128788359]}"
0000000000000000055b_0,0.3423304805793286,0.5987002,0.024757499999999988,0.0322375,0.05811499999999997,0.06422,0.25584,0.20601000000000003,0.12769000000000003,324.52899908,1,"{""geodesic"":false,""type"":""Point"",""coordinates"":[38.27190735294766,-3.5064105307223588]}"
0000000000000000055c_0,0.3209081092658201,0.5366946,0.02464749999999999,0.03394249999999999,0.06444,0.08536749999999999,0.2831475,0.2708,0.165035,324.61786759999995,1,"{""geodesic"":false,""type"":""Point"",""coordinates"":[38.2719065131371,-3.507496079332673]}"
0000000000000000055d_0,0.3379738908425261,0.5859095,0.02318999999999999,0.0324025,0.056987500000000024,0.06818000000000002,0.26112,0.20823750000000002,0.12381249999999999,326.05685402,1,"{""geodesic"":false,""type"":""Point"",""coordinates"":[38.27163600993202,-3.508038642557184]}"
0000000000000000055e_0,0.3379738908425261,0.5859095,0.02318999999999999,0.0324025,0.056987500000000024,0.06818000000000002,0.26112,0.20823750000000002,0.12381249999999999,326.05685402,1,"{""geodesic"":false,""type"":""Point"",""coordinates"":[38.27163600993202,-3.508038642557184]}"
0000000000000000055f_0,0.3625253055409762,0.59864366,0.024867499999999987,0.032649999999999985,0.060755,0.07131500000000002,0.284055,0.23774499999999998,0.14672000000000002,325.05879217999995,1,"{""geodesic"":false,""type"":""Point"",""coordinates"":[38.271365716564674,-3.508309818520493]}"
00000000000000000560_0,0.37739835212322576,0.64338976,0.017689999999999984,0.027150000000000007,0.05363249999999997,0.059902500000000025,0.2760525,0.21349,0.12689250000000002,324.59735948,1,"{""geodesic"":false,""type"":""Point"",""coordinates"":[38.27109563331779,-3.5083096072764706]}"
00000000000000000561_0,0.32081557424259877,0.5806849,0.019147499999999984,0.028799999999999992,0.06169000000000002,0.06636500000000001,0.250175,0.2024625,0.12612250000000003,324.74775236,1,"{""geodesic"":false,""type"":""Point"",""coordinates"":[38.271095423041544,-3.508580994371187]}"
00000000000000000562_0,0.3081412097051473,0.5504399,0.018872499999999987,0.029872499999999996,0.060012500000000024,0.07447749999999997,0.2568575,0.219045,0.13522499999999998,325.02803,1,"{""geodesic"":false,""type"":""Point"",""coordinates"":[38.271095212748925,-3.5088523814643136]}"
00000000000000000563_0,0.340387938941616,0.62544656,0.015050000000000008,0.0234925,0.05442999999999998,0.05806,0.2519625,0.18302000000000002,0.11578250000000001,325.57149518,1,"{""geodesic"":false,""type"":""Point"",""coordinates"":[38.27109500243995,-3.50912376855585]}"
00000000000000000564_0,0.2920428755293124,0.60456324,0.00988,0.01843249999999999,0.0446675,0.0534675,0.216955,0.17823499999999998,0.10384749999999998,325.13740664,1,"{""geodesic"":false,""type"":""Point"",""coordinates"":[38.27082470857245,-3.50939494425796]}"
00000000000000000565_0,0.2920428755293124,0.60456324,0.00988,0.01843249999999999,0.0446675,0.0534675,0.216955,0.17823499999999998,0.10384749999999998,325.13740664,1,"{""geodesic"":false,""type"":""Point"",""coordinates"":[38.27082470857245,-3.50939494425796]}"
00000000000000000566_0,0.30573100321618163,0.57078034,0.0173325,0.02814,0.05712499999999998,0.06526500000000002,0.23884500000000003,0.20689000000000002,0.12680999999999998,325.61934746,1,"{""geodesic"":false,""type"":""Point"",""coordinates"":[38.270554414549125,-3.5096661198474055]}"
00000000000000000567_0,0.36662070060218854,0.65630424,0.019065,0.02530750000000001,0.0505525,0.05321999999999999,0.2564725,0.1926175,0.11559000000000003,324.13250876,1,"{""geodesic"":false,""type"":""Point"",""coordinates"":[38.270014247390876,-3.5096656966474535]}"
00000000000000000568_0,0.39493527393447436,0.7177712,0.015545000000000003,0.020192500000000002,0.04205500000000001,0.042192499999999994,0.2568025,0.17686000000000002,0.1048925,323.8146329,1,"{""geodesic"":false,""type"":""Point"",""coordinates"":[38.269744163836336,-3.509665484930027]}"
00000000000000000569_0,0.30965338610634147,0.57314485,0.019339999999999996,0.028772500000000006,0.0568225,0.06537500000000002,0.240935,0.20064749999999998,0.125985,325.7629043,1,"{""geodesic"":false,""type"":""Point"",""coordinates"":[38.27028412036994,-3.5099372953241703]}"
0000000000000000056a_0,0.3782030458792731,0.66098684,0.014554999999999985,0.022584999999999994,0.05137750000000002,0.05583250000000001,0.27355,0.18934499999999999,0.10629499999999997,324.52558106000004,1,"{""geodesic"":false,""type"":""Point"",""coordinates"":[38.26920357495289,-3.5102078352025514]}"
0000000000000000056b_0,0.2859899949110392,0.52784336,0.022227499999999983,0.0326225,0.061305,0.07326749999999999,0.237085,0.236205,0.16063500000000003,327.74193788,1,"{""geodesic"":false,""type"":""Point"",""coordinates"":[38.26866171844896,-3.512378506596456]}"
0000000000000000056c_0,0.2548718531998787,0.5060911,0.01551749999999999,0.02698500000000001,0.05588749999999998,0.0721675,0.2200625,0.21879749999999998,0.14149499999999998,326.91135901999996,1,"{""geodesic"":false,""type"":""Point"",""coordinates"":[38.26866235202136,-3.511564345817416]}"
0000000000000000056d_0,0.3385933846620425,0.64507437,0.009742499999999987,0.020192500000000002,0.04810500000000001,0.05236750000000001,0.2427225,0.1785925,0.10585499999999998,327.03440774,1,"{""geodesic"":false,""type"":""Point"",""coordinates"":[38.268661929656176,-3.5121071196717004]}"
0000000000000000056e_0,0.40065982055169397,0.68100715,0.014197500000000002,0.02239250000000001,0.052312499999999984,0.054127499999999995,0.28523750000000003,0.20895249999999999,0.1165525,326.74729406,1,"{""geodesic"":false,""type"":""Point"",""coordinates"":[38.268392690458654,-3.5110213597656315]}"
0000000000000000056f_0,0.3219350248992175,0.5735751,0.018515000000000004,0.029707499999999998,0.05720750000000002,0.06939000000000001,0.25606,0.19874999999999998,0.11168499999999998,327.1813826,1,"{""geodesic"":false,""type"":""Point"",""coordinates"":[38.268122606612884,-3.511021147496165]}"
00000000000000000570_0,0.3880477096863672,0.6426144,0.0204125,0.0293225,0.05756499999999998,0.06204749999999998,0.2851825,0.22272999999999998,0.134345,326.9592113,1,"{""geodesic"":false,""type"":""Point"",""coordinates"":[38.26839290166172,-3.5107499728493625]}"
00000000000000000571_0,0.26393485783060033,0.4950379,0.01837749999999999,0.03242999999999999,0.06133250000000001,0.07873999999999998,0.23312500000000003,0.212335,0.132805,328.26831296,1,"{""geodesic"":false,""type"":""Point"",""coordinates"":[38.26866150722532,-3.51264989351962]}"
00000000000000000572_0,0.2765556848608706,0.50929797,0.024345000000000006,0.03328249999999999,0.05803249999999999,0.0774475,0.2382125,0.23672749999999998,0.15288000000000002,332.14434764,1,"{""geodesic"":false,""type"":""Point"",""coordinates"":[38.27946946838025,-3.5066877938137746]}"
00000000000000000573_0,0.36850357345543044,0.6279018,0.022035,0.029102500000000003,0.05176249999999999,0.0624325,0.27313750000000003,0.20243499999999998,0.11814750000000002,332.31524864,1,"{""geodesic"":false,""type"":""Point"",""coordinates"":[38.2840619183654,-3.5053343919797393]}"
00000000000000000574_0,0.3470241046123339,0.5726835,0.028167499999999984,0.0355925,0.06045250000000002,0.07612750000000001,0.2801775,0.21439750000000002,0.12826749999999998,329.38942352000004,1,"{""geodesic"":false,""type"":""Point"",""coordinates"":[38.28379183521262,-3.505334184591504]}"
00000000000000000575_0,0.20131017582911093,0.39477167,0.034574999999999995,0.0418075,0.06705250000000001,0.08693499999999998,0.200345,0.2097775,0.15972750000000002,332.09307734000004,1,"{""geodesic"":false,""type"":""Point"",""coordinates"":[38.29621547392835,-3.5056150321174555]}"
00000000000000000576_0,0.3752608687172085,0.65106976,0.018240000000000006,0.026489999999999986,0.0532475,0.0567125,0.2683525,0.1952025,0.1199075,330.61991072,1,"{""geodesic"":false,""type"":""Point"",""coordinates"":[38.2956755090617,-3.5053432356916923]}"
00000000000000000577_0,0.3387732079007247,0.588448,0.02162249999999999,0.031164999999999998,0.058555000000000024,0.0681525,0.26304500000000003,0.2164875,0.14069749999999998,326.97971942000004,1,"{""geodesic"":false,""type"":""Point"",""coordinates"":[38.29432529341413,-3.5050708262823354]}"
00000000000000000578_0,0.27553841395043116,0.53552914,0.020192500000000002,0.02803,0.05555749999999998,0.06798749999999998,0.224765,0.20534999999999998,0.138525,326.4635984,1,"{""geodesic"":false,""type"":""Point"",""coordinates"":[38.293785126066894,-3.505070417403]}"
00000000000000000579_0,0.29616082567766816,0.5609788,0.018680000000000002,0.025279999999999997,0.05555749999999998,0.06743749999999998,0.23978,0.19344250000000002,0.128845,327.61205312,1,"{""geodesic"":false,""type"":""Point"",""coordinates"":[38.293244755084935,-3.505341396647657]}"
0000000000000000057a_0,0.3911605925317093,0.6407321,0.0172775,0.02803,0.05599749999999998,0.06457750000000001,0.2949175,0.217175,0.13121,327.76244599999995,1,"{""geodesic"":false,""type"":""Point"",""coordinates"":[38.29297487516498,-3.5050698034974994]}"
0000000000000000057b_0,0.3911605925317093,0.6407321,0.0172775,0.02803,0.05599749999999998,0.06457750000000001,0.2949175,0.217175,0.13121,327.76244599999995,1,"{""geodesic"":false,""type"":""Point"",""coordinates"":[38.29297487516498,-3.5050698034974994]}"
0000000000000000057c_0,0.28678196298718794,0.560878,0.015352499999999991,0.024510000000000004,0.05332999999999999,0.06419249999999999,0.22817500000000002,0.19346999999999998,0.12144749999999999,326.79514634,1,"{""geodesic"":false,""type"":""Point"",""coordinates"":[38.293515042417056,-3.505070212846033]}"
0000000000000000057d_0,0.30216999411951845,0.53201306,0.02844250000000001,0.03691249999999999,0.0652375,0.07582499999999998,0.2482225,0.24489500000000003,0.1638525,327.03440774,1,"{""geodesic"":false,""type"":""Point"",""coordinates"":[38.24162763437002,-3.5441089546751794]}"
0000000000000000057e_0,0.27793801217781444,0.47246808,0.030862499999999987,0.04235749999999999,0.07158999999999999,0.09320499999999998,0.2601575,0.2576275,0.15818749999999998,326.75071207999997,1,"{""geodesic"":false,""type"":""Point"",""coordinates"":[38.241357321531794,-3.5443801176159817]}"
0000000000000000057f_0,0.3656309765215803,0.65744764,0.012685000000000002,0.02134749999999999,0.050167499999999976,0.05451250000000002,0.26376,0.19638499999999998,0.1112725,326.70969584,1,"{""geodesic"":false,""type"":""Point"",""coordinates"":[38.240816474081164,-3.5451938281591047]}"
00000000000000000580_0,0.27420399851906685,0.50086457,0.021595000000000003,0.032759999999999984,0.06389,0.08118750000000002,0.24412499999999998,0.251935,0.16124,326.63791742,1,"{""geodesic"":false,""type"":""Point"",""coordinates"":[38.24054616067495,-3.545464990736819]}"
00000000000000000581_0,0.3217987775670134,0.5722051,0.023574999999999985,0.031055,0.05910500000000002,0.06906000000000001,0.253805,0.2502575,0.16368749999999999,326.7541301,1,"{""geodesic"":false,""type"":""Point"",""coordinates"":[38.240005754979485,-3.5457359305978358]}"
00000000000000000582_0,0.2795857307249713,0.48303932,0.029734999999999984,0.03988249999999999,0.06994,0.08938249999999998,0.2564175,0.2787475,0.18092999999999998,326.95579327999997,1,"{""geodesic"":false,""type"":""Point"",""coordinates"":[38.239735662864746,-3.5457357079168785]}"
00000000000000000583_0,0.3115117313992463,0.5664334,0.017359999999999987,0.028469999999999995,0.05690499999999998,0.0692525,0.2502025,0.2338675,0.13506,325.63985558,1,"{""geodesic"":false,""type"":""Point"",""coordinates"":[38.2394653490203,-3.546006870072493]}"
00000000000000000584_0,0.31057529126861544,0.56127286,0.021320000000000006,0.030285000000000006,0.056877500000000025,0.07002249999999999,0.249185,0.2240225,0.13767249999999998,326.2926974,1,"{""geodesic"":false,""type"":""Point"",""coordinates"":[38.238924720858996,-3.546549194038979]}"
00000000000000000585_0,0.3514732913719155,0.58658814,0.022144999999999998,0.03209999999999999,0.06361499999999998,0.07337749999999998,0.2816075,0.247315,0.15169749999999999,325.79024846,1,"{""geodesic"":false,""type"":""Point"",""coordinates"":[38.2391950350184,-3.5462780321131993]}"
00000000000000000586_0,0.33664320832931643,0.6075925,0.018515000000000004,0.026654999999999984,0.05442999999999998,0.06202000000000002,0.25408000000000003,0.21910000000000002,0.13822250000000003,326.39181998000004,1,"{""geodesic"":false,""type"":""Point"",""coordinates"":[38.23892427693088,-3.547091963790676]}"
00000000000000000587_0,0.3283551850887094,0.60866207,0.016424999999999995,0.02442749999999999,0.05080000000000001,0.060177499999999995,0.24736999999999998,0.222895,0.1295325,326.25509918,1,"{""geodesic"":false,""type"":""Point"",""coordinates"":[38.238924498903486,-3.546820578915631]}"
00000000000000000588_0,0.27301475429599475,0.48466706,0.02459249999999999,0.03757250000000001,0.06608999999999998,0.0860825,0.24800250000000001,0.2695075,0.1651725,326.57981108,1,"{""geodesic"":false,""type"":""Point"",""coordinates"":[38.23892405494118,-3.5473633486641125]}"
00000000000000000589_0,0.3010921348752472,0.55868167,0.023217500000000002,0.03047749999999999,0.05685000000000001,0.067135,0.2371125,0.22495749999999998,0.14765499999999998,326.40549206000003,1,"{""geodesic"":false,""type"":""Point"",""coordinates"":[38.24108700853618,-3.544651280441997]}"
0000000000000000058a_0,0.33553236888984606,0.6311596,0.01562749999999999,0.022584999999999994,0.0503325,0.05508999999999997,0.24363,0.19022499999999998,0.10943000000000003,326.46701642,1,"{""geodesic"":false,""type"":""Point"",""coordinates"":[38.24108678732995,-3.544922665466561]}"
0000000000000000058b_0,0.33553236888984606,0.6311596,0.01562749999999999,0.022584999999999994,0.0503325,0.05508999999999997,0.24363,0.19022499999999998,0.10943000000000003,326.46701642,1,"{""geodesic"":false,""type"":""Point"",""coordinates"":[38.24108678732995,-3.544922665466561]}"
0000000000000000058c_0,0.22143569381686862,0.37874871,0.03787499999999999,0.051102499999999995,0.08434999999999998,0.11119000000000001,0.246765,0.3117475,0.222895,325.26387338,1,"{""geodesic"":false,""type"":""Point"",""coordinates"":[38.23054490374133,-3.554955156634595]}"
0000000000000000058d_0,0.2332533759772566,0.4036267,0.03058749999999999,0.045795,0.07772249999999997,0.10668,0.2510825,0.2884,0.18695250000000002,327.7453559,1,"{""geodesic"":false,""type"":""Point"",""coordinates"":[38.23108486740626,-3.5552269928002844]}"
0000000000000000058e_0,0.2829352153456388,0.49304092,0.024730000000000002,0.03617000000000001,0.06463249999999998,0.08842,0.260405,0.27916,0.17411,324.30340976,1,"{""geodesic"":false,""type"":""Point"",""coordinates"":[38.230274809547524,-3.554954930596831]}"
0000000000000000058f_0,0.3150277342633918,0.60607237,0.016204999999999997,0.024042499999999994,0.05247750000000001,0.057152499999999995,0.23301500000000003,0.20249,0.1223825,323.93084558,1,"{""geodesic"":false,""type"":""Point"",""coordinates"":[38.229734621211755,-3.5549544782833697]}"
00000000000000000590_0,0.23692228553339664,0.4964479,0.018680000000000002,0.02792,0.05332999999999999,0.066805,0.19852999999999998,0.19437749999999998,0.12923,324.36835213999996,1,"{""geodesic"":false,""type"":""Point"",""coordinates"":[38.23000494044398,-3.5546833202192323]}"
00000000000000000591_0,0.28604392868769274,0.5478864,0.01540749999999999,0.02704000000000001,0.05434749999999999,0.067795,0.23210750000000002,0.2148925,0.1261775,324.50507294,1,"{""geodesic"":false,""type"":""Point"",""coordinates"":[38.22973484636368,-3.554683094040157]}"
00000000000000000592_0,0.2696787995956781,0.54488426,0.01645250000000001,0.025582500000000008,0.05132249999999999,0.06312000000000001,0.21426,0.21354499999999998,0.13566499999999998,324.20428718,1,"{""geodesic"":false,""type"":""Point"",""coordinates"":[38.22946452706981,-3.5549542520076733]}"
00000000000000000593_0,0.274516011435369,0.5112768,0.022227499999999983,0.033420000000000005,0.0597375,0.07522000000000001,0.2326025,0.2305125,0.1441075,326.4635984,1,"{""geodesic"":false,""type"":""Point"",""coordinates"":[38.22946430182166,-3.555225636231959]}"
00000000000000000594_0,0.3214731897456399,0.5869769,0.023767499999999997,0.03157750000000001,0.05572250000000001,0.06224000000000002,0.2391475,0.20925500000000002,0.13792,325.80392054000004,1,"{""geodesic"":false,""type"":""Point"",""coordinates"":[38.22838437622173,-3.5546819619552092]}"
00000000000000000595_0,0.27389851923463476,0.48857966,0.02901999999999999,0.03966249999999999,0.06672250000000002,0.08237,0.23975249999999998,0.25072500000000003,0.17202,326.5319588,1,"{""geodesic"":false,""type"":""Point"",""coordinates"":[38.22865469566582,-3.554410804355284]}"
00000000000000000596_0,0.24838156260959396,0.46654904,0.027095000000000008,0.036032499999999995,0.06301000000000001,0.08239750000000001,0.22652499999999998,0.2562525,0.18159000000000003,326.4977786,1,"{""geodesic"":false,""type"":""Point"",""coordinates"":[38.229194883547436,-3.554411257233905]}"
00000000000000000597_0,0.2572246618977915,0.4640215,0.0265175,0.03751750000000001,0.06732749999999998,0.08875,0.24242000000000002,0.2495425,0.1594525,327.69066757999997,1,"{""geodesic"":false,""type"":""Point"",""coordinates"":[38.23811222137486,-3.549262372836162]}"
00000000000000000598_0,0.30530530530530525,0.5154165,0.030862499999999987,0.040047499999999986,0.06851000000000002,0.0843775,0.26387,0.2462975,0.1398725,326.66526158,1,"{""geodesic"":false,""type"":""Point"",""coordinates"":[38.237571590295744,-3.549804695390567]}"
00000000000000000599_0,0.30524521693527995,0.50757015,0.034107499999999985,0.04263249999999999,0.07425749999999998,0.0869625,0.266235,0.2795725,0.18830000000000002,327.92992898,1,"{""geodesic"":false,""type"":""Point"",""coordinates"":[38.23865285182354,-3.5487200498215836]}"
0000000000000000059a_0,0.3322349830937079,0.5858188,0.02093500000000001,0.030312499999999992,0.05792249999999999,0.06743749999999998,0.258205,0.2279275,0.12857000000000002,327.58129094000003,1,"{""geodesic"":false,""type"":""Point"",""coordinates"":[38.23865307397748,-3.5484486649732987]}"
0000000000000000059b_0,0.2626679770927442,0.4733664,0.02844250000000001,0.03908500000000001,0.06628250000000002,0.08503749999999999,0.23791,0.2665925,0.168335,326.82249049999996,1,"{""geodesic"":false,""type"":""Point"",""coordinates"":[38.23892361091051,-3.5479061184061607]}"
0000000000000000059c_0,0.24300967753454988,0.40474194,0.038122500000000004,0.05069000000000001,0.08050000000000002,0.11009000000000002,0.25980000000000003,0.32217,0.211675,327.39671785999997,1,"{""geodesic"":false,""type"":""Point"",""coordinates"":[38.23919370360403,-3.5479063414612635]}"
0000000000000000059d_0,0.28257782843454493,0.51909477,0.027067499999999994,0.03454750000000001,0.061992500000000006,0.0745325,0.235435,0.2599925,0.1723225,326.62424534,1,"{""geodesic"":false,""type"":""Point"",""coordinates"":[38.2389238329344,-3.547634733535941]}"
0000000000000000059e_0,0.3514732913719155,0.58658814,0.022144999999999998,0.03209999999999999,0.06361499999999998,0.07337749999999998,0.2816075,0.247315,0.15169749999999999,325.79024846,1,"{""geodesic"":false,""type"":""Point"",""coordinates"":[38.2391950350184,-3.5462780321131993]}"
0000000000000000059f_0,0.29932139954255893,0.5506607,0.0174425,0.02890999999999999,0.05926999999999999,0.0710675,0.24525249999999998,0.22506750000000003,0.145125,326.09103422,1,"{""geodesic"":false,""type"":""Point"",""coordinates"":[38.23919525686099,-3.5460066472162275]}"
000000000000000005a0_0,0.2528028617545697,0.42146847,0.032594999999999985,0.04653750000000001,0.08072000000000001,0.109375,0.2687375,0.329595,0.22281250000000002,327.1813826,1,"{""geodesic"":false,""type"":""Point"",""coordinates"":[38.2391954786865,-3.5457352623176486]}"
000000000000000005a1_0,0.2846595953460119,0.4951016,0.027122499999999994,0.039222499999999993,0.07082,0.08542250000000001,0.2529525,0.252705,0.16184500000000002,326.74387604000003,1,"{""geodesic"":false,""type"":""Point"",""coordinates"":[38.23946557076709,-3.5457354851568166]}"
000000000000000005a2_0,0.35337411584783035,0.61593336,0.018625000000000003,0.02781,0.0539075,0.06339499999999998,0.26673,0.23213499999999998,0.146115,332.68097678000004,1,"{""geodesic"":false,""type"":""Point"",""coordinates"":[38.243248846721904,-3.543296130137125]}"
000000000000000005a3_0,0.3604686665140067,0.6240221,0.018845,0.027315000000000006,0.056217499999999976,0.06259749999999997,0.2703875,0.210795,0.1349225,332.38019102,1,"{""geodesic"":false,""type"":""Point"",""coordinates"":[38.2432490671965,-3.5430247449666514]}"
000000000000000005a4_0,0.3014404053104546,0.5109883,0.027782499999999988,0.03903000000000001,0.07010499999999997,0.08580749999999998,0.265135,0.27685,0.19138,331.81963573999997,1,"{""geodesic"":false,""type"":""Point"",""coordinates"":[38.24351959948653,-3.5424821960693933]}"
000000000000000005a5_0,0.3014404053104546,0.5109883,0.027782499999999988,0.03903000000000001,0.07010499999999997,0.08580749999999998,0.265135,0.27685,0.19138,331.81963573999997,1,"{""geodesic"":false,""type"":""Point"",""coordinates"":[38.24351959948653,-3.5424821960693933]}"
000000000000000005a6_0,0.3104627600561143,0.51858765,0.027480000000000004,0.038892499999999997,0.0713975,0.08644000000000002,0.27267,0.2574625,0.1725425,331.64531672,1,"{""geodesic"":false,""type"":""Point"",""coordinates"":[38.24378969089535,-3.5424824174388676]}"
000000000000000005a7_0,0.28511605534439344,0.52389205,0.022144999999999998,0.03163250000000001,0.06122250000000001,0.07555,0.241815,0.24525249999999998,0.15626250000000003,331.1633759,1,"{""geodesic"":false,""type"":""Point"",""coordinates"":[38.243789911161656,-3.5422110322295692]}"
000000000000000005a8_0,0.27494228310850777,0.5164622,0.021292499999999992,0.031549999999999995,0.06003999999999998,0.0742025,0.2327125,0.21250000000000002,0.13129249999999998,332.88605798000003,1,"{""geodesic"":false,""type"":""Point"",""coordinates"":[38.243790131410975,-3.5419396470186655]}"
000000000000000005a9_0,0.3163578009145134,0.56796753,0.024262499999999992,0.03157750000000001,0.05734499999999998,0.06845499999999999,0.2484425,0.22484749999999998,0.14157750000000002,332.61261637999996,1,"{""geodesic"":false,""type"":""Point"",""coordinates"":[38.24379035164332,-3.5416682618061563]}"
000000000000000005aa_0,0.3286670724284845,0.57726836,0.02552750000000001,0.0324575,0.057152499999999995,0.06851000000000002,0.25562,0.21128999999999998,0.1300825,330.70877924,1,"{""geodesic"":false,""type"":""Point"",""coordinates"":[38.24406066296991,-3.5413970978145057]}"
000000000000000005ab_0,0.3054647049288187,0.5263052,0.030945,0.0385625,0.0660075,0.07928999999999997,0.2554825,0.22493000000000002,0.150295,331.27958858,1,"{""geodesic"":false,""type"":""Point"",""coordinates"":[38.244330974139224,-3.5411259337082583]}"
000000000000000005ac_0,0.2951246495126558,0.518709,0.029349999999999987,0.037489999999999996,0.06457750000000001,0.07895999999999997,0.24915750000000003,0.24561,0.15981,330.99931094,1,"{""geodesic"":false,""type"":""Point"",""coordinates"":[38.24433141417056,-3.5405831632040377]}"
000000000000000005ad_0,0.2951246495126558,0.518709,0.029349999999999987,0.037489999999999996,0.06457750000000001,0.07895999999999997,0.24915750000000003,0.24561,0.15981,330.99931094,1,"{""geodesic"":false,""type"":""Point"",""coordinates"":[38.24433141417056,-3.5405831632040377]}"
000000000000000005ae_0,0.3428690171088177,0.62060374,0.021017499999999995,0.027837499999999987,0.05352249999999997,0.058252499999999985,0.24882749999999998,0.18024250000000003,0.10876999999999998,331.12577768,1,"{""geodesic"":false,""type"":""Point"",""coordinates"":[38.24406154334706,-3.5403115568740176]}"
000000000000000005af_0,0.3130479931816178,0.5765165,0.02145749999999999,0.029872499999999996,0.05712499999999998,0.06455,0.24030250000000003,0.19226,0.115975,331.50859592,1,"{""geodesic"":false,""type"":""Point"",""coordinates"":[38.2440617633989,-3.540040171634884]}"
000000000000000005b0_0,0.3552891153205263,0.61573976,0.018927499999999986,0.028524999999999995,0.05877500000000002,0.06367,0.26772,0.1975675,0.13082500000000002,331.55303018,1,"{""geodesic"":false,""type"":""Point"",""coordinates"":[38.24487291474971,-3.5389552933971244]}"
000000000000000005b1_0,0.3383601994223235,0.62747794,0.010209999999999997,0.021127499999999994,0.04829749999999999,0.05795,0.2531725,0.19132500000000002,0.1108325,328.10766602,1,"{""geodesic"":false,""type"":""Point"",""coordinates"":[38.24514300522136,-3.5389555141508238]}"
000000000000000005b2_0,0.3341986025437054,0.61651766,0.009687499999999988,0.019972500000000004,0.053385000000000016,0.06144250000000001,0.2590025,0.2218775,0.13726,328.21704266,1,"{""geodesic"":false,""type"":""Point"",""coordinates"":[38.24541309570995,-3.538955734825569]}"
000000000000000005b3_0,0.3643955664646774,0.6459291,0.012162499999999993,0.023464999999999986,0.0532475,0.05729000000000001,0.2663175,0.1890425,0.10571750000000002,327.09251408,1,"{""geodesic"":false,""type"":""Point"",""coordinates"":[38.245953496154925,-3.5386847905722516]}"
000000000000000005b4_0,0.3297970479704797,0.5681572,0.020192500000000002,0.030560000000000004,0.061002500000000015,0.07472499999999999,0.27135,0.23738750000000003,0.146225,330.16531406,1,"{""geodesic"":false,""type"":""Point"",""coordinates"":[38.24622358661576,-3.5386850109931887]}"
000000000000000005b5_0,0.3297970479704797,0.5681572,0.020192500000000002,0.030560000000000004,0.061002500000000015,0.07472499999999999,0.27135,0.23738750000000003,0.146225,330.16531406,1,"{""geodesic"":false,""type"":""Point"",""coordinates"":[38.24622358661576,-3.5386850109931887]}"
000000000000000005b6_0,0.32518896949899345,0.5847077,0.018267499999999992,0.02781,0.05819750000000001,0.06688749999999999,0.255235,0.21643250000000003,0.13519750000000003,329.2834649,1,"{""geodesic"":false,""type"":""Point"",""coordinates"":[38.24649389633641,-3.538413845933743]}"
000000000000000005b7_0,0.30037135475028465,0.4973341,0.034877500000000006,0.043292499999999984,0.07365250000000001,0.09015250000000002,0.268545,0.2686,0.17578749999999999,329.60134075999997,1,"{""geodesic"":false,""type"":""Point"",""coordinates"":[38.24622402524173,-3.5381422402225944]}"
000000000000000005b8_0,0.3483295185705218,0.5996418,0.020192500000000002,0.03133,0.061195,0.06650250000000002,0.2657125,0.21261000000000002,0.12824000000000002,328.3264193,1,"{""geodesic"":false,""type"":""Point"",""coordinates"":[38.247034515306325,-3.537871515471613]}"
000000000000000005b9_0,0.3110548231727208,0.59092945,0.012272499999999992,0.023629999999999984,0.05299999999999999,0.06171749999999998,0.2400275,0.20713750000000003,0.12554500000000002,328.95533498,1,"{""geodesic"":false,""type"":""Point"",""coordinates"":[38.2478447862355,-3.5378721753979643]}"
000000000000000005ba_0,0.24005845842956125,0.4237752,0.029734999999999984,0.042495000000000005,0.07425749999999998,0.0995025,0.2458575,0.251165,0.19143500000000002,330.3601412,1,"{""geodesic"":false,""type"":""Point"",""coordinates"":[38.2483849669394,-3.5378726149542152]}"
000000000000000005bb_0,0.29195797171327553,0.57239664,0.020632499999999998,0.027865,0.05478749999999999,0.059709999999999985,0.21956750000000003,0.18832749999999998,0.11685499999999999,328.14526423999996,1,"{""geodesic"":false,""type"":""Point"",""coordinates"":[38.248385404207056,-3.5373298439033056]}"
000000000000000005bc_0,0.2478195273931635,0.42640302,0.03394249999999999,0.0441725,0.07964749999999998,0.10269250000000002,0.2553725,0.25520750000000003,0.19514750000000003,329.08521973999996,1,"{""geodesic"":false,""type"":""Point"",""coordinates"":[38.248925803115725,-3.537058897514648]}"
000000000000000005bd_0,0.3282976484397133,0.6102386,0.02140249999999999,0.02912999999999999,0.05305500000000002,0.056987500000000024,0.235435,0.17878500000000003,0.10577249999999999,327.44798816,1,"{""geodesic"":false,""type"":""Point"",""coordinates"":[38.248926458368835,-3.536244740820122]}"
000000000000000005be_0,0.33153027394870016,0.62231797,0.022887500000000005,0.028717500000000007,0.05431999999999998,0.0539075,0.23155750000000003,0.18549500000000002,0.11388500000000001,324.99726782,1,"{""geodesic"":false,""type"":""Point"",""coordinates"":[38.248926895119915,-3.5357019696824246]}"
000000000000000005bf_0,0.28231155199261787,0.5250951,0.02453749999999999,0.03231999999999999,0.058362499999999984,0.07304749999999999,0.23458250000000003,0.212665,0.1368475,329.90896255999996,1,"{""geodesic"":false,""type"":""Point"",""coordinates"":[38.249197203174425,-3.5354308034611326]}"
000000000000000005c0_0,0.26698467328845016,0.5183389,0.026434999999999986,0.03388749999999999,0.06180000000000002,0.067795,0.21371,0.2018025,0.13800250000000003,330.1208798,1,"{""geodesic"":false,""type"":""Point"",""coordinates"":[38.2491974214293,-3.535159417871399]}"
000000000000000005c1_0,0.32309379600628413,0.5615399,0.0294325,0.03729750000000001,0.06688749999999999,0.07021499999999997,0.250065,0.21038250000000003,0.15222000000000002,331.53594008,1,"{""geodesic"":false,""type"":""Point"",""coordinates"":[38.24946751107194,-3.535159637125611]}"
000000000000000005c2_0,0.35815105811749837,0.6301916,0.022474999999999995,0.028854999999999992,0.05572250000000001,0.058555000000000024,0.25812250000000003,0.19803500000000002,0.12397750000000002,331.41289136,1,"{""geodesic"":false,""type"":""Point"",""coordinates"":[38.24946772923147,-3.534888251517402]}"
000000000000000005c3_0,0.26023409484669,0.5183824,0.0234375,0.03187999999999999,0.054649999999999976,0.0660075,0.2081,0.20185750000000002,0.1304125,330.41824754,1,"{""geodesic"":false,""type"":""Point"",""coordinates"":[38.249197639667315,-3.534888032280062]}"
000000000000000005c4_0,0.326176258416159,0.6169491,0.01988999999999999,0.02610499999999999,0.05225750000000001,0.055584999999999996,0.2346375,0.180435,0.10728500000000002,331.43681749999996,1,"{""geodesic"":false,""type"":""Point"",""coordinates"":[38.24946794737414,-3.534616865907591]}"
000000000000000005c5_0,0.32874045997029144,0.6512731,0.01639750000000001,0.022007499999999985,0.046619999999999995,0.0472525,0.2237475,0.1644025,0.09730250000000001,330.94804064,1,"{""geodesic"":false,""type"":""Point"",""coordinates"":[38.24946816549997,-3.5343454802961776]}"
000000000000000005c6_0,0.37307899361103486,0.6756467,0.0174975,0.025032499999999985,0.05005749999999998,0.048490000000000005,0.250505,0.1710025,0.09702749999999999,330.7190333,1,"{""geodesic"":false,""type"":""Point"",""coordinates"":[38.249738472954505,-3.534074313791039]}"
000000000000000005c7_0,0.3779497060225648,0.6581891,0.02145749999999999,0.027370000000000005,0.05286249999999998,0.05434749999999999,0.26365,0.19335999999999998,0.11867,330.77030360000003,1,"{""geodesic"":false,""type"":""Point"",""coordinates"":[38.2500087802521,-3.533803147171726]}"
000000000000000005c8_0,0.3392320067146954,0.63537836,0.018405000000000005,0.024757499999999988,0.05025000000000002,0.0535775,0.24030250000000003,0.180545,0.10995250000000001,330.95487668,1,"{""geodesic"":false,""type"":""Point"",""coordinates"":[38.25027908739278,-3.5335319804382577]}"
000000000000000005c9_0,0.3308380099879387,0.6016744,0.022804999999999992,0.030147499999999994,0.056520000000000015,0.060425000000000006,0.24297000000000002,0.18604500000000002,0.12197000000000002,331.58037434,1,"{""geodesic"":false,""type"":""Point"",""coordinates"":[38.25054961210431,-3.5329894279038006]}"
000000000000000005ca_0,0.28192323043524825,0.5398682,0.02239250000000001,0.0295975,0.05489749999999999,0.06787749999999998,0.2271575,0.21296749999999998,0.1362425,331.42314541999997,1,"{""geodesic"":false,""type"":""Point"",""coordinates"":[38.250549829815235,-3.5327180422153477]}"
000000000000000005cb_0,0.2817094051731998,0.5512738,0.02484,0.030862499999999987,0.05508999999999997,0.06224000000000002,0.2151675,0.1852475,0.126975,331.04716322,1,"{""geodesic"":false,""type"":""Point"",""coordinates"":[38.250820136451566,-3.532446875216736]}"
000000000000000005cc_0,0.3253820423050292,0.5783726,0.02470249999999999,0.0322375,0.05517250000000001,0.06688749999999999,0.250395,0.20612000000000003,0.12455500000000003,330.59256656,1,"{""geodesic"":false,""type"":""Point"",""coordinates"":[38.25109044293102,-3.5321757081040355]}"
0000000000000000077a_0,0.43834872897966565,0.74799246,0.015710000000000002,0.020632499999999998,0.04538249999999999,0.040404999999999996,0.28026,0.1743575,0.09878749999999997,320.04113882,1,"{""geodesic"":false,""type"":""Point"",""coordinates"":[38.259472868339834,-3.519970062841626]}"
0000000000000000077b_0,0.43610696907863755,0.7549111,0.0084225,0.016094999999999998,0.04013,0.03969,0.2841925,0.16008499999999998,0.08138000000000001,319.10801935999996,1,"{""geodesic"":false,""type"":""Point"",""coordinates"":[38.26001304014182,-3.519970493413521]}"
0000000000000000077c_0,0.4188026148709026,0.6640792,0.021210000000000007,0.028882500000000005,0.05992999999999998,0.06193749999999998,0.30682499999999996,0.223775,0.12983499999999998,319.79162336,1,"{""geodesic"":false,""type"":""Point"",""coordinates"":[38.26055256987593,-3.520785082814545]}"
0000000000000000077d_0,0.3358743161627367,0.5905374,0.021072499999999994,0.028992500000000004,0.05591499999999999,0.06754749999999998,0.262385,0.22553499999999999,0.13846999999999998,325.03828406,1,"{""geodesic"":false,""type"":""Point"",""coordinates"":[38.261092528358134,-3.5210568992690026]}"
0000000000000000077e_0,0.33579867447891654,0.60200375,0.018625000000000003,0.027425000000000005,0.05451250000000002,0.06356,0.25584,0.2132425,0.1262875,320.1402614,1,"{""geodesic"":false,""type"":""Point"",""coordinates"":[38.26082265606954,-3.520785297875488]}"
0000000000000000077f_0,0.3906574525131226,0.65648437,0.017249999999999988,0.02506,0.054237499999999994,0.059545000000000015,0.28713500000000003,0.213325,0.11803750000000002,318.72520112,1,"{""geodesic"":false,""type"":""Point"",""coordinates"":[38.26055278393731,-3.520513696435057]}"
00000000000000000780_0,0.381922021310946,0.7044124,0.01389499999999999,0.02016499999999999,0.04513500000000001,0.04367750000000001,0.2518525,0.16671249999999999,0.097385,319.2344861,1,"{""geodesic"":false,""type"":""Point"",""coordinates"":[38.2594724396416,-3.5205128354723296]}"
00000000000000000781_0,0.21550913697857446,0.37945712,0.03776499999999999,0.0472525,0.07780500000000001,0.1082475,0.24063250000000003,0.3054225,0.22795500000000002,330.18240416000003,1,"{""geodesic"":false,""type"":""Point"",""coordinates"":[38.23378715508096,-3.553600940374235]}"
00000000000000000782_0,0.189656346274957,0.33547738,0.03798499999999999,0.047554999999999986,0.079345,0.12139250000000001,0.24396,0.3412,0.267335,329.75515166,1,"{""geodesic"":false,""type"":""Point"",""coordinates"":[38.23486820192511,-3.5527876858388248]}"
00000000000000000783_0,0.23892486018242437,0.41051733,0.03325500000000001,0.04519000000000001,0.07906999999999997,0.10695500000000002,0.2559225,0.2953025,0.20603749999999998,329.2663748,1,"{""geodesic"":false,""type"":""Point"",""coordinates"":[38.235138742635186,-3.552245141186815]}"
00000000000000000784_0,0.28121320542893924,0.4717304,0.034107499999999985,0.04362250000000001,0.07246999999999998,0.09488249999999998,0.2643375,0.297585,0.1917375,327.5402747,1,"{""geodesic"":false,""type"":""Point"",""coordinates"":[38.23540928297824,-3.5517025963803444]}"
00000000000000000785_0,0.24790421395201376,0.46349466,0.024565000000000003,0.0352075,0.06350499999999998,0.084625,0.2308425,0.2600475,0.1707825,326.8054004,1,"{""geodesic"":false,""type"":""Point"",""coordinates"":[38.23027435950754,-3.5554976991476526]}"
00000000000000000786_0,0.274516011435369,0.5112768,0.022227499999999983,0.033420000000000005,0.0597375,0.07522000000000001,0.2326025,0.2305125,0.1441075,326.4635984,1,"{""geodesic"":false,""type"":""Point"",""coordinates"":[38.22946430182166,-3.555225636231959]}"
00000000000000000787_0,0.24996572055395583,0.4181338,0.0388375,0.05049749999999997,0.08253500000000003,0.10464499999999999,0.2550425,0.30602749999999995,0.21574500000000002,328.51099238,1,"{""geodesic"":false,""type"":""Point"",""coordinates"":[38.22919375691196,-3.5557681782687185]}"
00000000000000000789_0,0.263109065944261,0.4502107,0.0351525,0.045410000000000006,0.07533000000000001,0.09523999999999999,0.25122,0.27951750000000003,0.1949825,327.80346224,1,"{""geodesic"":false,""type"":""Point"",""coordinates"":[38.237030735839426,-3.5506184022188854]}"
0000000000000000078a_0,0.24892134085628934,0.4640045,0.02838750000000001,0.037077499999999985,0.06394499999999997,0.0833875,0.22776249999999998,0.255785,0.16995749999999998,327.61888916,1,"{""geodesic"":false,""type"":""Point"",""coordinates"":[38.236490326245736,-3.5508893391182705]}"
0000000000000000078b_0,0.2732792617167589,0.45071933,0.034877500000000006,0.04631750000000001,0.079565,0.1024175,0.2704975,0.2982175,0.1963025,326.97288338,1,"{""geodesic"":false,""type"":""Point"",""coordinates"":[38.23703118131557,-3.550075632748809]}"
00000000000000000dc6_0,0.33119107977501383,0.627984,0.01488500000000001,0.023574999999999985,0.047609999999999986,0.054485000000000006,0.2384325,0.20700000000000002,0.12422499999999997,327.08567804,1,"{""geodesic"":false,""type"":""Point"",""coordinates"":[38.21352371123928,-3.561182574367223]}"
00000000000000000dc7_0,0.2729448412095426,0.51264006,0.019972500000000004,0.031494999999999995,0.05841750000000001,0.07513750000000002,0.2332075,0.235435,0.14116499999999998,325.73214212,1,"{""geodesic"":false,""type"":""Point"",""coordinates"":[38.2143351461825,-3.559826352150385]}"
000000000000000002f4_0,0.15214062833110462,0.33739695,0.023162500000000003,0.03479499999999999,0.06389,0.08478999999999998,0.17114000000000001,0.21362750000000003,0.1526325,317.19051014,2,"{""geodesic"":false,""type"":""Point"",""coordinates"":[38.302935026796085,-3.5493137125421397]}"
000000000000000002f7_0,0.2048556125999819,0.48193368,0.012410000000000004,0.02250250000000001,0.04961750000000001,0.06003999999999998,0.17174499999999998,0.16564,0.1072575,314.56547078,2,"{""geodesic"":false,""type"":""Point"",""coordinates"":[38.30564227188334,-3.5409026959900194]}"
00000000000000000300_0,0.15588183747784934,0.35099852,0.02198,0.032759999999999984,0.059545000000000015,0.08140750000000002,0.16946250000000002,0.2079625,0.14782,325.68428984,2,"{""geodesic"":false,""type"":""Point"",""coordinates"":[38.29078067956854,-3.549304433782825]}"
00000000000000000301_0,0.1784809139470503,0.39046568,0.021540000000000004,0.03204499999999999,0.058609999999999995,0.07860250000000002,0.1793075,0.21062999999999998,0.1458125,324.86738306,2,"{""geodesic"":false,""type"":""Point"",""coordinates"":[38.29213219377448,-3.5479485320866804]}"
00000000000000000302_0,0.1879338253450026,0.35429367,0.0325675,0.044062500000000004,0.07271749999999999,0.102995,0.21602,0.289775,0.20700000000000002,328.26831296,2,"{""geodesic"":false,""type"":""Point"",""coordinates"":[38.29294103732395,-3.5498488713795244]}"
0000000000000000030a_0,0.23505189215375732,0.4852602,0.010704999999999992,0.023739999999999983,0.058142499999999986,0.07359749999999998,0.2123625,0.1987775,0.127525,321.71596862,2,"{""geodesic"":false,""type"":""Point"",""coordinates"":[38.309968405519506,-3.5346639840415177]}"
0000000000000000030b_0,0.2188064057759514,0.4654561,0.013537500000000008,0.026269999999999988,0.05852750000000001,0.07197500000000001,0.19732,0.1977875,0.12749749999999999,321.29555216,2,"{""geodesic"":false,""type"":""Point"",""coordinates"":[38.30996940809569,-3.5333070378358227]}"
0000000000000000030c_0,0.21678301779413434,0.45923334,0.014169999999999988,0.02588499999999999,0.0567125,0.07401000000000002,0.19971250000000002,0.188575,0.12535249999999998,321.3194783,2,"{""geodesic"":false,""type"":""Point"",""coordinates"":[38.308348249114125,-3.534119995232507]}"
0000000000000000030d_0,0.189311965971419,0.39671427,0.019339999999999996,0.03089,0.060755,0.08487250000000002,0.19649500000000003,0.21811000000000003,0.15056999999999998,322.7208665,2,"{""geodesic"":false,""type"":""Point"",""coordinates"":[38.307267877769775,-3.5341191867678123]}"
00000000000000000321_0,0.2557501845619889,0.48554975,0.022639999999999993,0.034217499999999984,0.0649075,0.07772249999999997,0.224435,0.2151675,0.13704,318.5167019,2,"{""geodesic"":false,""type"":""Point"",""coordinates"":[38.299138902988844,-3.5688508126486944]}"
00000000000000000322_0,0.25534990755674436,0.5135713,0.018460000000000004,0.02907499999999999,0.05759249999999999,0.06763000000000002,0.2104375,0.192315,0.12089749999999999,320.95375016,2,"{""geodesic"":false,""type"":""Point"",""coordinates"":[38.295083435017915,-3.574004078835031]}"
0000000000000000032e_0,0.2878308968787041,0.5495756,0.021650000000000003,0.030395000000000005,0.05784,0.0656775,0.22594750000000002,0.20733000000000001,0.126535,319.21397798,2,"{""geodesic"":false,""type"":""Point"",""coordinates"":[38.294811880219676,-3.5759035874841576]}"
00000000000000000331_0,0.2600178562050312,0.59439015,0.013042499999999985,0.0203025,0.0442275,0.046454999999999996,0.18260749999999998,0.1328875,0.07862999999999998,317.56649233999997,2,"{""geodesic"":false,""type"":""Point"",""coordinates"":[38.27670491827534,-3.5886446385272635]}"
00000000000000000332_0,0.23577005894251474,0.62062144,0.008064999999999989,0.014664999999999984,0.034519999999999995,0.036445000000000005,0.15568500000000002,0.115535,0.0662275,317.26570658,2,"{""geodesic"":false,""type"":""Point"",""coordinates"":[38.27697587849863,-3.587559305010981]}"
00000000000000000333_0,0.2726067928250015,0.58424324,0.015380000000000005,0.022804999999999992,0.051680000000000004,0.051927500000000015,0.19787,0.16654750000000001,0.09887000000000001,313.1504105,2,"{""geodesic"":false,""type"":""Point"",""coordinates"":[38.280490235736345,-3.583762663328907]}"
00000000000000000334_0,0.23125773024435373,0.51873595,0.0174425,0.026242500000000002,0.05014000000000002,0.05676749999999997,0.17914249999999998,0.15312750000000003,0.0961475,313.93655509999996,2,"{""geodesic"":false,""type"":""Point"",""coordinates"":[38.28049087176412,-3.5829485016654825]}"
00000000000000000335_0,0.2394402561189714,0.5348608,0.01582,0.024565000000000003,0.04961750000000001,0.05544749999999998,0.182965,0.1586825,0.0993925,313.77590816,2,"{""geodesic"":false,""type"":""Point"",""coordinates"":[38.280761189127894,-3.5826773273759316]}"
00000000000000000337_0,0.19796386063851135,0.5044711,0.012052499999999994,0.020742499999999997,0.04430999999999999,0.050634999999999986,0.1537325,0.14782,0.09083999999999998,313.76907212000003,2,"{""geodesic"":false,""type"":""Point"",""coordinates"":[38.27482079645644,-3.580230142320981]}"
00000000000000000338_0,0.20457236256194794,0.526029,0.010237499999999983,0.017827499999999996,0.04486000000000001,0.048380000000000006,0.1557675,0.14672000000000002,0.08990500000000001,313.50588458,2,"{""geodesic"":false,""type"":""Point"",""coordinates"":[38.274820582955336,-3.5805015292189926]}"
00000000000000000339_0,0.18835775581647504,0.4629121,0.014114999999999989,0.0234925,0.049287499999999984,0.05819750000000001,0.15851749999999998,0.13734249999999998,0.0875125,312.54200294,2,"{""geodesic"":false,""type"":""Point"",""coordinates"":[38.275631322742846,-3.5799593985331684]}"
0000000000000000033a_0,0.177702343462435,0.44987765,0.01337250000000001,0.021320000000000006,0.050002500000000005,0.058445000000000025,0.15403499999999998,0.14091749999999997,0.09094999999999998,312.49073264000003,2,"{""geodesic"":false,""type"":""Point"",""coordinates"":[38.27563089623394,-3.5805021724285617]}"
0000000000000000033b_0,0.20201869233375186,0.4468051,0.01865249999999999,0.028634999999999994,0.0567125,0.0690325,0.180545,0.170425,0.11141000000000001,313.06837801999995,2,"{""geodesic"":false,""type"":""Point"",""coordinates"":[38.27509026047322,-3.58104451752582]}"
0000000000000000033c_0,0.14575898717437608,0.34688854,0.0173325,0.028222499999999984,0.05822499999999997,0.07761249999999997,0.16005750000000002,0.15873749999999998,0.11182249999999999,313.7656541,2,"{""geodesic"":false,""type"":""Point"",""coordinates"":[38.27671195295146,-3.5796888678821572]}"
0000000000000000033d_0,0.2841037536489714,0.5424326,0.02318999999999999,0.03058749999999999,0.05869249999999998,0.06705250000000001,0.22603,0.207165,0.13137500000000002,319.217396,2,"{""geodesic"":false,""type"":""Point"",""coordinates"":[38.27860034648612,-3.5826756216590714]}"
0000000000000000033e_0,0.1928568450892113,0.49640903,0.011419999999999986,0.019174999999999998,0.04408999999999999,0.051624999999999976,0.1534025,0.1296425,0.084845,312.1933649,2,"{""geodesic"":false,""type"":""Point"",""coordinates"":[38.27589929464256,-3.5826734823189073]}"
00000000000000000340_0,0.21611786173433423,0.49072775,0.019174999999999998,0.027315000000000006,0.051927500000000015,0.05948999999999999,0.1741375,0.1664925,0.10799999999999998,314.97221516,2,"{""geodesic"":false,""type"":""Point"",""coordinates"":[38.29021676909828,-3.5802422394391056]}"
00000000000000000341_0,0.2675955593442881,0.5142862,0.021650000000000003,0.0324575,0.06325750000000002,0.07092999999999999,0.22113500000000003,0.1966325,0.1265075,317.66561492,2,"{""geodesic"":false,""type"":""Point"",""coordinates"":[38.27617982908352,-3.5693757333500695]}"
00000000000000000342_0,0.2632595071433522,0.52401596,0.019587500000000008,0.0296525,0.0567125,0.06641999999999998,0.212665,0.17372500000000002,0.11091499999999999,317.2691246,2,"{""geodesic"":false,""type"":""Point"",""coordinates"":[38.27563983925477,-3.5691039192644896]}"
00000000000000000343_0,0.23541806151786077,0.48076993,0.01999999999999999,0.030945,0.06193749999999998,0.07101249999999998,0.20251750000000002,0.20194,0.1299725,317.59725452,2,"{""geodesic"":false,""type"":""Point"",""coordinates"":[38.275638988774936,-3.5701894673078867]}"
00000000000000000344_0,0.21752995545889886,0.5197647,0.015380000000000005,0.022584999999999994,0.04408999999999999,0.05286249999999998,0.16729,0.1501575,0.09757749999999998,314.50394642000003,2,"{""geodesic"":false,""type"":""Point"",""coordinates"":[38.29617149252344,-3.5639635461148966]}"
00000000000000000347_0,0.1646058354919114,0.4135283,0.0038849999999999996,0.01942250000000001,0.05124000000000001,0.0656775,0.15829749999999998,0.1633575,0.1103925,319.18321579999997,2,"{""geodesic"":false,""type"":""Point"",""coordinates"":[38.20628185983132,-3.501472069965667]}"
00000000000000000349_0,0.16061632305468085,0.35599273,0.025389999999999996,0.03539999999999999,0.05866500000000002,0.0806925,0.1699025,0.23287750000000002,0.16412749999999998,324.27948362,2,"{""geodesic"":false,""type"":""Point"",""coordinates"":[38.284035373578924,-3.540072029156183]}"
0000000000000000034a_0,0.1465314167588097,0.31867692,0.02833250000000001,0.03746250000000001,0.06666749999999999,0.08960249999999997,0.17342249999999998,0.223225,0.16195500000000002,325.20576703999996,2,"{""geodesic"":false,""type"":""Point"",""coordinates"":[38.2845745184911,-3.5414293863977697]}"
0000000000000000034b_0,0.1341830647146834,0.29366216,0.025857500000000005,0.037599999999999995,0.0660075,0.09372750000000002,0.1716625,0.2261125,0.16745500000000002,327.61205312,2,"{""geodesic"":false,""type"":""Point"",""coordinates"":[38.28592394678043,-3.5427873710102746]}"
0000000000000000034c_0,0.2210691190210123,0.41606525,0.023409999999999986,0.03781999999999999,0.07368000000000002,0.09315000000000001,0.2258925,0.2137925,0.1488375,324.9938498,2,"{""geodesic"":false,""type"":""Point"",""coordinates"":[38.264895572627765,-3.4931070684152274]}"
0000000000000000034d_0,0.22329906999510524,0.44357818,0.023822499999999996,0.03622500000000001,0.06586999999999998,0.078685,0.20414,0.2173675,0.15067999999999998,326.6003192,2,"{""geodesic"":false,""type"":""Point"",""coordinates"":[38.263813566633985,-3.495277313026933]}"
0000000000000000034e_0,0.23718699248404276,0.44983476,0.022804999999999992,0.036445000000000005,0.06840000000000002,0.0844875,0.2226475,0.21610250000000003,0.14820499999999998,325.7970845,2,"{""geodesic"":false,""type"":""Point"",""coordinates"":[38.26192152834745,-3.4971755291401925]}"
0000000000000000034f_0,0.20348973634563225,0.40213138,0.027425000000000005,0.03663749999999999,0.0632025,0.08864,0.20788,0.24308000000000002,0.17207499999999998,325.20234902,2,"{""geodesic"":false,""type"":""Point"",""coordinates"":[38.26003373706539,-3.493646009956456]}"
00000000000000000350_0,0.2196456587456473,0.4323695,0.025169999999999998,0.03589500000000001,0.06397249999999999,0.08289249999999998,0.20917249999999998,0.22484749999999998,0.14771,323.90691944,2,"{""geodesic"":false,""type"":""Point"",""coordinates"":[38.26111638445237,-3.4906616113343096]}"
00000000000000000351_0,0.1979314078393754,0.39259475,0.029514999999999986,0.0383425,0.06416499999999997,0.08866750000000001,0.2032875,0.25232,0.17620000000000002,324.04022222000003,2,"{""geodesic"":false,""type"":""Point"",""coordinates"":[38.25868228047738,-3.4950018730974977]}"
00000000000000000352_0,0.17572611796166993,0.35283002,0.029707499999999998,0.03886500000000001,0.06608999999999998,0.09545999999999999,0.1995475,0.255785,0.18436750000000002,324.62812166000003,2,"{""geodesic"":false,""type"":""Point"",""coordinates"":[38.257603245706704,-3.4933726980975566]}"
00000000000000000353_0,0.18333950318459247,0.37117302,0.029872499999999996,0.0383425,0.06367,0.0899875,0.19622,0.248965,0.1745775,325.32197972,2,"{""geodesic"":false,""type"":""Point"",""coordinates"":[38.257604098557245,-3.492287152660802]}"
00000000000000000354_0,0.23505253104106974,0.4610969,0.02396000000000001,0.03325500000000001,0.05987500000000001,0.07909749999999999,0.2144525,0.211675,0.14314500000000002,324.31366382,2,"{""geodesic"":false,""type"":""Point"",""coordinates"":[38.256797490740574,-3.4876729421365615]}"
00000000000000000355_0,0.21000567966679284,0.41624665,0.0265175,0.035784999999999983,0.0628725,0.08556000000000002,0.20757750000000003,0.22358250000000002,0.1608,324.58026938,2,"{""geodesic"":false,""type"":""Point"",""coordinates"":[38.25652677459639,-3.4884868868959713]}"
00000000000000000356_0,0.22705094316383856,0.4529584,0.022364999999999996,0.03168750000000001,0.059819999999999984,0.07959250000000001,0.21139999999999998,0.21932000000000001,0.157225,323.64373190000003,2,"{""geodesic"":false,""type"":""Point"",""coordinates"":[38.255716971586224,-3.487943471137915]}"
00000000000000000357_0,0.21477481970231707,0.43335885,0.02437249999999999,0.03375,0.06025999999999998,0.08052749999999997,0.2037,0.212665,0.14837,322.73453858,2,"{""geodesic"":false,""type"":""Point"",""coordinates"":[38.25490695592697,-3.4876714410968197]}"
00000000000000000358_0,0.20977350506517947,0.44946775,0.020274999999999987,0.028717500000000007,0.05393500000000001,0.07246999999999998,0.19080249999999999,0.192425,0.13585750000000002,326.21750096,2,"{""geodesic"":false,""type"":""Point"",""coordinates"":[38.25517810003393,-3.486314724550626]}"
00000000000000000359_0,0.21964464439665848,0.4664575,0.021237499999999992,0.0296525,0.05374249999999997,0.06972,0.1916275,0.18070999999999998,0.12243749999999998,324.93916148,2,"{""geodesic"":false,""type"":""Point"",""coordinates"":[38.25436872702177,-3.4852285357668893]}"
0000000000000000035a_0,0.205670396358809,0.42677757,0.02093500000000001,0.030670000000000003,0.056877500000000025,0.08011499999999999,0.19940999999999998,0.20403,0.14358500000000002,323.95818973999997,2,"{""geodesic"":false,""type"":""Point"",""coordinates"":[38.25355807241041,-3.485770663584731]}"
0000000000000000035b_0,0.19522114418281367,0.39774022,0.02610499999999999,0.034162499999999985,0.06094749999999999,0.08655000000000002,0.20086749999999998,0.23122750000000003,0.17320249999999998,324.67939196,2,"{""geodesic"":false,""type"":""Point"",""coordinates"":[38.25274827364332,-3.4852272460991496]}"
0000000000000000035c_0,0.25438300071559206,0.5005111,0.025334999999999996,0.03320000000000001,0.06094749999999999,0.07024249999999999,0.211015,0.19055500000000003,0.1266175,323.97186181999996,2,"{""geodesic"":false,""type"":""Point"",""coordinates"":[38.25139811080648,-3.484954783218952]}"
0000000000000000035d_0,0.2214833562691867,0.44717342,0.022749999999999992,0.0327325,0.061195,0.07824500000000001,0.2048275,0.20925500000000002,0.150405,326.19699284,2,"{""geodesic"":false,""type"":""Point"",""coordinates"":[38.25031737986495,-3.485496692299149]}"
0000000000000000035e_0,0.26559432773724767,0.52431446,0.0205775,0.028882500000000005,0.05800499999999997,0.06785000000000002,0.21742250000000002,0.18348750000000003,0.13024750000000002,324.71015414,2,"{""geodesic"":false,""type"":""Point"",""coordinates"":[38.25220983646202,-3.4830557269890945]}"
0000000000000000035f_0,0.23741690408357075,0.47820994,0.020329999999999987,0.030725000000000002,0.06105749999999999,0.073515,0.20826499999999998,0.2059825,0.1396525,326.10812432,2,"{""geodesic"":false,""type"":""Point"",""coordinates"":[38.251128893673695,-3.4838690236062897]}"
00000000000000000360_0,0.2235577403433048,0.45908993,0.025554999999999994,0.033915,0.05817,0.07249749999999999,0.19556,0.20557000000000003,0.1422925,326.42258216,2,"{""geodesic"":false,""type"":""Point"",""coordinates"":[38.25031716500457,-3.4857680782475104]}"
00000000000000000361_0,0.23356820270577425,0.4742391,0.022832500000000006,0.0324025,0.060177499999999995,0.0720575,0.20205,0.200455,0.13583,323.12761088,2,"{""geodesic"":false,""type"":""Point"",""coordinates"":[38.25139660883299,-3.4868544853178727]}"
00000000000000000362_0,0.25488478845166546,0.50405383,0.025005,0.03372249999999999,0.059902500000000025,0.06851000000000002,0.20777,0.1904725,0.12386750000000002,322.91911166,2,"{""geodesic"":false,""type"":""Point"",""coordinates"":[38.25166604101183,-3.4876688590157374]}"
00000000000000000363_0,0.25316031411606965,0.50595504,0.017634999999999984,0.027535000000000004,0.057867500000000016,0.07098500000000002,0.2163775,0.181755,0.1251875,325.63301953999996,2,"{""geodesic"":false,""type"":""Point"",""coordinates"":[38.2686787730309,-3.4903961605461467]}"
00000000000000000364_0,0.21850451508699797,0.42945218,0.022035,0.03220999999999999,0.06353249999999999,0.08699000000000001,0.217945,0.210905,0.1539525,326.0021657,2,"{""geodesic"":false,""type"":""Point"",""coordinates"":[38.27056994713131,-3.489583473448114]}"
00000000000000000365_0,0.20987246286647476,0.4469727,0.016892500000000005,0.02912999999999999,0.05803249999999999,0.07346000000000003,0.19220500000000001,0.19102249999999998,0.13,325.50313478,2,"{""geodesic"":false,""type"":""Point"",""coordinates"":[38.25707161216402,-3.482516815213125]}"
00000000000000000366_0,0.24873376460558655,0.51481414,0.01879,0.028717500000000007,0.0568225,0.06427499999999997,0.200675,0.17125,0.11421500000000001,325.82442865999997,2,"{""geodesic"":false,""type"":""Point"",""coordinates"":[38.25680089865668,-3.4833307605078234]}"
00000000000000000367_0,0.27454727547725133,0.55878264,0.020852499999999996,0.028085,0.0507725,0.058335000000000026,0.2060925,0.16957250000000001,0.11047499999999999,326.59348316,2,"{""geodesic"":false,""type"":""Point"",""coordinates"":[38.26112189271209,-3.4836055595054147]}"
00000000000000000368_0,0.23987559872911043,0.46769089,0.026654999999999984,0.03366749999999999,0.05745499999999998,0.0782175,0.21566249999999998,0.218275,0.1419625,328.24438682,2,"{""geodesic"":false,""type"":""Point"",""coordinates"":[38.26193169663399,-3.484148970514445]}"
00000000000000000369_0,0.23816612086930639,0.49006867,0.021732499999999988,0.030285000000000006,0.055255,0.06867499999999999,0.200675,0.192645,0.13129249999999998,329.60475878,2,"{""geodesic"":false,""type"":""Point"",""coordinates"":[38.26193063921884,-3.4855059038745853]}"
0000000000000000036a_0,0.2435555555555556,0.52442724,0.012272499999999992,0.02318999999999999,0.05343999999999999,0.06149749999999998,0.1971275,0.17405500000000002,0.114765,325.85860886,2,"{""geodesic"":false,""type"":""Point"",""coordinates"":[38.26327446699992,-3.493919954176721]}"
0000000000000000036b_0,0.24963718357050332,0.51277715,0.014252500000000001,0.0264075,0.05863750000000001,0.06696999999999997,0.20793499999999998,0.1777125,0.11740499999999998,324.68964602,2,"{""geodesic"":false,""type"":""Point"",""coordinates"":[38.26408554853745,-3.4928350448330896]}"
0000000000000000036c_0,0.21626330521545403,0.4448886,0.017194999999999988,0.030175000000000007,0.06229499999999999,0.07794250000000003,0.20287500000000003,0.18664999999999998,0.13033,325.74239618,2,"{""geodesic"":false,""type"":""Point"",""coordinates"":[38.261652510231606,-3.4958183828999068]}"
0000000000000000036d_0,0.19981628409343266,0.4583478,0.014582499999999998,0.026269999999999988,0.05286249999999998,0.06433,0.17320249999999998,0.183185,0.12384,323.70525626,2,"{""geodesic"":false,""type"":""Point"",""coordinates"":[38.260030972322426,-3.4971740343794293]}"
0000000000000000036e_0,0.22012637932660564,0.44607767,0.01999999999999999,0.030450000000000005,0.06023250000000002,0.07970250000000001,0.2080725,0.20397500000000002,0.14977249999999998,327.2839232,2,"{""geodesic"":false,""type"":""Point"",""coordinates"":[38.266787175345144,-3.4917516169858045]}"
0000000000000000036f_0,0.19927502118444587,0.40392974,0.02379500000000001,0.0343,0.061524999999999996,0.08589000000000002,0.20229750000000002,0.2333175,0.16168,324.38544224,2,"{""geodesic"":false,""type"":""Point"",""coordinates"":[38.26057559257302,-3.491475344637189]}"
00000000000000000370_0,0.22501315866424942,0.46162865,0.022557500000000008,0.031275,0.0569325,0.07403749999999998,0.201005,0.20647749999999998,0.14493250000000002,324.69990008,2,"{""geodesic"":false,""type"":""Point"",""coordinates"":[38.25679621167077,-3.489301260143045]}"
00000000000000000371_0,0.22676178334030822,0.4635642,0.022749999999999992,0.031247499999999984,0.05624499999999999,0.07414749999999998,0.20229750000000002,0.19688,0.13618750000000002,325.02119396,2,"{""geodesic"":false,""type"":""Point"",""coordinates"":[38.256256484587155,-3.4887580588674014]}"
00000000000000000372_0,0.23431283255836244,0.46889335,0.022557500000000008,0.031082499999999985,0.05775750000000002,0.07612750000000001,0.2105475,0.2163775,0.1505975,324.69306403999997,2,"{""geodesic"":false,""type"":""Point"",""coordinates"":[38.255446468025866,-3.4884860291139232]}"
00000000000000000373_0,0.25104725653125093,0.5003644,0.020549999999999985,0.030807499999999988,0.05723499999999998,0.07027,0.211015,0.188025,0.12362000000000001,326.82932654,2,"{""geodesic"":false,""type"":""Point"",""coordinates"":[38.27084065256045,-3.4887695221450024]}"
00000000000000000374_0,0.2791645491415304,0.5540095,0.01936750000000001,0.027782499999999988,0.05418250000000002,0.06202000000000002,0.21610250000000003,0.17785,0.12417,327.89233076,2,"{""geodesic"":false,""type"":""Point"",""coordinates"":[38.27138038979518,-3.4893127168010447]}"
00000000000000000375_0,0.2331227584350151,0.46279922,0.024895,0.0326775,0.06036999999999998,0.07739249999999998,0.21073999999999998,0.20378249999999998,0.1356925,325.75948628000003,2,"{""geodesic"":false,""type"":""Point"",""coordinates"":[38.25113039489433,-3.4819693215035596]}"
00000000000000000376_0,0.16296289680058587,0.3120525,0.037105,0.044694999999999985,0.07109500000000002,0.1106125,0.21095999999999998,0.3141675,0.23268500000000003,323.92059152,2,"{""geodesic"":false,""type"":""Point"",""coordinates"":[38.243574805288446,-3.47382169155917]}"
00000000000000000377_0,0.15531918805618888,0.3061369,0.037599999999999995,0.044584999999999986,0.06809749999999998,0.10530499999999998,0.1982275,0.2998675,0.2219875,323.2335695,2,"{""geodesic"":false,""type"":""Point"",""coordinates"":[38.243034013225504,-3.4746354138617273]}"
00000000000000000378_0,0.1889143795847849,0.38214204,0.02610499999999999,0.03685749999999999,0.0660075,0.08897,0.199025,0.22163,0.1593425,323.148119,2,"{""geodesic"":false,""type"":""Point"",""coordinates"":[38.2389838063014,-3.4735466042299263]}"
00000000000000000379_0,0.20025712489325567,0.39560476,0.028002499999999986,0.03729750000000001,0.06498999999999999,0.0896575,0.20702750000000003,0.21013500000000002,0.153045,322.45767896,2,"{""geodesic"":false,""type"":""Point"",""coordinates"":[38.24897902982006,-3.4702980009506303]}"
0000000000000000037a_0,0.21333793715779617,0.45817885,0.019394999999999996,0.028992500000000004,0.05519999999999997,0.07032499999999997,0.1892625,0.18810749999999998,0.133685,322.6525061,2,"{""geodesic"":false,""type"":""Point"",""coordinates"":[38.24951938604741,-3.4700270454842164]}"
0000000000000000037b_0,0.17360956146849585,0.3333749,0.03146750000000001,0.042027499999999995,0.07145249999999997,0.10695500000000002,0.21393,0.2524575,0.18461500000000003,323.09001265999996,2,"{""geodesic"":false,""type"":""Point"",""coordinates"":[38.248168816803755,-3.470297354588146]}"
0000000000000000037c_0,0.2323925427239773,0.48891914,0.019972500000000004,0.02896499999999999,0.05343999999999999,0.06707999999999997,0.1954225,0.1834325,0.12389499999999998,320.38294082,2,"{""geodesic"":false,""type"":""Point"",""coordinates"":[38.246010615043005,-3.4673103840155455]}"
0000000000000000037d_0,0.17165222253284876,0.3533967,0.02918499999999999,0.036610000000000004,0.06273499999999999,0.0926825,0.1939925,0.2410175,0.181205,323.1993893,2,"{""geodesic"":false,""type"":""Point"",""coordinates"":[38.245741190076295,-3.466496010664323]}"
0000000000000000037e_0,0.18735212933753942,0.3955442,0.0295425,0.03584000000000001,0.057620000000000005,0.07986749999999998,0.18439499999999998,0.20614749999999998,0.150515,322.98063602,2,"{""geodesic"":false,""type"":""Point"",""coordinates"":[38.24439041077048,-3.4670377009204607]}"
0000000000000000037f_0,0.16838581870346336,0.40487847,0.00795499999999999,0.023217500000000002,0.052312499999999984,0.06974750000000002,0.16465000000000002,0.185,0.12485750000000001,318.65000468,2,"{""geodesic"":false,""type"":""Point"",""coordinates"":[38.20682976823089,-3.4922455039529323]}"
00000000000000000380_0,0.1819864281307834,0.41747415,0.010677500000000006,0.0262975,0.05753750000000002,0.07131500000000002,0.17353249999999998,0.19591750000000002,0.13206250000000003,320.78626718,2,"{""geodesic"":false,""type"":""Point"",""coordinates"":[38.207100525780696,-3.491431583358087]}"
00000000000000000381_0,0.22509112421518676,0.45450404,0.02187,0.031164999999999998,0.05899500000000002,0.07785999999999998,0.20760499999999998,0.21497500000000003,0.1469125,322.94987384,2,"{""geodesic"":false,""type"":""Point"",""coordinates"":[38.26652886420626,-3.4765537358195386]}"
00000000000000000382_0,0.3010290357172317,0.5879246,0.02318999999999999,0.029459999999999986,0.05242249999999998,0.0562725,0.216845,0.15738999999999997,0.09768749999999998,324.11200064,2,"{""geodesic"":false,""type"":""Point"",""coordinates"":[38.26517954502571,-3.4751957468120023]}"
00000000000000000383_0,0.26970403074155824,0.5731633,0.015572499999999989,0.023739999999999983,0.0505525,0.05404500000000001,0.19918999999999998,0.176255,0.10805500000000001,320.28723626,2,"{""geodesic"":false,""type"":""Point"",""coordinates"":[38.26842209906164,-3.4730271760659726]}"
00000000000000000384_0,0.2515844641261072,0.54245555,0.014527499999999999,0.024620000000000003,0.05069000000000001,0.05745499999999998,0.19369000000000003,0.18125999999999998,0.11512250000000002,320.3795228,2,"{""geodesic"":false,""type"":""Point"",""coordinates"":[38.26842189014173,-3.4732985632021642]}"
00000000000000000385_0,0.24889804284449216,0.5051726,0.019202499999999983,0.030312499999999992,0.05880249999999998,0.06738250000000001,0.204965,0.20062000000000002,0.13099,321.70913257999996,2,"{""geodesic"":false,""type"":""Point"",""coordinates"":[38.26842147225264,-3.473841337469826]}"
00000000000000000386_0,0.24684662970997023,0.5066712,0.019862500000000005,0.030230000000000007,0.057674999999999976,0.06581500000000001,0.201005,0.2090075,0.14204499999999998,322.60807184,2,"{""geodesic"":false,""type"":""Point"",""coordinates"":[38.268421263283464,-3.4741127246012966]}"
00000000000000000387_0,0.2407556389857275,0.48632973,0.022694999999999993,0.0322375,0.060892500000000016,0.07040750000000001,0.2037275,0.21744999999999998,0.14999250000000003,324.60761354,2,"{""geodesic"":false,""type"":""Point"",""coordinates"":[38.26815098092075,-3.474383901681991]}"
00000000000000000388_0,0.2284235964182218,0.47704083,0.02151249999999999,0.03130250000000001,0.05888500000000002,0.06867499999999999,0.193965,0.20356249999999998,0.13649,325.31856170000003,2,"{""geodesic"":false,""type"":""Point"",""coordinates"":[38.26923064816665,-3.475198902941871]}"
00000000000000000389_0,0.23035036913162293,0.49116462,0.020632499999999998,0.030175000000000007,0.05561250000000001,0.06435750000000001,0.1886025,0.19391000000000003,0.127195,324.64521176,2,"{""geodesic"":false,""type"":""Point"",""coordinates"":[38.26950072184085,-3.4751991127302895]}"
0000000000000000038a_0,0.3247731935706577,0.5989664,0.018130000000000007,0.026682499999999998,0.05676749999999997,0.06149749999999998,0.2451975,0.1961925,0.12106250000000002,322.2252536,2,"{""geodesic"":false,""type"":""Point"",""coordinates"":[38.27004086923845,-3.475199532074537]}"
0000000000000000038b_0,0.3047947528023485,0.57458323,0.01785500000000001,0.026957499999999995,0.056574999999999986,0.06405499999999997,0.237085,0.1950925,0.121255,322.293614,2,"{""geodesic"":false,""type"":""Point"",""coordinates"":[38.27004107781041,-3.4749281448508165]}"
0000000000000000038c_0,0.3265889490622356,0.59490573,0.02151249999999999,0.028112499999999985,0.0569325,0.06290000000000001,0.247645,0.19572499999999998,0.13096249999999998,323.1993893,2,"{""geodesic"":false,""type"":""Point"",""coordinates"":[38.270311359935086,-3.474656967148544]}"
0000000000000000038d_0,0.22586715541659724,0.45626682,0.0262975,0.03366749999999999,0.061524999999999996,0.07552249999999999,0.20227,0.21954,0.15315499999999999,322.81315304,2,"{""geodesic"":false,""type"":""Point"",""coordinates"":[38.2703117768428,-3.474114192660425]}"
0000000000000000038e_0,0.21916641619076246,0.45765775,0.024042499999999994,0.03292500000000001,0.05852750000000001,0.0712875,0.1916,0.2167075,0.1453175,322.33804826,2,"{""geodesic"":false,""type"":""Point"",""coordinates"":[38.27004253735533,-3.4730284342406974]}"
0000000000000000038f_0,0.2207010621549989,0.4501783,0.02541750000000001,0.03501499999999999,0.06257000000000001,0.07439499999999999,0.19622,0.21450750000000002,0.1491675,324.61444958,2,"{""geodesic"":false,""type"":""Point"",""coordinates"":[38.26923023051059,-3.475741677286095]}"
00000000000000000390_0,0.2520252482644359,0.5163718,0.02088000000000001,0.030752499999999988,0.057042499999999996,0.06386249999999999,0.200235,0.18764000000000003,0.11867,323.81805092,2,"{""geodesic"":false,""type"":""Point"",""coordinates"":[38.269770586865945,-3.475470709646915]}"
00000000000000000391_0,0.2339781800695273,0.4768494,0.0234375,0.03322749999999999,0.05987500000000001,0.07046249999999998,0.198915,0.2038375,0.1359125,322.17740132,2,"{""geodesic"":false,""type"":""Point"",""coordinates"":[38.26977016948573,-3.476013484053664]}"
00000000000000000392_0,0.238210482644171,0.48367628,0.02291499999999999,0.031494999999999995,0.05745499999999998,0.07079249999999998,0.20342500000000002,0.20590000000000003,0.1306875,324.51190898,2,"{""geodesic"":false,""type"":""Point"",""coordinates"":[38.27004024342422,-3.4760136937362507]}"
00000000000000000393_0,0.22890129334363057,0.4612182,0.024207499999999993,0.033172499999999994,0.058555000000000024,0.07522000000000001,0.20400250000000003,0.22168500000000002,0.1474625,322.53629342,2,"{""geodesic"":false,""type"":""Point"",""coordinates"":[38.266261515590024,-3.473025494160718]}"
00000000000000000394_0,0.2410548384853093,0.5058094,0.017992499999999995,0.02745249999999999,0.05599749999999998,0.06518249999999998,0.19861250000000003,0.19413000000000002,0.12587500000000001,321.38100266000004,2,"{""geodesic"":false,""type"":""Point"",""coordinates"":[38.26734180719424,-3.4730263357331954]}"
00000000000000000395_0,0.24551159504613085,0.54581916,0.017772499999999997,0.024675000000000002,0.04738999999999999,0.05407250000000002,0.18403750000000002,0.16759249999999998,0.11058499999999999,320.86488164,2,"{""geodesic"":false,""type"":""Point"",""coordinates"":[38.2794911936087,-3.478192086030558]}"
00000000000000000396_0,0.22053439759098264,0.4853859,0.021430000000000005,0.0294325,0.05126750000000002,0.062350000000000017,0.1799675,0.17768499999999998,0.121585,320.1402614,2,"{""geodesic"":false,""type"":""Point"",""coordinates"":[38.278410686827,-3.478462644883633]}"
00000000000000000397_0,0.21466157655798598,0.46598116,0.02588499999999999,0.03209999999999999,0.05308249999999998,0.0655675,0.17999500000000002,0.181865,0.12051250000000002,321.29897017999997,2,"{""geodesic"":false,""type"":""Point"",""coordinates"":[38.27841006760584,-3.479276808005687]}"
00000000000000000398_0,0.20966431077230133,0.4580524,0.024922499999999986,0.031962500000000005,0.05332999999999999,0.06630999999999998,0.1784,0.1890425,0.12890000000000001,321.65444426,2,"{""geodesic"":false,""type"":""Point"",""coordinates"":[38.27813999223563,-3.4792766005324505]}"
00000000000000000399_0,0.18971045232575356,0.40982273,0.024675000000000002,0.0326775,0.056162500000000004,0.07615499999999997,0.18192000000000003,0.22438000000000002,0.15590500000000002,321.79458308,2,"{""geodesic"":false,""type"":""Point"",""coordinates"":[38.27652140244576,-3.476832865677366]}"
0000000000000000039a_0,0.20232675771370773,0.4420107,0.021952499999999986,0.0295425,0.05272500000000002,0.07082,0.18302000000000002,0.20991500000000002,0.1507075,321.61001,2,"{""geodesic"":false,""type"":""Point"",""coordinates"":[38.27652181606507,-3.4762900904632352]}"
0000000000000000039b_0,0.18457539841513343,0.39442316,0.026132500000000003,0.033997499999999986,0.05852750000000001,0.07975749999999998,0.1836525,0.23100749999999998,0.16377000000000003,323.1822992,2,"{""geodesic"":false,""type"":""Point"",""coordinates"":[38.27706155161783,-3.4768332811850926]}"
0000000000000000039c_0,0.2199319367460058,0.481188,0.021540000000000004,0.02896499999999999,0.05225750000000001,0.064,0.18271749999999998,0.1862375,0.1228225,320.94007808000003,2,"{""geodesic"":false,""type"":""Point"",""coordinates"":[38.27760066806645,-3.4781906347152853]}"
0000000000000000039d_0,0.19280320741765078,0.41630214,0.025334999999999996,0.033007499999999995,0.056630000000000014,0.07472499999999999,0.181315,0.21365499999999998,0.1442175,320.84437352,2,"{""geodesic"":false,""type"":""Point"",""coordinates"":[38.278141024576044,-3.4779196620689223]}"
0000000000000000039e_0,0.19754927320126192,0.4350232,0.02459249999999999,0.031797500000000006,0.054237499999999994,0.06955499999999998,0.17666749999999998,0.20658749999999998,0.1432,321.13148720000004,2,"{""geodesic"":false,""type"":""Point"",""coordinates"":[38.2767910634938,-3.4773758487103588]}"
0000000000000000039f_0,0.20594586451062127,0.44337314,0.025554999999999994,0.031907500000000005,0.05473250000000002,0.07079249999999998,0.18357,0.19971250000000002,0.1351425,321.22719176,2,"{""geodesic"":false,""type"":""Point"",""coordinates"":[38.277331006372236,-3.4776476517782533]}"
000000000000000003a0_0,0.21945541976783364,0.49044296,0.01994499999999999,0.026847499999999996,0.048765,0.061415,0.1796375,0.1889325,0.12516,321.1143971,2,"{""geodesic"":false,""type"":""Point"",""coordinates"":[38.2754419327051,-3.475746483556915]}"
000000000000000003a1_0,0.20286860701880471,0.44751248,0.02151249999999999,0.02896499999999999,0.05201,0.06900499999999998,0.18079250000000002,0.20468999999999998,0.1415225,321.68862446,2,"{""geodesic"":false,""type"":""Point"",""coordinates"":[38.27625174165777,-3.476289882625549]}"
000000000000000003a2_0,0.17250510341640032,0.37185234,0.025279999999999997,0.03375,0.05913249999999998,0.08322249999999998,0.181755,0.22504000000000002,0.16069,323.10710276,2,"{""geodesic"":false,""type"":""Point"",""coordinates"":[38.28111041084793,-3.4798216541994313]}"
000000000000000003a3_0,0.18953582451829437,0.4057285,0.028249999999999997,0.035042500000000004,0.05784,0.07643,0.18079250000000002,0.2200625,0.1609375,324.9767597,2,"{""geodesic"":false,""type"":""Point"",""coordinates"":[38.28165056226924,-3.4798220674252063]}"
000000000000000003a4_0,0.20045455875610882,0.42412475,0.024867499999999987,0.032072500000000004,0.057042499999999996,0.07673249999999998,0.18975750000000002,0.21019,0.14685749999999997,322.77897284,2,"{""geodesic"":false,""type"":""Point"",""coordinates"":[38.28165015116369,-3.480364843214091]}"
000000000000000003a5_0,0.21716417181748063,0.44602454,0.02396000000000001,0.0327875,0.05937999999999999,0.07596249999999999,0.19828250000000003,0.200125,0.1415225,322.61490788000003,2,"{""geodesic"":false,""type"":""Point"",""coordinates"":[38.281649945586715,-3.4806362311061685]}"
000000000000000003a6_0,0.20741836929539817,0.41382745,0.027947499999999986,0.03622500000000001,0.06383499999999998,0.084625,0.20411250000000003,0.21577249999999998,0.156675,322.93620176,2,"{""geodesic"":false,""type"":""Point"",""coordinates"":[38.281649739993625,-3.48090761899667]}"
000000000000000003a7_0,0.22409364765642154,0.43630433,0.026379999999999987,0.03636249999999999,0.06617250000000002,0.0833875,0.2124725,0.22157500000000002,0.16264250000000002,326.70627781999997,2,"{""geodesic"":false,""type"":""Point"",""coordinates"":[38.26165463172041,-3.493104516906921]}"
000000000000000003a8_0,0.2451105525664689,0.48591095,0.0233275,0.032704999999999984,0.0624325,0.072635,0.20994249999999998,0.20466250000000002,0.14047749999999998,326.98313744,2,"{""geodesic"":false,""type"":""Point"",""coordinates"":[38.2619244980416,-3.493376116584244]}"
000000000000000003a9_0,0.23569006977569276,0.49804524,0.01546249999999999,0.026709999999999984,0.056684999999999985,0.06628250000000002,0.19781500000000002,0.18964750000000002,0.13137500000000002,326.36789383999997,2,"{""geodesic"":false,""type"":""Point"",""coordinates"":[38.26246338348484,-3.495004862396077]}"
000000000000000003aa_0,0.22854335544092358,0.4833475,0.013564999999999994,0.02761749999999999,0.0567125,0.0683725,0.1963025,0.1862375,0.12320750000000003,326.39181998000004,2,"{""geodesic"":false,""type"":""Point"",""coordinates"":[38.262463595425814,-3.4947334757493955]}"
000000000000000003ab_0,0.20343385516432155,0.4613611,0.01337250000000001,0.026187500000000002,0.053412499999999974,0.0651275,0.176695,0.18621,0.12334499999999998,323.85906716,2,"{""geodesic"":false,""type"":""Point"",""coordinates"":[38.26003075953359,-3.497445420862414]}"
000000000000000003ac_0,0.24924358910768316,0.51913595,0.01780000000000001,0.026682499999999998,0.05115750000000002,0.064,0.20218750000000002,0.1796375,0.12268499999999999,326.43625424,2,"{""geodesic"":false,""type"":""Point"",""coordinates"":[38.27380504187129,-3.497184837239462]}"
000000000000000003ad_0,0.26029299311788145,0.5340327,0.021732499999999988,0.02803,0.05148750000000002,0.06207499999999999,0.20435999999999999,0.16310999999999998,0.108935,328.1384282,2,"{""geodesic"":false,""type"":""Point"",""coordinates"":[38.2740747045744,-3.497727821709354]}"
000000000000000003ae_0,0.22936228960844404,0.4767213,0.020659999999999984,0.029267500000000002,0.054017499999999996,0.07071,0.1995475,0.193965,0.13544499999999998,326.18332076,2,"{""geodesic"":false,""type"":""Point"",""coordinates"":[38.273804624197474,-3.497727611884492]}"
000000000000000003af_0,0.1817075369635774,0.35579538,0.02698500000000001,0.03842499999999999,0.0706,0.10035499999999997,0.2112075,0.23859750000000002,0.17411,329.31422708,2,"{""geodesic"":false,""type"":""Point"",""coordinates"":[38.26543277433746,-3.4969069081657516]}"
000000000000000003b0_0,0.2364209733596913,0.46554324,0.016617500000000007,0.031,0.0632025,0.07928999999999997,0.21742250000000002,0.20084000000000002,0.13365749999999998,328.62036902,2,"{""geodesic"":false,""type"":""Point"",""coordinates"":[38.26381250853842,-3.496634246642709]}"
000000000000000003b1_0,0.23546760995074748,0.4789001,0.016204999999999997,0.029267500000000002,0.06144250000000001,0.07310250000000001,0.20746750000000003,0.2029575,0.13407000000000002,326.0021657,2,"{""geodesic"":false,""type"":""Point"",""coordinates"":[38.26138094458244,-3.4977178755863427]}"
000000000000000003b2_0,0.24409518823285353,0.4911282,0.022722500000000007,0.03157750000000001,0.05759249999999999,0.07040750000000001,0.2063125,0.18706250000000002,0.1276625,325.35957794,2,"{""geodesic"":false,""type"":""Point"",""coordinates"":[38.26975929458277,-3.4901256164150984]}"
000000000000000003b3_0,0.2851701422567087,0.57207745,0.018075000000000008,0.026764999999999983,0.05137750000000002,0.05806,0.21329750000000003,0.16827999999999999,0.109595,329.58425066,2,"{""geodesic"":false,""type"":""Point"",""coordinates"":[38.273268849073794,-3.4920280585977]}"
000000000000000003b4_0,0.2934865124753277,0.5776158,0.020769999999999983,0.027892499999999987,0.05283500000000002,0.05830750000000001,0.21778000000000003,0.16575,0.10808250000000003,329.46461996,2,"{""geodesic"":false,""type"":""Point"",""coordinates"":[38.27353892778863,-3.492028268235676]}"
000000000000000003b5_0,0.2402237307581987,0.47008547,0.02453749999999999,0.032704999999999984,0.05792249999999999,0.0778875,0.21607500000000002,0.20422250000000003,0.1373975,330.22683842000004,2,"{""geodesic"":false,""type"":""Point"",""coordinates"":[38.273268640399756,-3.4922994459184316]}"
000000000000000003b6_0,0.2787492693172699,0.5321772,0.02541750000000001,0.0324025,0.05745499999999998,0.06801499999999999,0.2227575,0.180435,0.11845,330.06619148,2,"{""geodesic"":false,""type"":""Point"",""coordinates"":[38.27407971049372,-3.491214525159294]}"
000000000000000003b7_0,0.33058318264014475,0.6245423,0.02134749999999999,0.02814,0.05264249999999998,0.053192499999999976,0.230155,0.16489749999999997,0.10227999999999998,329.66286512,2,"{""geodesic"":false,""type"":""Point"",""coordinates"":[38.27380942350879,-3.491485703084222]}"
000000000000000003b8_0,0.30117848128937375,0.5714261,0.022117499999999984,0.029404999999999987,0.0535775,0.06251499999999999,0.22921999999999998,0.18123250000000002,0.11300500000000002,329.03736746,2,"{""geodesic"":false,""type"":""Point"",""coordinates"":[38.273809215022425,-3.491757090440774]}"
000000000000000003b9_0,0.27531551227268214,0.5427274,0.02209,0.02907499999999999,0.05434749999999999,0.06419249999999999,0.21656999999999998,0.18002250000000003,0.11820249999999999,329.39284154,2,"{""geodesic"":false,""type"":""Point"",""coordinates"":[38.27353913636882,-3.4917568808970296]}"
000000000000000003ba_0,0.30350857730669545,0.5648702,0.026489999999999986,0.033117499999999994,0.056630000000000014,0.06375249999999999,0.229275,0.17169,0.10810999999999998,330.32937902000003,2,"{""geodesic"":false,""type"":""Point"",""coordinates"":[38.27542968728628,-3.491758346067326]}"
000000000000000003bb_0,0.2756674186401755,0.5315753,0.02844250000000001,0.03372249999999999,0.05734499999999998,0.06603500000000001,0.21591,0.1746875,0.11724000000000001,330.98222083999997,2,"{""geodesic"":false,""type"":""Point"",""coordinates"":[38.275159608534935,-3.4917581369909856]}"
000000000000000003bc_0,0.2687290788265382,0.51090974,0.028607500000000008,0.03449250000000001,0.05759249999999999,0.07164500000000001,0.2213275,0.20430500000000001,0.13486749999999997,332.67755876,2,"{""geodesic"":false,""type"":""Point"",""coordinates"":[38.27515940041991,-3.4920295244274904]}"
000000000000000003cf_0,0.19376677361422207,0.42528713,0.023052500000000004,0.03231999999999999,0.0566025,0.07136999999999999,0.17699750000000003,0.1852475,0.12307000000000001,315.9531869,2,"{""geodesic"":false,""type"":""Point"",""coordinates"":[38.29752343756475,-3.562064862910144]}"
000000000000000003d0_0,0.1865400121934431,0.3841424,0.029927499999999996,0.03886500000000001,0.06334000000000001,0.08363500000000001,0.18797000000000003,0.22966000000000003,0.1593425,317.73739334,2,"{""geodesic"":false,""type"":""Point"",""coordinates"":[38.298334149712595,-3.5615227059610386]}"
000000000000000003d1_0,0.18225515722010813,0.39165673,0.0202475,0.03130250000000001,0.059242499999999976,0.08162750000000002,0.18673250000000002,0.2054875,0.13992749999999998,316.91706854,2,"{""geodesic"":false,""type"":""Point"",""coordinates"":[38.29671354852631,-3.561521465717676]}"
000000000000000003d2_0,0.21499097568744036,0.40605035,0.03534499999999999,0.04334750000000001,0.06831749999999998,0.08960249999999997,0.212115,0.2636775,0.18406499999999998,321.76723891999995,2,"{""geodesic"":false,""type"":""Point"",""coordinates"":[38.298875171430794,-3.560437564978534]}"
000000000000000003d3_0,0.2984849810015257,0.55027324,0.023767499999999997,0.03163250000000001,0.0595175,0.0690325,0.23796499999999998,0.2273775,0.13959749999999999,321.59975594,2,"{""geodesic"":false,""type"":""Point"",""coordinates"":[38.29995577634121,-3.560167000823193]}"
000000000000000003d4_0,0.27368102396246224,0.49366304,0.027260000000000006,0.03691249999999999,0.0656775,0.0816,0.240715,0.26271500000000003,0.16778500000000002,325.11006248,2,"{""geodesic"":false,""type"":""Point"",""coordinates"":[38.30076689491279,-3.559082063971733]}"
000000000000000003d7_0,0.17755747073632366,0.35808438,0.022722500000000007,0.036885,0.06983,0.0952675,0.20155499999999998,0.21857749999999998,0.15670250000000002,318.22275218,2,"{""geodesic"":false,""type"":""Point"",""coordinates"":[38.2969803525156,-3.565863885643036]}"
000000000000000003d8_0,0.20512920223211678,0.43102807,0.021155000000000007,0.03171499999999999,0.05839,0.07659500000000002,0.192645,0.19863999999999998,0.13338250000000001,317.72030324,2,"{""geodesic"":false,""type"":""Point"",""coordinates"":[38.29941270362912,-3.563966027352754]}"
000000000000000003d9_0,0.18561344850004644,0.37252277,0.02772749999999999,0.036995,0.06696999999999997,0.0925725,0.20249,0.26277,0.18885000000000002,317.97665473999996,2,"{""geodesic"":false,""type"":""Point"",""coordinates"":[38.30157412626463,-3.5631535094030817]}"
000000000000000003da_0,0.18851231158131265,0.3598895,0.03287000000000001,0.04419999999999999,0.07282749999999999,0.09848499999999999,0.2092275,0.2745675,0.1918475,318.18515396,2,"{""geodesic"":false,""type"":""Point"",""coordinates"":[38.3031951402837,-3.562611964268173]}"
000000000000000003db_0,0.24847690214712434,0.5121122,0.017414999999999986,0.027480000000000004,0.05456749999999999,0.06603500000000001,0.20466250000000002,0.19426749999999998,0.12183250000000001,318.34921892,2,"{""geodesic"":false,""type"":""Point"",""coordinates"":[38.30454605213305,-3.5620702112566445]}"
000000000000000003dc_0,0.2975972208819839,0.5544496,0.019697500000000007,0.029569999999999985,0.058719999999999994,0.0681525,0.2377725,0.20389249999999998,0.1261775,319.71642692,2,"{""geodesic"":false,""type"":""Point"",""coordinates"":[38.305626455314126,-3.56207102931068]}"
000000000000000003de_0,0.1885702831179244,0.3875222,0.025719999999999993,0.03589500000000001,0.0633125,0.08586250000000001,0.194515,0.2284775,0.15816000000000002,322.80289898,2,"{""geodesic"":false,""type"":""Point"",""coordinates"":[38.2950978978576,-3.5550069049689235]}"
000000000000000003ef_0,0.20941552004441094,0.43793523,0.02484,0.033475000000000005,0.058335000000000026,0.07456000000000002,0.19074750000000001,0.20592749999999999,0.13813999999999999,323.0284883,2,"{""geodesic"":false,""type"":""Point"",""coordinates"":[38.28995959374495,-3.5634159826018292]}"
000000000000000003f4_0,0.2052096043678779,0.47603938,0.01854249999999999,0.026654999999999984,0.04945250000000001,0.060067499999999996,0.169215,0.16632750000000002,0.109375,315.5601146,2,"{""geodesic"":false,""type"":""Point"",""coordinates"":[38.29751622638421,-3.571563454346102]}"
000000000000000003f5_0,0.28878281622911695,0.54748374,0.020494999999999985,0.029762499999999997,0.059819999999999984,0.06738250000000001,0.23043000000000002,0.21027250000000003,0.1285425,314.52445453999997,2,"{""geodesic"":false,""type"":""Point"",""coordinates"":[38.296976226620274,-3.5712916513361073]}"
000000000000000003f6_0,0.2685736911740562,0.50332355,0.024785,0.03432750000000001,0.06471500000000002,0.07546750000000002,0.22842250000000003,0.22608499999999998,0.14177,315.20464052,2,"{""geodesic"":false,""type"":""Point"",""coordinates"":[38.29670571051549,-3.571834220363366]}"
000000000000000003f7_0,0.27807394319716505,0.5948382,0.012410000000000004,0.020742499999999997,0.04810500000000001,0.05129499999999998,0.2019125,0.16063500000000003,0.09477249999999998,315.51909836,2,"{""geodesic"":false,""type"":""Point"",""coordinates"":[38.29751519463784,-3.5729203958182283]}"
000000000000000003f8_0,0.27229864820506705,0.5517181,0.018020000000000008,0.026187500000000002,0.054759999999999975,0.061167499999999986,0.21173000000000003,0.19602750000000002,0.11787249999999999,315.65581915999996,2,"{""geodesic"":false,""type"":""Point"",""coordinates"":[38.29778467917127,-3.5737347680600178]}"
000000000000000003fa_0,0.19789348476709379,0.41640824,0.0204125,0.031549999999999995,0.05847249999999998,0.07951000000000003,0.192975,0.20815499999999998,0.13742500000000002,321.92104982,2,"{""geodesic"":false,""type"":""Point"",""coordinates"":[38.29077051811114,-3.562602445517647]}"
000000000000000003fb_0,0.22021667748087853,0.45674458,0.02285999999999999,0.031659999999999994,0.058719999999999994,0.07326749999999999,0.19646750000000002,0.22102500000000003,0.1434475,322.0885328,2,"{""geodesic"":false,""type"":""Point"",""coordinates"":[38.300768326978094,-3.5571823439998966]}"
00000000000000000407_0,0.20651981686349252,0.44959944,0.021375000000000005,0.028194999999999998,0.05223,0.07076500000000002,0.186375,0.200015,0.13654500000000003,322.29019598,2,"{""geodesic"":false,""type"":""Point"",""coordinates"":[38.27625091404542,-3.4773754329824555]}"
00000000000000000408_0,0.20666208652427814,0.45186716,0.022474999999999995,0.030560000000000004,0.053659999999999985,0.06823499999999999,0.1807375,0.1952025,0.1339325,321.64760822,2,"{""geodesic"":false,""type"":""Point"",""coordinates"":[38.27652098876149,-3.477375640885197]}"
00000000000000000409_0,0.19754927320126192,0.4350232,0.02459249999999999,0.031797500000000006,0.054237499999999994,0.06955499999999998,0.17666749999999998,0.20658749999999998,0.1432,321.13148720000004,2,"{""geodesic"":false,""type"":""Point"",""coordinates"":[38.2767910634938,-3.4773758487103588]}"
0000000000000000040a_0,0.20030878835888072,0.43290773,0.025169999999999998,0.032952499999999996,0.05539250000000001,0.0715075,0.18068250000000002,0.20768750000000002,0.14193499999999998,321.3023882,2,"{""geodesic"":false,""type"":""Point"",""coordinates"":[38.277330799721135,-3.477919039426985]}"
0000000000000000040b_0,0.21469123403906465,0.47128716,0.022612500000000008,0.030120000000000008,0.052202499999999985,0.06463249999999998,0.1798575,0.1901425,0.12625999999999998,321.10414304,2,"{""geodesic"":false,""type"":""Point"",""coordinates"":[38.27760087465656,-3.477919247051889]}"
0000000000000000040c_0,0.19280320741765078,0.41630214,0.025334999999999996,0.033007499999999995,0.056630000000000014,0.07472499999999999,0.181315,0.21365499999999998,0.1442175,320.84437352,2,"{""geodesic"":false,""type"":""Point"",""coordinates"":[38.278141024576044,-3.4779196620689223]}"
0000000000000000040d_0,0.21928160536488822,0.488602,0.019449999999999995,0.02767249999999999,0.05102000000000001,0.06155250000000001,0.17917,0.17724499999999999,0.1199075,320.06848298,2,"{""geodesic"":false,""type"":""Point"",""coordinates"":[38.2781406116885,-3.478462437459061]}"
0000000000000000040e_0,0.21928160536488822,0.488602,0.019449999999999995,0.02767249999999999,0.05102000000000001,0.06155250000000001,0.17917,0.17724499999999999,0.1199075,320.06848298,2,"{""geodesic"":false,""type"":""Point"",""coordinates"":[38.2781406116885,-3.478462437459061]}"
0000000000000000040f_0,0.22053439759098264,0.4853859,0.021430000000000005,0.0294325,0.05126750000000002,0.062350000000000017,0.1799675,0.17768499999999998,0.121585,320.1402614,2,"{""geodesic"":false,""type"":""Point"",""coordinates"":[38.278410686827,-3.478462644883633]}"
00000000000000000410_0,0.22053439759098264,0.4853859,0.021430000000000005,0.0294325,0.05126750000000002,0.062350000000000017,0.1799675,0.17768499999999998,0.121585,320.1402614,2,"{""geodesic"":false,""type"":""Point"",""coordinates"":[38.278410686827,-3.478462644883633]}"
00000000000000000411_0,0.20001989752773217,0.4314588,0.024070000000000008,0.031797500000000006,0.054952500000000015,0.072855,0.1834325,0.2054875,0.14270500000000003,320.25647408,2,"{""geodesic"":false,""type"":""Point"",""coordinates"":[38.27841048043614,-3.4787340325925604]}"
00000000000000000412_0,0.20001989752773217,0.4314588,0.024070000000000008,0.031797500000000006,0.054952500000000015,0.072855,0.1834325,0.2054875,0.14270500000000003,320.25647408,2,"{""geodesic"":false,""type"":""Point"",""coordinates"":[38.27841048043614,-3.4787340325925604]}"
00000000000000000413_0,0.20001989752773217,0.4314588,0.024070000000000008,0.031797500000000006,0.054952500000000015,0.072855,0.1834325,0.2054875,0.14270500000000003,320.25647408,2,"{""geodesic"":false,""type"":""Point"",""coordinates"":[38.27841048043614,-3.4787340325925604]}"
00000000000000000414_0,0.213444829029722,0.47256044,0.020852499999999996,0.028992500000000004,0.05234,0.06416499999999997,0.17914249999999998,0.18423,0.12268499999999999,320.30432636,2,"{""geodesic"":false,""type"":""Point"",""coordinates"":[38.27814040522042,-3.478733825151767]}"
00000000000000000415_0,0.21954530718106668,0.47592142,0.022529999999999994,0.029514999999999986,0.053192499999999976,0.06562249999999997,0.1848075,0.1902525,0.13024750000000002,320.98793036,2,"{""geodesic"":false,""type"":""Point"",""coordinates"":[38.27760046146012,-3.4784620223771054]}"
00000000000000000416_0,0.21954530718106668,0.47592142,0.022529999999999994,0.029514999999999986,0.053192499999999976,0.06562249999999997,0.1848075,0.1902525,0.13024750000000002,320.98793036,2,"{""geodesic"":false,""type"":""Point"",""coordinates"":[38.27760046146012,-3.4784620223771054]}"
00000000000000000417_0,0.16879649055884027,0.34152475,0.028992500000000004,0.037077499999999985,0.06455,0.09854000000000002,0.20075749999999998,0.250065,0.18362499999999998,321.72280466,2,"{""geodesic"":false,""type"":""Point"",""coordinates"":[38.27733038637026,-3.478461814719723]}"
00000000000000000418_0,0.16879649055884027,0.34152475,0.028992500000000004,0.037077499999999985,0.06455,0.09854000000000002,0.20075749999999998,0.250065,0.18362499999999998,321.72280466,2,"{""geodesic"":false,""type"":""Point"",""coordinates"":[38.27733038637026,-3.478461814719723]}"
00000000000000000419_0,0.190097781454019,0.40626943,0.026544999999999985,0.03372249999999999,0.05729000000000001,0.07758500000000002,0.1837625,0.21596500000000002,0.15180749999999998,321.50063336,2,"{""geodesic"":false,""type"":""Point"",""coordinates"":[38.27733059305381,-3.4781904270741424]}"
0000000000000000041a_0,0.2199319367460058,0.481188,0.021540000000000004,0.02896499999999999,0.05225750000000001,0.064,0.18271749999999998,0.1862375,0.1228225,320.94007808000003,2,"{""geodesic"":false,""type"":""Point"",""coordinates"":[38.27760066806645,-3.4781906347152853]}"
0000000000000000041b_0,0.1550244491071348,0.30671117,0.03328249999999999,0.04224749999999999,0.07169999999999999,0.10701,0.2016925,0.26271500000000003,0.20249,322.21841756000003,2,"{""geodesic"":false,""type"":""Point"",""coordinates"":[38.27706051805739,-3.4781902193554015]}"
0000000000000000041c_0,0.1550244491071348,0.30671117,0.03328249999999999,0.04224749999999999,0.07169999999999999,0.10701,0.2016925,0.26271500000000003,0.20249,322.21841756000003,2,"{""geodesic"":false,""type"":""Point"",""coordinates"":[38.27706051805739,-3.4781902193554015]}"
0000000000000000041d_0,0.1550244491071348,0.30671117,0.03328249999999999,0.04224749999999999,0.07169999999999999,0.10701,0.2016925,0.26271500000000003,0.20249,322.21841756000003,2,"{""geodesic"":false,""type"":""Point"",""coordinates"":[38.27706051805739,-3.4781902193554015]}"
0000000000000000041e_0,0.190097781454019,0.40626943,0.026544999999999985,0.03372249999999999,0.05729000000000001,0.07758500000000002,0.1837625,0.21596500000000002,0.15180749999999998,321.50063336,2,"{""geodesic"":false,""type"":""Point"",""coordinates"":[38.27733059305381,-3.4781904270741424]}"
0000000000000000041f_0,0.1550244491071348,0.30671117,0.03328249999999999,0.04224749999999999,0.07169999999999999,0.10701,0.2016925,0.26271500000000003,0.20249,322.21841756000003,2,"{""geodesic"":false,""type"":""Point"",""coordinates"":[38.27706051805739,-3.4781902193554015]}"
00000000000000000420_0,0.190097781454019,0.40626943,0.026544999999999985,0.03372249999999999,0.05729000000000001,0.07758500000000002,0.1837625,0.21596500000000002,0.15180749999999998,321.50063336,2,"{""geodesic"":false,""type"":""Point"",""coordinates"":[38.27733059305381,-3.4781904270741424]}"
00000000000000000421_0,0.20030878835888072,0.43290773,0.025169999999999998,0.032952499999999996,0.05539250000000001,0.0715075,0.18068250000000002,0.20768750000000002,0.14193499999999998,321.3023882,2,"{""geodesic"":false,""type"":""Point"",""coordinates"":[38.277330799721135,-3.477919039426985]}"
00000000000000000422_0,0.1921675865028593,0.41357258,0.02621499999999999,0.03383249999999999,0.0566025,0.0750825,0.180985,0.21566249999999998,0.14859,321.16566739999996,2,"{""geodesic"":false,""type"":""Point"",""coordinates"":[38.27706093153026,-3.4776474440920038]}"
00000000000000000423_0,0.1921675865028593,0.41357258,0.02621499999999999,0.03383249999999999,0.0566025,0.0750825,0.180985,0.21566249999999998,0.14859,321.16566739999996,2,"{""geodesic"":false,""type"":""Point"",""coordinates"":[38.27706093153026,-3.4776474440920038]}"
00000000000000000424_0,0.20594586451062127,0.44337314,0.025554999999999994,0.031907500000000005,0.05473250000000002,0.07079249999999998,0.18357,0.19971250000000002,0.1351425,321.22719176,2,"{""geodesic"":false,""type"":""Point"",""coordinates"":[38.277331006372236,-3.4776476517782533]}"
00000000000000000425_0,0.21590346023618787,0.48160475,0.02145749999999999,0.028854999999999992,0.05115750000000002,0.06191000000000002,0.1769425,0.18351499999999998,0.12119999999999997,320.96742224,2,"{""geodesic"":false,""type"":""Point"",""coordinates"":[38.2778709496082,-3.4779194545992014]}"
00000000000000000426_0,0.21590346023618787,0.48160475,0.02145749999999999,0.028854999999999992,0.05115750000000002,0.06191000000000002,0.1769425,0.18351499999999998,0.12119999999999997,320.96742224,2,"{""geodesic"":false,""type"":""Point"",""coordinates"":[38.2778709496082,-3.4779194545992014]}"
00000000000000000427_0,0.21502693564976524,0.46327454,0.025224999999999997,0.03157750000000001,0.053852500000000025,0.06727250000000001,0.18340499999999998,0.19377250000000001,0.13239250000000002,321.42543692,2,"{""geodesic"":false,""type"":""Point"",""coordinates"":[38.27760108123045,-3.4776478593869173]}"
00000000000000000428_0,0.1566951566951567,0.31193104,0.031962500000000005,0.039965,0.06842749999999997,0.10676249999999998,0.20356249999999998,0.26741750000000003,0.2023525,322.39957261999996,2,"{""geodesic"":false,""type"":""Point"",""coordinates"":[38.274631295555395,-3.476288633970781]}"
00000000000000000429_0,0.14760495733093185,0.288165,0.033805,0.0413125,0.07277250000000002,0.11691000000000001,0.211565,0.2807,0.228725,322.464515,2,"{""geodesic"":false,""type"":""Point"",""coordinates"":[38.27463150288092,-3.4760172464753274]}"
0000000000000000042a_0,0.21029742872711202,0.4593767,0.025389999999999996,0.031797500000000006,0.05214750000000001,0.06619999999999998,0.1787025,0.20007000000000003,0.14160499999999998,322.00308229999996,2,"{""geodesic"":false,""type"":""Point"",""coordinates"":[38.27490157711346,-3.4760174547620424]}"
0000000000000000042b_0,0.21029742872711202,0.4593767,0.025389999999999996,0.031797500000000006,0.05214750000000001,0.06619999999999998,0.1787025,0.20007000000000003,0.14160499999999998,322.00308229999996,2,"{""geodesic"":false,""type"":""Point"",""coordinates"":[38.27490157711346,-3.4760174547620424]}"
0000000000000000042c_0,0.16006780375555513,0.320199,0.02912999999999999,0.03727,0.06630999999999998,0.10640500000000003,0.2066425,0.26959,0.20603749999999998,322.21158152,2,"{""geodesic"":false,""type"":""Point"",""coordinates"":[38.27490178434553,-3.4757460672487137]}"
0000000000000000042d_0,0.19881320190280027,0.4247452,0.024152499999999993,0.03174250000000001,0.055475,0.07549499999999998,0.18697999999999998,0.2236375,0.16058,321.60317396,2,"{""geodesic"":false,""type"":""Point"",""coordinates"":[38.275171858517176,-3.4757462754415855]}"
0000000000000000042e_0,0.21945541976783364,0.49044296,0.01994499999999999,0.026847499999999996,0.048765,0.061415,0.1796375,0.1889325,0.12516,321.1143971,2,"{""geodesic"":false,""type"":""Point"",""coordinates"":[38.2754419327051,-3.475746483556915]}"
0000000000000000042f_0,0.22346312404874452,0.48077834,0.022887500000000005,0.029157500000000003,0.05269750000000001,0.06584250000000003,0.18777749999999999,0.2002625,0.144355,321.0802169,2,"{""geodesic"":false,""type"":""Point"",""coordinates"":[38.275441725627374,-3.4760178711028256]}"
00000000000000000430_0,0.22346312404874452,0.48077834,0.022887500000000005,0.029157500000000003,0.05269750000000001,0.06584250000000003,0.18777749999999999,0.2002625,0.144355,321.0802169,2,"{""geodesic"":false,""type"":""Point"",""coordinates"":[38.275441725627374,-3.4760178711028256]}"
00000000000000000431_0,0.22346312404874452,0.48077834,0.022887500000000005,0.029157500000000003,0.05269750000000001,0.06584250000000003,0.18777749999999999,0.2002625,0.144355,321.0802169,2,"{""geodesic"":false,""type"":""Point"",""coordinates"":[38.275441725627374,-3.4760178711028256]}"
00000000000000000432_0,0.19353970926699007,0.42065734,0.02547250000000001,0.0322375,0.055227499999999985,0.07357000000000002,0.1804075,0.21481,0.15012999999999999,321.3878387,2,"{""geodesic"":false,""type"":""Point"",""coordinates"":[38.27517165136228,-3.4760176629712083]}"
00000000000000000433_0,0.19353970926699007,0.42065734,0.02547250000000001,0.0322375,0.055227499999999985,0.07357000000000002,0.1804075,0.21481,0.15012999999999999,321.3878387,2,"{""geodesic"":false,""type"":""Point"",""coordinates"":[38.27517165136228,-3.4760176629712083]}"
00000000000000000434_0,0.21029742872711202,0.4593767,0.025389999999999996,0.031797500000000006,0.05214750000000001,0.06619999999999998,0.1787025,0.20007000000000003,0.14160499999999998,322.00308229999996,2,"{""geodesic"":false,""type"":""Point"",""coordinates"":[38.27490157711346,-3.4760174547620424]}"
00000000000000000435_0,0.2017267228454739,0.44520277,0.026654999999999984,0.0327325,0.053192499999999976,0.06685999999999998,0.17416500000000001,0.19088500000000003,0.12658999999999998,322.14322112,2,"{""geodesic"":false,""type"":""Point"",""coordinates"":[38.27490136986511,-3.4762888422737963]}"
00000000000000000436_0,0.2017267228454739,0.44520277,0.026654999999999984,0.0327325,0.053192499999999976,0.06685999999999998,0.17416500000000001,0.19088500000000003,0.12658999999999998,322.14322112,2,"{""geodesic"":false,""type"":""Point"",""coordinates"":[38.27490136986511,-3.4762888422737963]}"
00000000000000000437_0,0.2017267228454739,0.44520277,0.026654999999999984,0.0327325,0.053192499999999976,0.06685999999999998,0.17416500000000001,0.19088500000000003,0.12658999999999998,322.14322112,2,"{""geodesic"":false,""type"":""Point"",""coordinates"":[38.27490136986511,-3.4762888422737963]}"
00000000000000000438_0,0.2017267228454739,0.44520277,0.026654999999999984,0.0327325,0.053192499999999976,0.06685999999999998,0.17416500000000001,0.19088500000000003,0.12658999999999998,322.14322112,2,"{""geodesic"":false,""type"":""Point"",""coordinates"":[38.27490136986511,-3.4762888422737963]}"
00000000000000000439_0,0.17718914020314924,0.3605959,0.031,0.03831499999999999,0.0633125,0.09152749999999998,0.1947625,0.253585,0.19198500000000002,322.23550766,2,"{""geodesic"":false,""type"":""Point"",""coordinates"":[38.27517123700367,-3.47656043802573]}"
0000000000000000043a_0,0.1821409276838774,0.38559943,0.02745249999999999,0.034355,0.05792249999999999,0.08272750000000001,0.1865675,0.2277075,0.157445,321.61342802,2,"{""geodesic"":false,""type"":""Point"",""coordinates"":[38.27517144419111,-3.4762890504992567]}"
0000000000000000043b_0,0.2017267228454739,0.44520277,0.026654999999999984,0.0327325,0.053192499999999976,0.06685999999999998,0.17416500000000001,0.19088500000000003,0.12658999999999998,322.14322112,2,"{""geodesic"":false,""type"":""Point"",""coordinates"":[38.27490136986511,-3.4762888422737963]}"
0000000000000000043c_0,0.2017267228454739,0.44520277,0.026654999999999984,0.0327325,0.053192499999999976,0.06685999999999998,0.17416500000000001,0.19088500000000003,0.12658999999999998,322.14322112,2,"{""geodesic"":false,""type"":""Point"",""coordinates"":[38.27490136986511,-3.4762888422737963]}"
0000000000000000043d_0,0.2017267228454739,0.44520277,0.026654999999999984,0.0327325,0.053192499999999976,0.06685999999999998,0.17416500000000001,0.19088500000000003,0.12658999999999998,322.14322112,2,"{""geodesic"":false,""type"":""Point"",""coordinates"":[38.27490136986511,-3.4762888422737963]}"
0000000000000000043e_0,0.2017267228454739,0.44520277,0.026654999999999984,0.0327325,0.053192499999999976,0.06685999999999998,0.17416500000000001,0.19088500000000003,0.12658999999999998,322.14322112,2,"{""geodesic"":false,""type"":""Point"",""coordinates"":[38.27490136986511,-3.4762888422737963]}"
0000000000000000043f_0,0.21029742872711202,0.4593767,0.025389999999999996,0.031797500000000006,0.05214750000000001,0.06619999999999998,0.1787025,0.20007000000000003,0.14160499999999998,322.00308229999996,2,"{""geodesic"":false,""type"":""Point"",""coordinates"":[38.27490157711346,-3.4760174547620424]}"
00000000000000000440_0,0.21407199021839618,0.46036866,0.022997500000000004,0.0294875,0.05407250000000002,0.06941750000000002,0.18786000000000003,0.1980075,0.14193499999999998,320.94691412,2,"{""geodesic"":false,""type"":""Point"",""coordinates"":[38.275711799908734,-3.476018079156894]}"
00000000000000000441_0,0.21535419096394712,0.4708663,0.023162500000000003,0.0293775,0.053027500000000005,0.06562249999999997,0.182415,0.19138,0.13475749999999997,320.9093159,2,"{""geodesic"":false,""type"":""Point"",""coordinates"":[38.27598187420635,-3.476018287133414]}"
00000000000000000442_0,0.20286860701880471,0.44751248,0.02151249999999999,0.02896499999999999,0.05201,0.06900499999999998,0.18079250000000002,0.20468999999999998,0.1415225,321.68862446,2,"{""geodesic"":false,""type"":""Point"",""coordinates"":[38.27625174165777,-3.476289882625549]}"
00000000000000000443_0,0.20232675771370773,0.4420107,0.021952499999999986,0.0295425,0.05272500000000002,0.07082,0.18302000000000002,0.20991500000000002,0.1507075,321.61001,2,"{""geodesic"":false,""type"":""Point"",""coordinates"":[38.27652181606507,-3.4762900904632352]}"
00000000000000000444_0,0.20798215421263533,0.45548266,0.022035,0.030037499999999995,0.0533575,0.06774000000000002,0.1810675,0.19861250000000003,0.1352525,321.76723891999995,2,"{""geodesic"":false,""type"":""Point"",""coordinates"":[38.27652160926353,-3.4765614780710887]}"
00000000000000000445_0,0.20798215421263533,0.45548266,0.022035,0.030037499999999995,0.0533575,0.06774000000000002,0.1810675,0.19861250000000003,0.1352525,321.76723891999995,2,"{""geodesic"":false,""type"":""Point"",""coordinates"":[38.27652160926353,-3.4765614780710887]}"
00000000000000000446_0,0.20798215421263533,0.45548266,0.022035,0.030037499999999995,0.0533575,0.06774000000000002,0.1810675,0.19861250000000003,0.1352525,321.76723891999995,2,"{""geodesic"":false,""type"":""Point"",""coordinates"":[38.27652160926353,-3.4765614780710887]}"
00000000000000000447_0,0.18971045232575356,0.40982273,0.024675000000000002,0.0326775,0.056162500000000004,0.07615499999999997,0.18192000000000003,0.22438000000000002,0.15590500000000002,321.79458308,2,"{""geodesic"":false,""type"":""Point"",""coordinates"":[38.27652140244576,-3.476832865677366]}"
00000000000000000448_0,0.1869481576481034,0.40689048,0.023877499999999996,0.0322925,0.0566025,0.07596249999999999,0.1801875,0.2176975,0.15167000000000003,321.3878387,2,"{""geodesic"":false,""type"":""Point"",""coordinates"":[38.27652119561175,-3.477104253282069]}"
00000000000000000449_0,0.20601707056236007,0.4548621,0.021320000000000006,0.029404999999999987,0.05198249999999999,0.06729999999999997,0.17961,0.19011499999999998,0.13016499999999998,321.90737774,2,"{""geodesic"":false,""type"":""Point"",""coordinates"":[38.27625112097288,-3.477104045395591]}"
0000000000000000044a_0,0.17952800839423452,0.36775708,0.026764999999999983,0.034519999999999995,0.060975,0.09221499999999999,0.19949250000000002,0.2406875,0.17809750000000002,322.59098173999996,2,"{""geodesic"":false,""type"":""Point"",""coordinates"":[38.27598083934561,-3.4773752250021346]}"
0000000000000000044b_0,0.20651981686349252,0.44959944,0.021375000000000005,0.028194999999999998,0.05223,0.07076500000000002,0.186375,0.200015,0.13654500000000003,322.29019598,2,"{""geodesic"":false,""type"":""Point"",""coordinates"":[38.27625091404542,-3.4773754329824555]}"
0000000000000000044c_0,0.20651981686349252,0.44959944,0.021375000000000005,0.028194999999999998,0.05223,0.07076500000000002,0.186375,0.200015,0.13654500000000003,322.29019598,2,"{""geodesic"":false,""type"":""Point"",""coordinates"":[38.27625091404542,-3.4773754329824555]}"
0000000000000000044d_0,0.20666208652427814,0.45186716,0.022474999999999995,0.030560000000000004,0.053659999999999985,0.06823499999999999,0.1807375,0.1952025,0.1339325,321.64760822,2,"{""geodesic"":false,""type"":""Point"",""coordinates"":[38.27652098876149,-3.477375640885197]}"
0000000000000000044e_0,0.20594586451062127,0.44337314,0.025554999999999994,0.031907500000000005,0.05473250000000002,0.07079249999999998,0.18357,0.19971250000000002,0.1351425,321.22719176,2,"{""geodesic"":false,""type"":""Point"",""coordinates"":[38.277331006372236,-3.4776476517782533]}"
0000000000000000044f_0,0.20622230031824124,0.4314066,0.024785,0.032484999999999986,0.05544749999999998,0.07656750000000001,0.192755,0.219375,0.15590500000000002,322.29019598,2,"{""geodesic"":false,""type"":""Point"",""coordinates"":[38.27652078189499,-3.477647028486749]}"
00000000000000000450_0,0.20622230031824124,0.4314066,0.024785,0.032484999999999986,0.05544749999999998,0.07656750000000001,0.192755,0.219375,0.15590500000000002,322.29019598,2,"{""geodesic"":false,""type"":""Point"",""coordinates"":[38.27652078189499,-3.477647028486749]}"
00000000000000000451_0,0.20622230031824124,0.4314066,0.024785,0.032484999999999986,0.05544749999999998,0.07656750000000001,0.192755,0.219375,0.15590500000000002,322.29019598,2,"{""geodesic"":false,""type"":""Point"",""coordinates"":[38.27652078189499,-3.477647028486749]}"
00000000000000000452_0,0.20622230031824124,0.4314066,0.024785,0.032484999999999986,0.05544749999999998,0.07656750000000001,0.192755,0.219375,0.15590500000000002,322.29019598,2,"{""geodesic"":false,""type"":""Point"",""coordinates"":[38.27652078189499,-3.477647028486749]}"
00000000000000000453_0,0.1481481481481481,0.28160253,0.033365000000000006,0.04235749999999999,0.0782175,0.1252975,0.2235275,0.2997575,0.2529525,323.16179108,2,"{""geodesic"":false,""type"":""Point"",""coordinates"":[38.27652057501225,-3.4779184160867262]}"
00000000000000000454_0,0.18071406237786286,0.38525048,0.027342499999999992,0.03501499999999999,0.057894999999999974,0.08116000000000001,0.1828825,0.22801,0.16085500000000003,321.68178842,2,"{""geodesic"":false,""type"":""Point"",""coordinates"":[38.27706072480194,-3.4779188317244905]}"
00000000000000000455_0,0.21469123403906465,0.47128716,0.022612500000000008,0.030120000000000008,0.052202499999999985,0.06463249999999998,0.1798575,0.1901425,0.12625999999999998,321.10414304,2,"{""geodesic"":false,""type"":""Point"",""coordinates"":[38.27760087465656,-3.477919247051889]}"
00000000000000000456_0,0.2199319367460058,0.481188,0.021540000000000004,0.02896499999999999,0.05225750000000001,0.064,0.18271749999999998,0.1862375,0.1228225,320.94007808000003,2,"{""geodesic"":false,""type"":""Point"",""coordinates"":[38.27760066806645,-3.4781906347152853]}"
00000000000000000457_0,0.21027355194667904,0.46392834,0.018762499999999988,0.02849750000000001,0.053192499999999976,0.06636500000000001,0.18123250000000002,0.19201250000000003,0.12824000000000002,320.52307964,2,"{""geodesic"":false,""type"":""Point"",""coordinates"":[38.277870743095306,-3.4781908422788317]}"
00000000000000000458_0,0.21027355194667904,0.46392834,0.018762499999999988,0.02849750000000001,0.053192499999999976,0.06636500000000001,0.18123250000000002,0.19201250000000003,0.12824000000000002,320.52307964,2,"{""geodesic"":false,""type"":""Point"",""coordinates"":[38.277870743095306,-3.4781908422788317]}"
00000000000000000459_0,0.21027355194667904,0.46392834,0.018762499999999988,0.02849750000000001,0.053192499999999976,0.06636500000000001,0.18123250000000002,0.19201250000000003,0.12824000000000002,320.52307964,2,"{""geodesic"":false,""type"":""Point"",""coordinates"":[38.277870743095306,-3.4781908422788317]}"
0000000000000000045a_0,0.2244503549491972,0.4568404,0.0174975,0.030505000000000004,0.06224000000000002,0.07670500000000002,0.205735,0.19982250000000001,0.13506,325.98507559999996,2,"{""geodesic"":false,""type"":""Point"",""coordinates"":[38.263003541322675,-3.495005288191174]}"
0000000000000000045b_0,0.2251527060940386,0.46301952,0.013867500000000005,0.027947499999999986,0.06202000000000002,0.07582499999999998,0.20658749999999998,0.20290249999999999,0.13566499999999998,326.7541301,2,"{""geodesic"":false,""type"":""Point"",""coordinates"":[38.26273261477646,-3.4960906219697967]}"
0000000000000000045c_0,0.1570921777307383,0.3802838,0.017634999999999984,0.02506,0.05690499999999998,0.0718375,0.1600025,0.170865,0.11704750000000003,313.09572218,2,"{""geodesic"":false,""type"":""Point"",""coordinates"":[38.27428315049441,-3.576973070636554]}"
0000000000000000045d_0,0.1570921777307383,0.3802838,0.017634999999999984,0.02506,0.05690499999999998,0.0718375,0.1600025,0.170865,0.11704750000000003,313.09572218,2,"{""geodesic"":false,""type"":""Point"",""coordinates"":[38.27428315049441,-3.576973070636554]}"
0000000000000000045e_0,0.1527557066332706,0.41604888,0.012630000000000002,0.022062499999999985,0.04642750000000001,0.05602499999999999,0.13585750000000002,0.151175,0.09554249999999997,312.96583741999996,2,"{""geodesic"":false,""type"":""Point"",""coordinates"":[38.27428336394263,-3.5767016837500836]}"
0000000000000000045f_0,0.1527557066332706,0.41604888,0.012630000000000002,0.022062499999999985,0.04642750000000001,0.05602499999999999,0.13585750000000002,0.151175,0.09554249999999997,312.96583741999996,2,"{""geodesic"":false,""type"":""Point"",""coordinates"":[38.27428336394263,-3.5767016837500836]}"
00000000000000000460_0,0.15366455065316612,0.41726348,0.0143625,0.021842499999999987,0.046509999999999996,0.05624499999999999,0.13679249999999998,0.1396525,0.09441500000000003,312.95558336,2,"{""geodesic"":false,""type"":""Point"",""coordinates"":[38.27428357737455,-3.576430296861993]}"
00000000000000000461_0,0.15234444466399258,0.36374164,0.018240000000000006,0.028304999999999997,0.058142499999999986,0.07417499999999999,0.158985,0.15705999999999998,0.11215249999999999,314.04251372,2,"{""geodesic"":false,""type"":""Point"",""coordinates"":[38.27482399701844,-3.5761593386562756]}"
00000000000000000462_0,0.165655946103697,0.39476418,0.016012499999999985,0.026187500000000002,0.05572250000000001,0.0706,0.1626975,0.158325,0.10618499999999997,313.82034242,2,"{""geodesic"":false,""type"":""Point"",""coordinates"":[38.274284217572486,-3.5756161361880006]}"
00000000000000000463_0,0.14246781409342216,0.35011512,0.015215000000000006,0.025829999999999992,0.05745499999999998,0.07445000000000002,0.1546675,0.16005750000000002,0.10987000000000002,313.05128792,2,"{""geodesic"":false,""type"":""Point"",""coordinates"":[38.2767113141665,-3.5805030289229234]}"
00000000000000000464_0,0.1542476449121617,0.4408368,0.010209999999999997,0.018515000000000004,0.042605000000000004,0.05071749999999997,0.1306875,0.11847750000000001,0.0781075,312.09766034,2,"{""geodesic"":false,""type"":""Point"",""coordinates"":[38.27617131827128,-3.5802312138560746]}"
00000000000000000465_0,0.1542476449121617,0.4408368,0.010209999999999997,0.018515000000000004,0.042605000000000004,0.05071749999999997,0.1306875,0.11847750000000001,0.0781075,312.09766034,2,"{""geodesic"":false,""type"":""Point"",""coordinates"":[38.27617131827128,-3.5802312138560746]}"
00000000000000000466_0,0.19085336526161745,0.46997777,0.015875,0.021842499999999987,0.050387499999999974,0.05784,0.16041499999999997,0.14160499999999998,0.09309499999999998,313.89895688,2,"{""geodesic"":false,""type"":""Point"",""coordinates"":[38.276980567067625,-3.581588790943469]}"
00000000000000000467_0,0.18602554778172736,0.4625252,0.012877499999999986,0.021842499999999987,0.047719999999999985,0.05803249999999999,0.1579125,0.14023000000000002,0.09232499999999999,313.71096578000004,2,"{""geodesic"":false,""type"":""Point"",""coordinates"":[38.27698035412137,-3.5818601779635815]}"
00000000000000000468_0,0.16599804305283752,0.41481522,0.008064999999999989,0.01983499999999999,0.05352249999999997,0.06581500000000001,0.1591225,0.168665,0.10978749999999998,313.71780182,2,"{""geodesic"":false,""type"":""Point"",""coordinates"":[38.27724982036142,-3.582674552988167]}"
00000000000000000473_0,0.2417642696789004,0.53074384,0.014857499999999996,0.024317499999999992,0.05137750000000002,0.057867500000000016,0.18876749999999998,0.162615,0.10384749999999998,313.56399092000004,2,"{""geodesic"":false,""type"":""Point"",""coordinates"":[38.28157171702783,-3.582406578410181]}"
00000000000000000474_0,0.2417642696789004,0.53074384,0.014857499999999996,0.024317499999999992,0.05137750000000002,0.057867500000000016,0.18876749999999998,0.162615,0.10384749999999998,313.56399092000004,2,"{""geodesic"":false,""type"":""Point"",""coordinates"":[38.28157171702783,-3.582406578410181]}"
00000000000000000475_0,0.2123276193480339,0.44686267,0.021815,0.03157750000000001,0.06061749999999999,0.07332250000000001,0.19179249999999998,0.19635750000000002,0.13066,314.43558601999996,2,"{""geodesic"":false,""type"":""Point"",""coordinates"":[38.28130076468679,-3.583491914819573]}"
00000000000000000476_0,0.25195173882185945,0.55433947,0.01582,0.0236025,0.051460000000000006,0.05415500000000001,0.18887749999999998,0.16014,0.09779749999999998,313.36916378,2,"{""geodesic"":false,""type"":""Point"",""coordinates"":[38.280220342152404,-3.583491063046088]}"
00000000000000000478_0,0.20250695020240939,0.44055176,0.01686499999999999,0.028277499999999983,0.057730000000000004,0.07249749999999999,0.1866775,0.17103000000000002,0.11209750000000002,316.14801404,2,"{""geodesic"":false,""type"":""Point"",""coordinates"":[38.280221190410735,-3.5824055142164895]}"
0000000000000000047b_0,0.22917274474099858,0.48198658,0.021842499999999987,0.03064249999999999,0.05646499999999999,0.06732749999999998,0.1926175,0.18467,0.12004500000000001,316.98884696,2,"{""geodesic"":false,""type"":""Point"",""coordinates"":[38.2780637492873,-3.578061613846444]}"
0000000000000000047e_0,0.19016461546450644,0.45749006,0.017002500000000004,0.025967500000000004,0.04983750000000001,0.059709999999999985,0.16041499999999997,0.15403499999999998,0.10128999999999999,312.89405899999997,2,"{""geodesic"":false,""type"":""Point"",""coordinates"":[38.27374315746189,-3.5767012546816623]}"
0000000000000000047f_0,0.16611159501972633,0.40910864,0.01796500000000001,0.0264075,0.05264249999999998,0.06438500000000003,0.15354,0.15714250000000002,0.1058,313.66994954,2,"{""geodesic"":false,""type"":""Point"",""coordinates"":[38.27374379818521,-3.5758870941104415]}"
00000000000000000480_0,0.18774355415576788,0.4981907,0.012355000000000005,0.019972500000000004,0.041972499999999996,0.04871,0.1454275,0.12378499999999998,0.07887749999999999,312.58985522,2,"{""geodesic"":false,""type"":""Point"",""coordinates"":[38.273746146248094,-3.5729018385579354]}"
00000000000000000481_0,0.1601139241836659,0.43051648,0.012932499999999986,0.021787499999999987,0.046235,0.055420000000000025,0.13921250000000002,0.12691999999999998,0.08622000000000002,313.00001762,2,"{""geodesic"":false,""type"":""Point"",""coordinates"":[38.2740166749188,-3.5723592791130354]}"
00000000000000000482_0,0.21509167842031035,0.4911125,0.013097499999999984,0.02379500000000001,0.0504425,0.06083749999999999,0.1782625,0.15670250000000002,0.10285749999999999,315.68658134,2,"{""geodesic"":false,""type"":""Point"",""coordinates"":[38.2732076497667,-3.5707303148185776]}"
00000000000000000483_0,0.2179059935339468,0.48357835,0.015105000000000007,0.025142499999999984,0.055117499999999986,0.06433,0.1848075,0.1677575,0.1085775,316.13434196000003,2,"{""geodesic"":false,""type"":""Point"",""coordinates"":[38.27293776179902,-3.570458713522478]}"
00000000000000000484_0,0.1741873477466504,0.35497007,0.03053249999999999,0.039470000000000005,0.06845499999999999,0.09147250000000001,0.19215,0.22974250000000002,0.16421000000000002,319.01573282,2,"{""geodesic"":false,""type"":""Point"",""coordinates"":[38.27212767151386,-3.5701866829368027]}"
00000000000000000485_0,0.1610620730378831,0.38265496,0.020439999999999986,0.03036749999999999,0.057042499999999996,0.07018750000000001,0.1571975,0.15774749999999998,0.10821999999999998,314.80473218,2,"{""geodesic"":false,""type"":""Point"",""coordinates"":[38.27239841348165,-3.5693727371544655]}"
00000000000000000486_0,0.15356622256653849,0.37958837,0.018102499999999994,0.02772749999999999,0.05387999999999998,0.06771250000000001,0.15056999999999998,0.1476825,0.10139999999999999,314.20316066,2,"{""geodesic"":false,""type"":""Point"",""coordinates"":[38.27239862702828,-3.569101350337012]}"
0000000000000000048c_0,0.27547686374037017,0.5496113,0.018350000000000005,0.028057499999999985,0.05456749999999999,0.06213000000000002,0.21376499999999998,0.1685275,0.10659750000000001,317.05037131999995,2,"{""geodesic"":false,""type"":""Point"",""coordinates"":[38.27563962665922,-3.5693753062777644]}"
0000000000000000048d_0,0.2612838465456797,0.5353774,0.018075000000000008,0.027232499999999993,0.05467749999999999,0.0624325,0.2063125,0.17301,0.10764249999999997,317.49471392,2,"{""geodesic"":false,""type"":""Point"",""coordinates"":[38.27536952547146,-3.569375092622157]}"
0000000000000000048e_0,0.2718477652514592,0.55837566,0.015600000000000003,0.02506,0.052559999999999996,0.05915999999999999,0.20876,0.16937999999999998,0.10395749999999998,317.73739334,2,"{""geodesic"":false,""type"":""Point"",""coordinates"":[38.275369738146274,-3.5691037056251673]}"
0000000000000000048f_0,0.26686953823361603,0.5398649,0.017524999999999985,0.028057499999999985,0.055420000000000025,0.062487499999999974,0.2091175,0.17125,0.10885250000000002,319.34386273999996,2,"{""geodesic"":false,""type"":""Point"",""coordinates"":[38.276180253941355,-3.5688329592567993]}"
00000000000000000490_0,0.2675434690100842,0.5494056,0.015435000000000004,0.024812499999999987,0.054842500000000016,0.060975,0.2096675,0.17518250000000002,0.11080499999999999,318.57480824,2,"{""geodesic"":false,""type"":""Point"",""coordinates"":[38.27591015287957,-3.568832745793011]}"
000000000000000004a0_0,0.23460453069429404,0.45265764,0.025087499999999985,0.036775,0.0662275,0.08072000000000001,0.2142325,0.20144499999999999,0.13085249999999998,320.60853013999997,2,"{""geodesic"":false,""type"":""Point"",""coordinates"":[38.276450355019385,-3.568833172640963]}"
000000000000000004a4_0,0.15510023792075336,0.38061005,0.01628750000000001,0.0265725,0.05374249999999997,0.0691425,0.15411750000000002,0.14831499999999997,0.10302250000000002,314.17923452,2,"{""geodesic"":false,""type"":""Point"",""coordinates"":[38.27428720322329,-3.571816719516685]}"
000000000000000004a5_0,0.13302171383858252,0.35589612,0.015160000000000007,0.024757499999999988,0.04956250000000001,0.06430249999999998,0.1353625,0.1292025,0.09001500000000001,313.5434828,2,"{""geodesic"":false,""type"":""Point"",""coordinates"":[38.27401688816925,-3.5720878922153547]}"
000000000000000004a6_0,0.15747914183551848,0.37351823,0.017634999999999984,0.028634999999999994,0.05566749999999998,0.07312999999999997,0.1603325,0.15761000000000003,0.1110525,317.23836242,2,"{""geodesic"":false,""type"":""Point"",""coordinates"":[38.27536739782824,-3.572088962503108]}"
000000000000000004a7_0,0.17539341050037374,0.4304903,0.013702500000000006,0.023519999999999985,0.052202499999999985,0.06317499999999998,0.1586825,0.1516425,0.10145500000000002,313.76223608,2,"{""geodesic"":false,""type"":""Point"",""coordinates"":[38.27482634176813,-3.5731740824038263]}"
000000000000000004a8_0,0.15036258694686988,0.3622299,0.016672500000000007,0.02756249999999999,0.05610749999999998,0.07379000000000002,0.15761000000000003,0.1511475,0.1072575,314.3296274,2,"{""geodesic"":false,""type"":""Point"",""coordinates"":[38.274825915596594,-3.5737168562824797]}"
000000000000000004aa_0,0.17505194569405497,0.4066524,0.017249999999999988,0.029294999999999988,0.0563825,0.06963750000000002,0.16509000000000001,0.16201,0.11064000000000002,316.16168612,2,"{""geodesic"":false,""type"":""Point"",""coordinates"":[38.27536420331186,-3.576159767021116]}"
000000000000000004ab_0,0.18344113592766464,0.38692445,0.02396000000000001,0.03449250000000001,0.06644749999999999,0.08292,0.187585,0.19765,0.134895,315.69341738,2,"{""geodesic"":false,""type"":""Point"",""coordinates"":[38.27536207159987,-3.5788736364973315]}"
000000000000000004ac_0,0.20096203670209123,0.42192033,0.02437249999999999,0.033172499999999994,0.06356,0.0774475,0.1905,0.19278250000000002,0.13137500000000002,315.40630369999997,2,"{""geodesic"":false,""type"":""Point"",""coordinates"":[38.27428186946284,-3.578601391921349]}"
000000000000000004ad_0,0.1955903626477778,0.42621672,0.020549999999999985,0.03168750000000001,0.057867500000000016,0.07257999999999998,0.1804075,0.17171750000000002,0.11415999999999998,314.28519314,2,"{""geodesic"":false,""type"":""Point"",""coordinates"":[38.275361645062176,-3.5794164103731263]}"
000000000000000004ae_0,0.21632694350311069,0.4674549,0.022529999999999994,0.030312499999999992,0.054485000000000006,0.06699749999999999,0.18461500000000003,0.18863000000000002,0.1206775,320.6187842,2,"{""geodesic"":false,""type"":""Point"",""coordinates"":[38.27535630784785,-3.586201083273038]}"
000000000000000004af_0,0.2046856720029599,0.46467045,0.016204999999999997,0.02552750000000001,0.054869999999999974,0.06485249999999998,0.17743750000000003,0.16091,0.103105,315.67632728,2,"{""geodesic"":false,""type"":""Point"",""coordinates"":[38.27859609273038,-3.588103363571113]}"
000000000000000004b0_0,0.19128575580188478,0.45570615,0.01832249999999999,0.026709999999999984,0.050827500000000025,0.060535000000000005,0.1619,0.15906750000000003,0.10593750000000002,316.30866098,2,"{""geodesic"":false,""type"":""Point"",""coordinates"":[38.279137157110746,-3.5870182426682113]}"
000000000000000004b1_0,0.22284398936381322,0.46798757,0.021155000000000007,0.030560000000000004,0.059242499999999976,0.07021499999999997,0.193745,0.18739250000000002,0.12403249999999999,316.58893862,2,"{""geodesic"":false,""type"":""Point"",""coordinates"":[38.27967737028622,-3.5870186697756186]}"
000000000000000004b2_0,0.16650166938426897,0.37190214,0.020027500000000004,0.031384999999999996,0.06202000000000002,0.079675,0.1740275,0.18057250000000002,0.1250775,320.6871446,2,"{""geodesic"":false,""type"":""Point"",""coordinates"":[38.27859800772253,-3.5856608797910794]}"
000000000000000004b3_0,0.17856635104779783,0.37867272,0.020962499999999995,0.033062499999999995,0.06696999999999997,0.08500999999999997,0.18863000000000002,0.19300250000000002,0.13170500000000002,319.94885228,2,"{""geodesic"":false,""type"":""Point"",""coordinates"":[38.27724790339212,-3.585117036198573]}"
000000000000000004b4_0,0.19423639065775625,0.4274631,0.018707499999999988,0.0293775,0.05976500000000001,0.07268999999999998,0.18123250000000002,0.18486249999999999,0.12549,314.71244564,2,"{""geodesic"":false,""type"":""Point"",""coordinates"":[38.27751864819793,-3.5843030891345564]}"
000000000000000004b7_0,0.18470604438847782,0.42032585,0.017002500000000004,0.027205000000000007,0.05308249999999998,0.07120500000000002,0.1744675,0.1851375,0.12625999999999998,319.49083759999996,2,"{""geodesic"":false,""type"":""Point"",""coordinates"":[38.29563191008847,-3.5631489667557013]}"
000000000000000004b8_0,0.1792974705813363,0.39083698,0.02302499999999999,0.032594999999999985,0.0594075,0.07862999999999998,0.1795275,0.20980500000000002,0.14328249999999998,319.40880512,2,"{""geodesic"":false,""type"":""Point"",""coordinates"":[38.29779477171588,-3.5604367393555267]}"
000000000000000004b9_0,0.20384902251215958,0.484305,0.017827499999999996,0.026077500000000003,0.0473625,0.0568225,0.16355000000000003,0.15323750000000003,0.10043750000000001,316.76667566000003,2,"{""geodesic"":false,""type"":""Point"",""coordinates"":[38.27751395956124,-3.5902736035595786]}"
000000000000000004ba_0,0.19326976088865297,0.46100202,0.016122499999999984,0.024455000000000005,0.049425,0.060865,0.16498000000000002,0.14729750000000003,0.09746749999999998,315.33452528,2,"{""geodesic"":false,""type"":""Point"",""coordinates"":[38.278865135543114,-3.5894605128472894]}"
000000000000000004bb_0,0.2588949351192968,0.5880294,0.013619999999999993,0.020769999999999983,0.04576749999999999,0.047664999999999985,0.18373499999999998,0.13981749999999998,0.08308500000000002,316.42829168000003,2,"{""geodesic"":false,""type"":""Point"",""coordinates"":[38.27724534538762,-3.588373680274498]}"
000000000000000004bc_0,0.17701884285425423,0.3987401,0.014692499999999997,0.02756249999999999,0.05770249999999999,0.07623750000000001,0.17735499999999998,0.18967499999999998,0.12713999999999998,317.28963272,2,"{""geodesic"":false,""type"":""Point"",""coordinates"":[38.303751609538786,-3.540901272094377]}"
000000000000000004bd_0,0.1794933888700538,0.40794557,0.014087500000000003,0.026682499999999998,0.05572250000000001,0.07395499999999999,0.17587000000000003,0.18458750000000002,0.12546249999999998,317.24861648,2,"{""geodesic"":false,""type"":""Point"",""coordinates"":[38.30402231196263,-3.540087309164995]}"
000000000000000004c5_0,0.17577155386397486,0.4493924,0.011062500000000003,0.02198,0.0476925,0.057262499999999994,0.150735,0.151615,0.10027249999999999,312.64112552,2,"{""geodesic"":false,""type"":""Point"",""coordinates"":[38.303206750151205,-3.5471428067768196]}"
000000000000000004c6_0,0.1606026739517365,0.416502,0.01180500000000001,0.023354999999999987,0.04868249999999999,0.05979249999999997,0.14515250000000002,0.15829749999999998,0.1072575,313.1162303,2,"{""geodesic"":false,""type"":""Point"",""coordinates"":[38.30320654690748,-3.547414195549768]}"
000000000000000004c7_0,0.15715487798841746,0.35837054,0.021045000000000008,0.0327325,0.06072749999999999,0.07816250000000002,0.16547499999999998,0.19754,0.139735,316.27106276,2,"{""geodesic"":false,""type"":""Point"",""coordinates"":[38.302665336850694,-3.548770730627315]}"
000000000000000004cb_0,0.21820816469294957,0.4721313,0.02005499999999999,0.02855250000000001,0.05299999999999999,0.067135,0.1872275,0.18225000000000002,0.12494,323.31218395999997,2,"{""geodesic"":false,""type"":""Point"",""coordinates"":[38.25382857582859,-3.4852281061886554]}"
000000000000000004cc_0,0.2121191552081919,0.4451773,0.021842499999999987,0.030285000000000006,0.05690499999999998,0.0749725,0.195285,0.19088500000000003,0.13594,324.02313212,2,"{""geodesic"":false,""type"":""Point"",""coordinates"":[38.25355871415536,-3.484956505129628]}"
000000000000000004cd_0,0.23036874657480616,0.461725,0.024620000000000003,0.033695,0.06155250000000001,0.07546750000000002,0.2049375,0.2063125,0.133905,324.77509652000003,2,"{""geodesic"":false,""type"":""Point"",""coordinates"":[38.250858174792356,-3.4846829659770258]}"
000000000000000004ce_0,0.21949065496817796,0.42965007,0.028579999999999994,0.037022499999999986,0.06652999999999998,0.08346999999999999,0.2092275,0.2216575,0.16220250000000003,324.75800642,2,"{""geodesic"":false,""type"":""Point"",""coordinates"":[38.25085796013721,-3.484954351963813]}"
000000000000000004cf_0,0.22641491220449267,0.4440744,0.02698500000000001,0.035977499999999996,0.06394499999999997,0.08074749999999997,0.20975,0.21500249999999999,0.14925,325.48604467999996,2,"{""geodesic"":false,""type"":""Point"",""coordinates"":[38.25058767007846,-3.485225522187991]}"
000000000000000004d0_0,0.20955760586704514,0.4139428,0.027260000000000006,0.03630749999999999,0.06424750000000001,0.08622000000000002,0.20801750000000002,0.23241,0.16206500000000001,323.68816616000004,2,"{""geodesic"":false,""type"":""Point"",""coordinates"":[38.25247562633721,-3.4884836637926373]}"
000000000000000004d1_0,0.18452284181433912,0.37445858,0.030202499999999993,0.0385075,0.06446750000000001,0.08864,0.1947625,0.249075,0.1821125,325.0793003,2,"{""geodesic"":false,""type"":""Point"",""coordinates"":[38.2527452740569,-3.4890266513741497]}"
000000000000000004d2_0,0.18480874012605242,0.36073592,0.031247499999999984,0.040982500000000005,0.06919750000000002,0.09702749999999999,0.2065325,0.279325,0.19916250000000002,324.88447315999997,2,"{""geodesic"":false,""type"":""Point"",""coordinates"":[38.253555932171274,-3.488484524999033]}"
000000000000000004d3_0,0.17871920999042246,0.35531577,0.03053249999999999,0.03977249999999999,0.06774000000000002,0.09589999999999999,0.20161,0.254465,0.192535,324.04022222000003,2,"{""geodesic"":false,""type"":""Point"",""coordinates"":[38.253015993474925,-3.4882127084507357]}"
000000000000000004d4_0,0.2062676720075401,0.40120828,0.030037499999999995,0.038699999999999984,0.066695,0.08982249999999997,0.21019,0.252155,0.1863475,325.00068583999996,2,"{""geodesic"":false,""type"":""Point"",""coordinates"":[38.25220512089714,-3.489026220392443]}"
000000000000000004d5_0,0.2505391662214836,0.47984257,0.029102500000000003,0.03705,0.06419249999999999,0.07549499999999998,0.2147825,0.19223250000000003,0.1290925,324.35468005999996,2,"{""geodesic"":false,""type"":""Point"",""coordinates"":[38.25166539713786,-3.488483017070669]}"
000000000000000004d6_0,0.23230354073234677,0.4571679,0.024620000000000003,0.03388749999999999,0.06389,0.07898749999999999,0.2120325,0.2151675,0.15436499999999997,323.54119130000004,2,"{""geodesic"":false,""type"":""Point"",""coordinates"":[38.251935688084856,-3.488211846688938]}"
000000000000000004d7_0,0.23281177291763622,0.46515703,0.023354999999999987,0.032704999999999984,0.06072749999999999,0.07593499999999997,0.20801750000000002,0.20612000000000003,0.1344825,323.16520909999997,2,"{""geodesic"":false,""type"":""Point"",""coordinates"":[38.26138709794766,-3.489847664573347]}"
000000000000000004d8_0,0.19876204225285665,0.3953068,0.027535000000000004,0.037187499999999984,0.06520999999999999,0.08861249999999998,0.20446999999999999,0.2270475,0.151505,325.0109399,2,"{""geodesic"":false,""type"":""Point"",""coordinates"":[38.26084673114736,-3.490118625049254]}"
000000000000000004d9_0,0.21896915768041625,0.43712473,0.021540000000000004,0.032649999999999985,0.06279000000000001,0.08226,0.21002500000000002,0.22272999999999998,0.1538425,323.71892834,2,"{""geodesic"":false,""type"":""Point"",""coordinates"":[38.261386038017626,-3.4912045976015915]}"
000000000000000004da_0,0.21461947005388474,0.44992948,0.01865249999999999,0.029707499999999998,0.05866500000000002,0.07458749999999997,0.19660500000000003,0.20898,0.13566499999999998,323.68474814,2,"{""geodesic"":false,""type"":""Point"",""coordinates"":[38.260845882550164,-3.4912041713358293]}"
000000000000000004db_0,0.26387988462008244,0.5126148,0.014334999999999987,0.027342499999999992,0.06279000000000001,0.07343250000000001,0.2279,0.19594499999999998,0.13170500000000002,325.01777594,2,"{""geodesic"":false,""type"":""Point"",""coordinates"":[38.265436573466,-3.4920219452071226]}"
000000000000000004dc_0,0.25222061752517966,0.49960056,0.015270000000000006,0.02739749999999999,0.06058999999999998,0.07359749999999998,0.22055750000000002,0.18797000000000003,0.127195,324.67939196,2,"{""geodesic"":false,""type"":""Point"",""coordinates"":[38.265436995261545,-3.491479171513394]}"
000000000000000004dd_0,0.24484305776339685,0.48524752,0.016617500000000007,0.02838750000000001,0.06012250000000002,0.07593499999999997,0.21910000000000002,0.193635,0.1352525,324.72724424,2,"{""geodesic"":false,""type"":""Point"",""coordinates"":[38.265437206134585,-3.491207784664157]}"
000000000000000004de_0,0.21657322056447773,0.43807778,0.020687499999999998,0.03215499999999999,0.061277499999999985,0.08039000000000002,0.205735,0.1921775,0.13420749999999998,325.07588228,2,"{""geodesic"":false,""type"":""Point"",""coordinates"":[38.265167339078495,-3.490936185904226]}"
000000000000000004df_0,0.22620086479914508,0.4714636,0.02093500000000001,0.0296525,0.056877500000000025,0.07112249999999998,0.1980075,0.18359750000000002,0.13668249999999998,325.85519084,2,"{""geodesic"":false,""type"":""Point"",""coordinates"":[38.26516754999605,-3.4906647990683384]}"
000000000000000004e0_0,0.2059000487054845,0.41975963,0.025032499999999985,0.03366749999999999,0.060809999999999975,0.08195750000000002,0.20053749999999998,0.2167075,0.15796749999999998,326.16623066,2,"{""geodesic"":false,""type"":""Point"",""coordinates"":[38.264897472177424,-3.4906645870978643]}"
000000000000000004e1_0,0.20812415731948697,0.4240398,0.025444999999999995,0.03344749999999999,0.05753750000000002,0.08129750000000002,0.201005,0.19514750000000003,0.1344825,326.66526158,2,"{""geodesic"":false,""type"":""Point"",""coordinates"":[38.264357527723234,-3.490392776135396]}"
000000000000000004e2_0,0.21633736701360162,0.43381205,0.026324999999999987,0.034574999999999995,0.061415,0.08072000000000001,0.204415,0.21687250000000002,0.157885,326.02950985999996,2,"{""geodesic"":false,""type"":""Point"",""coordinates"":[38.2646273943753,-3.4906643750495148]}"
000000000000000004e3_0,0.18919659994516042,0.373493,0.02838750000000001,0.03705,0.06460500000000002,0.0954875,0.2093375,0.24387750000000002,0.1729,325.46211854,2,"{""geodesic"":false,""type"":""Point"",""coordinates"":[38.26435710543963,-3.4909355497096017]}"
000000000000000004e4_0,0.18083765104315253,0.35365435,0.03176999999999999,0.04070750000000001,0.06906000000000001,0.09876000000000001,0.206835,0.2525675,0.18304750000000003,325.47579062,2,"{""geodesic"":false,""type"":""Point"",""coordinates"":[38.263006081659924,-3.4917486479288]}"
000000000000000004e5_0,0.19744359446112134,0.39345673,0.031275,0.039635000000000004,0.06581500000000001,0.08644000000000002,0.198585,0.2278175,0.1617075,325.01777594,2,"{""geodesic"":false,""type"":""Point"",""coordinates"":[38.26300629324714,-3.4914772612299814]}"
000000000000000004e6_0,0.18525750095301854,0.3747574,0.0264075,0.036087499999999995,0.06427499999999997,0.09141749999999998,0.201005,0.2478375,0.180325,325.13398861999997,2,"{""geodesic"":false,""type"":""Point"",""coordinates"":[38.26057495566851,-3.492289504280913]}"
000000000000000004e7_0,0.1965639777274127,0.39007747,0.027865,0.03680249999999999,0.0652375,0.09061999999999998,0.2065325,0.24632500000000002,0.1802975,326.09103422,2,"{""geodesic"":false,""type"":""Point"",""coordinates"":[38.26111511172297,-3.4922899308353563]}"
000000000000000004e8_0,0.19771222043166004,0.4007157,0.021650000000000003,0.03355749999999999,0.06317499999999998,0.0872925,0.20403,0.23012749999999998,0.15535500000000002,324.73408028,2,"{""geodesic"":false,""type"":""Point"",""coordinates"":[38.26084524592802,-3.492018331034149]}"
000000000000000004e9_0,0.1736421963592957,0.34447846,0.03242999999999999,0.04133999999999999,0.06718999999999997,0.09744000000000003,0.19985000000000003,0.2680225,0.19715500000000002,326.93186714,2,"{""geodesic"":false,""type"":""Point"",""coordinates"":[38.25922499121788,-3.491745663603464]}"
000000000000000004ea_0,0.15975662755323775,0.3116695,0.0321825,0.040075,0.06862000000000001,0.11163000000000001,0.21272000000000002,0.28741,0.22495749999999998,326.1047063,2,"{""geodesic"":false,""type"":""Point"",""coordinates"":[38.25922435310057,-3.492559822992923]}"
000000000000000004eb_0,0.19656994547763096,0.39042994,0.02167749999999999,0.036775,0.0690325,0.09039999999999998,0.2062025,0.2400275,0.162505,324.31024579999996,2,"{""geodesic"":false,""type"":""Point"",""coordinates"":[38.2605709184702,-3.4974458483602735]}"
000000000000000004ec_0,0.214492532764401,0.42811468,0.019972500000000004,0.034574999999999995,0.06716250000000001,0.08272750000000001,0.20658749999999998,0.21475500000000003,0.14298,324.91181731999995,2,"{""geodesic"":false,""type"":""Point"",""coordinates"":[38.26111107747322,-3.4974462755460247]}"
000000000000000004ed_0,0.22933040530127902,0.44270718,0.02453749999999999,0.03738,0.07029750000000001,0.08242500000000003,0.21338000000000001,0.23012749999999998,0.15453,326.62766336,2,"{""geodesic"":false,""type"":""Point"",""coordinates"":[38.26462422655333,-3.4947351769260218]}"
000000000000000004f4_0,0.18397262170876938,0.4114796,0.019339999999999996,0.02990000000000001,0.05445749999999999,0.07315749999999999,0.1754575,0.19099500000000003,0.1312375,320.71790678,2,"{""geodesic"":false,""type"":""Point"",""coordinates"":[38.29455171465121,-3.5628767485105857]}"
000000000000000004f5_0,0.18612011883725899,0.40967906,0.018405000000000005,0.029459999999999986,0.05731750000000002,0.07596249999999999,0.1813975,0.18359750000000002,0.1257375,322.08511478,2,"{""geodesic"":false,""type"":""Point"",""coordinates"":[38.29347152008453,-3.5626045291188326]}"
000000000000000004f6_0,0.20966392756974866,0.45918196,0.0175525,0.027067499999999994,0.052779999999999994,0.06900499999999998,0.18618250000000003,0.17991249999999998,0.11954999999999999,326.2072469,2,"{""geodesic"":false,""type"":""Point"",""coordinates"":[38.29320224790844,-3.56151876871012]}"
000000000000000004f7_0,0.19391882824332354,0.40990642,0.0234925,0.031659999999999994,0.05800499999999997,0.08008749999999998,0.19135249999999998,0.2081,0.1422925,321.81167317999996,2,"{""geodesic"":false,""type"":""Point"",""coordinates"":[38.29347358904941,-3.559890647895908]}"
000000000000000004f8_0,0.18421512983983834,0.3978989,0.022557500000000008,0.03220999999999999,0.05863750000000001,0.07887749999999999,0.18313000000000001,0.194735,0.13354749999999999,322.40299064,2,"{""geodesic"":false,""type"":""Point"",""coordinates"":[38.29131258621227,-3.560160370925591]}"
000000000000000004f9_0,0.20467606849341946,0.44966114,0.017002500000000004,0.027260000000000006,0.05393500000000001,0.07024249999999999,0.1850275,0.18348750000000003,0.11880750000000001,322.47135104,2,"{""geodesic"":false,""type"":""Point"",""coordinates"":[38.291582478263784,-3.5604319673577045]}"
000000000000000004fa_0,0.15975832513699584,0.34878922,0.020384999999999986,0.031852500000000006,0.06144250000000001,0.08756750000000002,0.18136999999999998,0.2030675,0.1430075,322.32779419999997,2,"{""geodesic"":false,""type"":""Point"",""coordinates"":[38.29077197208931,-3.560702729792338]}"
000000000000000004fb_0,0.1557921148966847,0.341805,0.020962499999999995,0.031962500000000005,0.060892500000000016,0.08811750000000002,0.1796375,0.1995475,0.14003749999999998,322.43717084,2,"{""geodesic"":false,""type"":""Point"",""coordinates"":[38.291042279229856,-3.5604315504154256]}"
000000000000000004fc_0,0.21028273478708992,0.46293077,0.018350000000000005,0.02912999999999999,0.054017499999999996,0.06639250000000002,0.1808475,0.19052750000000002,0.12252000000000002,317.60750858,2,"{""geodesic"":false,""type"":""Point"",""coordinates"":[38.29617272982153,-3.562335216497831]}"
000000000000000004fd_0,0.19271409385368934,0.42648533,0.01865249999999999,0.029349999999999987,0.056794999999999984,0.0721675,0.1795,0.19072,0.12835000000000002,315.82672016000004,2,"{""geodesic"":false,""type"":""Point"",""coordinates"":[38.29698282502126,-3.562607225917149]}"
000000000000000004fe_0,0.19071392910634058,0.42517453,0.01936750000000001,0.03001000000000001,0.05654749999999997,0.07101249999999998,0.1760625,0.183185,0.12309750000000003,315.72759758,2,"{""geodesic"":false,""type"":""Point"",""coordinates"":[38.296982413094874,-3.563150002554266]}"
000000000000000004ff_0,0.21325867907244828,0.48487428,0.017524999999999985,0.026902499999999996,0.05118499999999998,0.060535000000000005,0.174495,0.17240499999999997,0.11264750000000001,315.07475576,2,"{""geodesic"":false,""type"":""Point"",""coordinates"":[38.29671210639599,-3.5634211838538836]}"
00000000000000000500_0,0.20585674071973928,0.47177336,0.016699999999999993,0.025609999999999994,0.05212,0.06259749999999997,0.17441250000000003,0.18381750000000002,0.11820249999999999,313.50930259999996,2,"{""geodesic"":false,""type"":""Point"",""coordinates"":[38.296441387169594,-3.564235141601743]}"
00000000000000000501_0,0.19527834450597492,0.4468441,0.017579999999999985,0.026902499999999996,0.05415500000000001,0.06614500000000001,0.17301,0.17936249999999998,0.11770750000000002,313.98440738,2,"{""geodesic"":false,""type"":""Point"",""coordinates"":[38.29644118096126,-3.564506529879811]}"
00000000000000000502_0,0.17376006623014972,0.36242172,0.024757499999999988,0.03539999999999999,0.06655749999999999,0.08935500000000002,0.19094,0.19300250000000002,0.138855,318.95079044,2,"{""geodesic"":false,""type"":""Point"",""coordinates"":[38.29833044836088,-3.566407696999746]}"
00000000000000000503_0,0.20126368281372484,0.3978513,0.0262975,0.03762750000000001,0.06820749999999998,0.08869500000000002,0.20590000000000003,0.230045,0.16005750000000002,320.74183292,2,"{""geodesic"":false,""type"":""Point"",""coordinates"":[38.298599932887555,-3.567222068882277]}"
00000000000000000504_0,0.20634950684360975,0.42115247,0.0204675,0.032539999999999986,0.062377499999999975,0.08239750000000001,0.20229750000000002,0.21159250000000002,0.14193499999999998,317.9014583,2,"{""geodesic"":false,""type"":""Point"",""coordinates"":[38.30129910773203,-3.5696666289451238]}"
00000000000000000505_0,0.2188936760836249,0.46458128,0.016149999999999998,0.026957499999999995,0.055475,0.07197500000000001,0.19688,0.19677,0.1284325,318.39023516,2,"{""geodesic"":false,""type"":""Point"",""coordinates"":[38.300758491649056,-3.5702089936484493]}"
00000000000000000506_0,0.27201254853951073,0.50801384,0.02134749999999999,0.03320000000000001,0.06328499999999998,0.07574249999999999,0.2321625,0.22517750000000003,0.1386075,317.41609946,2,"{""geodesic"":false,""type"":""Point"",""coordinates"":[38.299407565859795,-3.5707507382002093]}"
00000000000000000507_0,0.2632375904982728,0.49145082,0.02156749999999999,0.03388749999999999,0.06518249999999998,0.07915250000000001,0.23213499999999998,0.2224,0.1395425,317.73397532,2,"{""geodesic"":false,""type"":""Point"",""coordinates"":[38.29886735989044,-3.570750324668043]}"
00000000000000000508_0,0.2356720757902635,0.45435864,0.022694999999999993,0.03375,0.0656775,0.08297500000000002,0.22116249999999998,0.21071250000000002,0.135005,315.96002294,2,"{""geodesic"":false,""type"":""Point"",""coordinates"":[38.29940612552209,-3.5726504570565183]}"
00000000000000000509_0,0.26832382396361165,0.5326445,0.021897499999999986,0.02984500000000001,0.057730000000000004,0.0649075,0.21285749999999998,0.1945425,0.1230425,318.0381791,2,"{""geodesic"":false,""type"":""Point"",""coordinates"":[38.296973748051485,-3.5745483104415605]}"
0000000000000000050d_0,0.2674978912362688,0.51654357,0.0203575,0.030752499999999988,0.06031500000000001,0.07101249999999998,0.2227575,0.20947500000000002,0.1285425,316.96492082,2,"{""geodesic"":false,""type"":""Point"",""coordinates"":[38.30211003066751,-3.568853081045143]}"
0000000000000000051d_0,0.19194378100312337,0.39953935,0.017579999999999985,0.029679999999999984,0.06213000000000002,0.08635749999999998,0.20128000000000001,0.2209425,0.1515875,321.94839398,2,"{""geodesic"":false,""type"":""Point"",""coordinates"":[38.31563079920705,-3.5476948956038115]}"
0000000000000000051e_0,0.1833905622398514,0.38782513,0.016177499999999984,0.02838750000000001,0.06185499999999999,0.0874025,0.19814500000000002,0.21415,0.14878249999999998,322.56021956,2,"{""geodesic"":false,""type"":""Point"",""coordinates"":[38.314820907358225,-3.547151514571664]}"
0000000000000000051f_0,0.18530597995351272,0.38490364,0.019697500000000007,0.03130250000000001,0.06207499999999999,0.08864,0.199575,0.22515000000000002,0.15414499999999998,322.23208964,2,"{""geodesic"":false,""type"":""Point"",""coordinates"":[38.31509140388759,-3.5466089364201627]}"
00000000000000000520_0,0.1587301587301587,0.32061806,0.021210000000000007,0.034217499999999984,0.07101249999999998,0.10739500000000002,0.20876,0.24995499999999998,0.18046250000000003,322.18765538,2,"{""geodesic"":false,""type"":""Point"",""coordinates"":[38.315091803335804,-3.5460661574965058]}"
00000000000000000521_0,0.2176313908919639,0.44570965,0.015270000000000006,0.027837499999999987,0.060177499999999995,0.08019749999999998,0.20917249999999998,0.20887,0.1391575,322.70719442,2,"{""geodesic"":false,""type"":""Point"",""coordinates"":[38.313471623670594,-3.5455221733397666]}"
0000000000000000052a_0,0.18666965936661647,0.49917504,0.009110000000000007,0.019587500000000008,0.04296249999999999,0.048187499999999994,0.144245,0.13943250000000001,0.0902075,312.80177246,2,"{""geodesic"":false,""type"":""Point"",""coordinates"":[38.303746942871825,-3.547143215035339]}"
0000000000000000052f_0,0.18214567801344667,0.40326083,0.01562749999999999,0.028689999999999993,0.057510000000000006,0.07695249999999998,0.1809575,0.1986675,0.1339325,316.01812928,2,"{""geodesic"":false,""type"":""Point"",""coordinates"":[38.30402170411258,-3.5409014757450454]}"
00000000000000000530_0,0.15562376219037158,0.34808,0.01691999999999999,0.029872499999999996,0.060177499999999995,0.085395,0.176585,0.1911875,0.13184249999999997,319.24132213999997,2,"{""geodesic"":false,""type"":""Point"",""coordinates"":[38.30321182615883,-3.540358086931521]}"
00000000000000000699_0,0.15337716780601512,0.30767095,0.025912500000000005,0.037325,0.06917000000000001,0.10912749999999999,0.20612000000000003,0.2591125,0.19391000000000003,322.84049719999996,2,"{""geodesic"":false,""type"":""Point"",""coordinates"":[38.23898424096782,-3.4730038336157345]}"
0000000000000000069a_0,0.17551559727971608,0.3530162,0.028085,0.03820499999999999,0.06595250000000002,0.09573500000000001,0.20020749999999998,0.2460775,0.17801499999999998,323.27800376,2,"{""geodesic"":false,""type"":""Point"",""coordinates"":[38.23925474659373,-3.4724612812958626]}"
0000000000000000069b_0,0.1598304099938265,0.32957223,0.02552750000000001,0.03622500000000001,0.06564999999999999,0.09848499999999999,0.1953125,0.2482225,0.18797000000000003,322.62857996,2,"{""geodesic"":false,""type"":""Point"",""coordinates"":[38.23871460455514,-3.4724608446171583]}"
0000000000000000069c_0,0.16207787011947855,0.33494478,0.024290000000000006,0.035619999999999985,0.06641999999999998,0.09732999999999997,0.19536750000000003,0.23447250000000003,0.17350500000000002,323.66424001999997,2,"{""geodesic"":false,""type"":""Point"",""coordinates"":[38.23790439162545,-3.4724601890181024]}"
0000000000000000069d_0,0.17256944114488806,0.34860912,0.031962500000000005,0.04081750000000001,0.06608999999999998,0.09331499999999998,0.193195,0.23923,0.17421999999999999,323.42497862,2,"{""geodesic"":false,""type"":""Point"",""coordinates"":[38.23925518096931,-3.471918510634873]}"
0000000000000000069e_0,0.18553272139432905,0.37248617,0.026902499999999996,0.036995,0.06378,0.09251749999999997,0.2023525,0.241595,0.1729,321.94839398,2,"{""geodesic"":false,""type"":""Point"",""coordinates"":[38.23871569113675,-3.4711039181239194]}"
0000000000000000069f_0,0.2141650281107038,0.4341275,0.02756249999999999,0.036197499999999994,0.06133250000000001,0.07769500000000001,0.1969075,0.19470749999999998,0.13566499999999998,324.50165491999996,2,"{""geodesic"":false,""type"":""Point"",""coordinates"":[38.238446272503495,-3.470289543890444]}"
000000000000000006a0_0,0.22034106747560878,0.44920132,0.029624999999999985,0.03787499999999999,0.059435000000000016,0.07249749999999999,0.19074750000000001,0.17845499999999997,0.12164000000000003,325.3356518,2,"{""geodesic"":false,""type"":""Point"",""coordinates"":[38.23844648979431,-3.4700181585994674]}"
000000000000000006a1_0,0.2130364355867216,0.43244162,0.031962500000000005,0.039745,0.06047999999999998,0.07500000000000001,0.18929,0.19311250000000002,0.13230999999999998,325.1818409,2,"{""geodesic"":false,""type"":""Point"",""coordinates"":[38.238446707068036,-3.4697467733069165]}"
000000000000000006a2_0,0.20561465606098916,0.42402172,0.023684999999999984,0.034025,0.06023250000000002,0.07898749999999999,0.195285,0.20488250000000002,0.14295249999999998,323.68816616000004,2,"{""geodesic"":false,""type"":""Point"",""coordinates"":[38.23817598475851,-3.470560710766664]}"
000000000000000006a3_0,0.17478897542321503,0.35850435,0.025747500000000006,0.03658249999999999,0.06460500000000002,0.09221499999999999,0.195285,0.250175,0.1822225,323.489921,2,"{""geodesic"":false,""type"":""Point"",""coordinates"":[38.23790569685942,-3.470831877529642]}"
000000000000000006a4_0,0.16619274165618564,0.3334996,0.029872499999999996,0.03908500000000001,0.06710749999999999,0.10021750000000001,0.20051000000000002,0.243135,0.18324000000000001,325.45186448,2,"{""geodesic"":false,""type"":""Point"",""coordinates"":[38.240064091748856,-3.4735474772410746]}"
000000000000000006a5_0,0.15688566328703327,0.31126565,0.033475000000000005,0.042027499999999995,0.06741000000000003,0.10536000000000001,0.2005925,0.274375,0.20298500000000003,323.8146329,2,"{""geodesic"":false,""type"":""Point"",""coordinates"":[38.236825415042475,-3.4708310027244096]}"
000000000000000006a6_0,0.15409402255605253,0.30081144,0.03674749999999999,0.0443375,0.07120500000000002,0.10943000000000003,0.20359,0.2609825,0.19982250000000001,323.73601844,2,"{""geodesic"":false,""type"":""Point"",""coordinates"":[38.23601585786362,-3.470016190402136]}"
000000000000000006a7_0,0.14901933412438045,0.28699744,0.03636249999999999,0.044639999999999985,0.07219500000000001,0.11669000000000002,0.21062999999999998,0.275585,0.21439750000000002,325.1818409,2,"{""geodesic"":false,""type"":""Point"",""coordinates"":[38.23601651171323,-3.4692020349826413]}"
000000000000000006a8_0,0.16558958680409352,0.31869504,0.03685749999999999,0.045575000000000004,0.07233250000000002,0.10635,0.205845,0.254245,0.1993275,325.0109399,2,"{""geodesic"":false,""type"":""Point"",""coordinates"":[38.23628658162815,-3.4692022539293776]}"
00000000000000000071_0,0.17302642412056818,0.32187217,0.03683,0.0443925,0.07315749999999999,0.11567250000000001,0.22548,0.271515,0.20411250000000003,331.6760789,3,"{""geodesic"":false,""type"":""Point"",""coordinates"":[38.25995088716229,-3.5978583097539945]}"
00000000000000000072_0,0.15415332743001156,0.28936642,0.036555000000000004,0.045410000000000006,0.07659500000000002,0.1222725,0.22185,0.2575175,0.1900325,331.0950155,3,"{""geodesic"":false,""type"":""Point"",""coordinates"":[38.260499624419026,-3.587274697411761]}"
00000000000000000073_0,0.14813124747087747,0.29881346,0.028249999999999997,0.03663749999999999,0.06917000000000001,0.11102499999999998,0.20565250000000002,0.21645999999999999,0.1629175,331.38212918,3,"{""geodesic"":false,""type"":""Point"",""coordinates"":[38.2605068139412,-3.578318959050722]}"
00000000000000000074_0,0.16596656665237894,0.31544957,0.03388749999999999,0.041504999999999986,0.07164500000000001,0.115535,0.22201500000000002,0.2468475,0.19066500000000003,331.99395476,3,"{""geodesic"":false,""type"":""Point"",""coordinates"":[38.25699547772291,-3.578316110193487]}"
00000000000000000075_0,0.12938423124789636,0.23945165,0.03691249999999999,0.04598749999999999,0.08154499999999998,0.14438250000000002,0.2352975,0.2807825,0.2266625,333.34065464,3,"{""geodesic"":false,""type"":""Point"",""coordinates"":[38.25861391179222,-3.581031285858227]}"
00000000000000000076_0,0.13139543729449654,0.25618955,0.035729999999999984,0.04367750000000001,0.07577,0.12411499999999998,0.20961249999999998,0.24825000000000003,0.19459749999999998,326.75754812,3,"{""geodesic"":false,""type"":""Point"",""coordinates"":[38.265084692405956,-3.5956913852384726]}"
00000000000000000077_0,0.13866448951529736,0.27441537,0.029982499999999995,0.04133999999999999,0.07577,0.1173225,0.206065,0.219375,0.16632750000000002,325.44844646,3,"{""geodesic"":false,""type"":""Point"",""coordinates"":[38.26211677314714,-3.59161818813816]}"
00000000000000000078_0,0.12313947239292473,0.23160516,0.035922499999999996,0.0441725,0.07973000000000002,0.144245,0.23120000000000002,0.27638250000000003,0.23032000000000002,329.75856968,3,"{""geodesic"":false,""type"":""Point"",""coordinates"":[38.259430974899765,-3.572618978164254]}"
00000000000000000079_0,0.1454036745240397,0.2664963,0.03669249999999999,0.04508000000000001,0.08039000000000002,0.138855,0.23975249999999998,0.2956875,0.24098999999999998,332.08282327999996,3,"{""geodesic"":false,""type"":""Point"",""coordinates"":[38.26484076572509,-3.5628534249198287]}"
0000000000000000007a_0,0.1956992712753577,0.37238476,0.03193499999999999,0.03914000000000001,0.06798749999999998,0.1013175,0.2215475,0.22721249999999998,0.17174499999999998,330.98905688,3,"{""geodesic"":false,""type"":""Point"",""coordinates"":[38.25889273139524,-3.5701760670048404]}"
0000000000000000007b_0,0.10197552263467814,0.19776092,0.03927749999999999,0.0473075,0.0816,0.14045000000000002,0.20969500000000002,0.277565,0.23122750000000003,327.75219194,3,"{""geodesic"":false,""type"":""Point"",""coordinates"":[38.26970575137207,-3.558786506770988]}"
0000000000000000007c_0,0.14323813490093062,0.26175317,0.03831499999999999,0.04700499999999999,0.08275500000000002,0.1387175,0.237085,0.2845225,0.231475,330.1037897,3,"{""geodesic"":false,""type"":""Point"",""coordinates"":[38.26511430703929,-3.5585114584921764]}"
0000000000000000007d_0,0.11840093429939073,0.2000968,0.051460000000000006,0.06413750000000001,0.10722999999999999,0.1694075,0.2541625,0.32164750000000003,0.2746775,334.43442103999996,3,"{""geodesic"":false,""type"":""Point"",""coordinates"":[38.26322297886718,-3.559324103078789]}"
0000000000000000007e_0,0.1894302485872611,0.38473856,0.026324999999999987,0.032897499999999996,0.059242499999999976,0.09125250000000001,0.2053775,0.205845,0.151615,327.05149784,3,"{""geodesic"":false,""type"":""Point"",""coordinates"":[38.27835395136587,-3.5522800432266224]}"
00000000000000000080_0,0.11986150758429887,0.2262207,0.038012500000000005,0.04664750000000001,0.08085750000000003,0.14100000000000001,0.223445,0.2810025,0.22451749999999998,327.69066757999997,3,"{""geodesic"":false,""type"":""Point"",""coordinates"":[38.282678845853496,-3.547941221070504]}"
00000000000000000081_0,0.1166926462102879,0.24152124,0.026599999999999985,0.03960749999999999,0.07436749999999998,0.11702000000000001,0.19154500000000002,0.22864250000000003,0.17498999999999998,329.1125639,3,"{""geodesic"":false,""type"":""Point"",""coordinates"":[38.28565135437572,-3.546043815061489]}"
00000000000000000082_0,0.10644677661169416,0.22571322,0.024510000000000004,0.037847500000000006,0.0745325,0.1172125,0.18555,0.21453500000000003,0.1674,328.86646645999997,3,"{""geodesic"":false,""type"":""Point"",""coordinates"":[38.28295207729628,-3.5438706174637358]}"
00000000000000000084_0,0.1369737923477308,0.25776124,0.0382875,0.04653750000000001,0.07796999999999998,0.13066,0.22141,0.281525,0.22064,326.5832291,3,"{""geodesic"":false,""type"":""Point"",""coordinates"":[38.27889961511807,-3.5452243960850454]}"
00000000000000000086_0,0.14309704016745056,0.25765687,0.040102499999999985,0.049122499999999986,0.08503749999999999,0.14245750000000001,0.2413475,0.295165,0.24341000000000002,329.72438948,3,"{""geodesic"":false,""type"":""Point"",""coordinates"":[38.2659237399654,-3.5595976522524375]}"
00000000000000000087_0,0.17798534677098526,0.33095628,0.0321275,0.03930500000000001,0.0709575,0.11938500000000002,0.23749750000000003,0.2763275,0.22066750000000002,329.86111028,3,"{""geodesic"":false,""type"":""Point"",""coordinates"":[38.257002465121516,-3.5696317630883696]}"
00000000000000000088_0,0.1515391278275644,0.2940952,0.03152250000000001,0.038644999999999985,0.0690325,0.12009999999999998,0.2201725,0.263265,0.2124725,326.6003192,3,"{""geodesic"":false,""type"":""Point"",""coordinates"":[38.254840789523435,-3.5707155504645725]}"
00000000000000000089_0,0.13556625293253344,0.25036457,0.03927749999999999,0.048077499999999995,0.08041749999999998,0.1375075,0.2293575,0.2962925,0.2378825,335.59996586,3,"{""geodesic"":false,""type"":""Point"",""coordinates"":[38.25617727992223,-3.5880853375524944]}"
0000000000000000008a_0,0.12962049432697703,0.2501119,0.03691249999999999,0.046235,0.07791500000000001,0.12565500000000002,0.20947500000000002,0.248085,0.19404749999999998,329.89187246,3,"{""geodesic"":false,""type"":""Point"",""coordinates"":[38.26482932751303,-3.5772369015901373]}"
0000000000000000008b_0,0.2571362372567192,0.49724248,0.018405000000000005,0.027865,0.057674999999999976,0.07714500000000002,0.22974250000000002,0.18631999999999999,0.12117250000000002,324.67255592000004,3,"{""geodesic"":false,""type"":""Point"",""coordinates"":[38.2772722990623,-3.553907518643612]}"
0000000000000000008c_0,0.1723015435252417,0.34811455,0.028607500000000008,0.036142499999999994,0.061360000000000026,0.09812749999999998,0.20293,0.2113175,0.1551075,327.16771052,3,"{""geodesic"":false,""type"":""Point"",""coordinates"":[38.27943412652066,-3.552552277123183]}"
0000000000000000008d_0,0.15321982408421356,0.30864897,0.0264625,0.03820499999999999,0.07169999999999999,0.10687249999999998,0.20229750000000002,0.19985000000000003,0.14314500000000002,325.6603637,3,"{""geodesic"":false,""type"":""Point"",""coordinates"":[38.282411470663064,-3.5444129725394222]}"
0000000000000000008e_0,0.14043700454710079,0.2611387,0.03625249999999999,0.045052499999999995,0.07873999999999998,0.13577499999999998,0.23175,0.2988225,0.24539,326.84299862,3,"{""geodesic"":false,""type"":""Point"",""coordinates"":[38.27808933210919,-3.545223762076423]}"
0000000000000000008f_0,0.13225061843814373,0.25410232,0.035977499999999996,0.043897500000000006,0.07489000000000001,0.12903750000000003,0.216955,0.3085575,0.24792000000000003,330.5481323,3,"{""geodesic"":false,""type"":""Point"",""coordinates"":[38.29024793396125,-3.539534048554788]}"
00000000000000000090_0,0.11905810246746153,0.26230666,0.022227499999999983,0.032649999999999985,0.06683250000000002,0.1045625,0.17892249999999998,0.20625749999999998,0.159095,328.27173098000003,3,"{""geodesic"":false,""type"":""Point"",""coordinates"":[38.292407857646175,-3.5406212592479243]}"
00000000000000000091_0,0.11737583057206477,0.24685337,0.027700000000000002,0.03886500000000001,0.07082,0.11234499999999997,0.18599,0.2383225,0.18260749999999998,327.27366914,3,"{""geodesic"":false,""type"":""Point"",""coordinates"":[38.295108796692844,-3.5406233252213464]}"
00000000000000000092_0,0.09838287334878226,0.20070751,0.030945,0.043017499999999986,0.0809125,0.12879000000000002,0.19346999999999998,0.24363,0.19539499999999999,328.787852,3,"{""geodesic"":false,""type"":""Point"",""coordinates"":[38.29537683849059,-3.543337414859105]}"
00000000000000000093_0,0.11735676456427542,0.27282867,0.016837500000000005,0.03133,0.062377499999999975,0.0929025,0.162615,0.20108750000000003,0.152385,327.05833387999996,3,"{""geodesic"":false,""type"":""Point"",""coordinates"":[38.297540256651494,-3.5398110123900994]}"
00000000000000000094_0,0.14194657950720124,0.26157397,0.038067500000000004,0.0473625,0.08028000000000002,0.13519750000000003,0.23098000000000002,0.2873,0.2153875,325.4040122,3,"{""geodesic"":false,""type"":""Point"",""coordinates"":[38.27782218358168,-3.541424128421658]}"
00000000000000000095_0,0.16679169393325138,0.29682133,0.03787499999999999,0.046015,0.07973000000000002,0.13616,0.25111,0.3385875,0.276685,333.0945572,3,"{""geodesic"":false,""type"":""Point"",""coordinates"":[38.25781842411397,-3.5625763855673904]}"
00000000000000000096_0,0.1713435870090484,0.3133584,0.03652749999999999,0.04403499999999999,0.0745325,0.12392249999999999,0.23703000000000002,0.28994000000000003,0.217175,332.00762684,3,"{""geodesic"":false,""type"":""Point"",""coordinates"":[38.25916717825677,-3.5647485651825344]}"
00000000000000000097_0,0.1617068057473027,0.30839753,0.034245,0.04133999999999999,0.07092999999999999,0.11702000000000001,0.22138249999999998,0.2503125,0.18929,328.14868226,3,"{""geodesic"":false,""type"":""Point"",""coordinates"":[38.25861849269307,-3.5753321814958348]}"
00000000000000000098_0,0.14576033064601762,0.27633366,0.03476750000000001,0.041917499999999996,0.0745325,0.128515,0.2266625,0.26695,0.21486500000000003,331.522268,3,"{""geodesic"":false,""type"":""Point"",""coordinates"":[38.25700050164281,-3.572074235879274]}"
00000000000000000099_0,0.17134204654128143,0.31574768,0.03471250000000001,0.043375,0.07552249999999999,0.12172250000000001,0.23406,0.26156,0.2031775,331.03690916,3,"{""geodesic"":false,""type"":""Point"",""coordinates"":[38.256999191906075,-3.573702551000376]}"
0000000000000000009a_0,0.17919678437731812,0.33941793,0.030972499999999986,0.0398,0.07147999999999999,0.11119000000000001,0.2254525,0.242805,0.1767225,332.41437122,3,"{""geodesic"":false,""type"":""Point"",""coordinates"":[38.25888095847346,-3.5848309079117624]}"
0000000000000000009b_0,0.1435102764056401,0.2787667,0.033365000000000006,0.04059750000000001,0.07169999999999999,0.12216250000000001,0.2165975,0.24341000000000002,0.19201250000000003,332.44855142,3,"{""geodesic"":false,""type"":""Point"",""coordinates"":[38.25753174805296,-3.5832014944756563]}"
0000000000000000009c_0,0.15024339685155766,0.28988132,0.033365000000000006,0.0416975,0.07282749999999999,0.11913750000000001,0.21640500000000001,0.2456375,0.1855775,336.1707752,3,"{""geodesic"":false,""type"":""Point"",""coordinates"":[38.25671397994416,-3.5924279501258907]}"
0000000000000000009d_0,0.1553403515534036,0.27968246,0.0388375,0.047087500000000004,0.0812425,0.13701249999999998,0.24341000000000002,0.30465250000000005,0.24420750000000002,334.38315074,3,"{""geodesic"":false,""type"":""Point"",""coordinates"":[38.25806122470433,-3.596499839043743]}"
0000000000000000009e_0,0.14012527409167552,0.274269,0.03386,0.0441725,0.0749725,0.11671749999999997,0.2049375,0.24027500000000002,0.181205,325.70821598,3,"{""geodesic"":false,""type"":""Point"",""coordinates"":[38.26778490984297,-3.5967791099750896]}"
0000000000000000009f_0,0.14344295640570845,0.25864574,0.041917499999999996,0.050634999999999986,0.08423999999999998,0.138965,0.23593000000000003,0.31788,0.2538875,334.39682282,3,"{""geodesic"":false,""type"":""Point"",""coordinates"":[38.26210935409714,-3.600845313160273]}"
000000000000000000a0_0,0.15713356764809983,0.29019776,0.036390000000000006,0.0444475,0.07659500000000002,0.128405,0.2334,0.277895,0.22091500000000003,334.26352004,3,"{""geodesic"":false,""type"":""Point"",""coordinates"":[38.258597052327154,-3.601927995722852]}"
000000000000000000a1_0,0.15989000677258,0.2855676,0.039525000000000005,0.04884749999999999,0.08209499999999997,0.1348125,0.242585,0.33415999999999996,0.27011250000000003,334.74204283999995,3,"{""geodesic"":false,""type"":""Point"",""coordinates"":[38.253199944441974,-3.59568170132698]}"
000000000000000000a2_0,0.15487850896621874,0.28801242,0.03606000000000001,0.043484999999999996,0.0754125,0.12835000000000002,0.23219,0.31733000000000006,0.26684,336.21179143999996,3,"{""geodesic"":false,""type"":""Point"",""coordinates"":[38.249690543767564,-3.5932363430071184]}"
000000000000000000a3_0,0.16163718945702293,0.27594724,0.041724999999999984,0.060535000000000005,0.10021750000000001,0.1355825,0.23892750000000001,0.34747,0.2660425,333.64485842,3,"{""geodesic"":false,""type"":""Point"",""coordinates"":[38.25975279234632,-3.507486505136172]}"
000000000000000000a4_0,0.15859544445301718,0.2683776,0.04089999999999999,0.062487499999999974,0.10247250000000002,0.13868999999999998,0.24044,0.3538775,0.2638425,333.06379502,3,"{""geodesic"":false,""type"":""Point"",""coordinates"":[38.26056453174412,-3.5055874431098317]}"
000000000000000000a5_0,0.16374283599098302,0.26889238,0.04048750000000001,0.06474249999999998,0.11146499999999998,0.14718750000000003,0.255455,0.3573975,0.27003,331.40947334,3,"{""geodesic"":false,""type"":""Point"",""coordinates"":[38.263268322185894,-3.501790167866383]}"
000000000000000000a6_0,0.14319305438321472,0.24546815,0.049122499999999986,0.06383499999999998,0.09997,0.1405325,0.23197,0.35756250000000006,0.2932675,334.15072538,3,"{""geodesic"":false,""type"":""Point"",""coordinates"":[38.265427700520405,-3.50342019131189]}"
000000000000000000a7_0,0.14623782776338626,0.2479786,0.045355000000000006,0.06457750000000001,0.10274749999999999,0.14265,0.23672749999999998,0.3615225,0.2806725,334.50961748,3,"{""geodesic"":false,""type"":""Point"",""coordinates"":[38.26461639670899,-3.504776486697189]}"
000000000000000000a8_0,0.16990208015365352,0.28291896,0.044997499999999996,0.06295499999999998,0.10010750000000002,0.13811250000000003,0.247095,0.39488000000000006,0.2930475,334.72153472,3,"{""geodesic"":false,""type"":""Point"",""coordinates"":[38.263806151287156,-3.5047758475050204]}"
000000000000000000a9_0,0.16239752264346824,0.29538777,0.0351525,0.05288999999999999,0.08754,0.11902750000000001,0.218825,0.3135075,0.23054000000000002,330.23025644,3,"{""geodesic"":false,""type"":""Point"",""coordinates"":[38.262458079578884,-3.5017895280480977]}"
000000000000000000aa_0,0.15984621956428868,0.27668214,0.03809499999999999,0.05800499999999997,0.10049249999999998,0.13451000000000002,0.237415,0.3220325,0.242475,334.21566776,3,"{""geodesic"":false,""type"":""Point"",""coordinates"":[38.26137541591491,-3.5047739257062003]}"
000000000000000000ab_0,0.14971257185703576,0.25409088,0.039965,0.06185499999999999,0.10401250000000001,0.14506999999999998,0.24390499999999998,0.35313500000000003,0.2757775,336.15710312,3,"{""geodesic"":false,""type"":""Point"",""coordinates"":[38.26137413847648,-3.506402244812244]}"
000000000000000000ac_0,0.14654433501845474,0.25813568,0.037215,0.059599999999999986,0.0990625,0.13241999999999998,0.2245725,0.302425,0.2301825,331.22490026,3,"{""geodesic"":false,""type"":""Point"",""coordinates"":[38.2586728907993,-3.5069428737441752]}"
000000000000000000ad_0,0.14197392474045462,0.24898784,0.038644999999999985,0.06025999999999998,0.10090500000000002,0.13657249999999999,0.22713,0.31183,0.23873500000000003,331.74785732,3,"{""geodesic"":false,""type"":""Point"",""coordinates"":[38.25867267702302,-3.5072142600867915]}"
000000000000000000ae_0,0.1961608644316433,0.35024828,0.0324575,0.048875,0.0844875,0.11187750000000002,0.2324925,0.3019025,0.21624,326.63108137999996,3,"{""geodesic"":false,""type"":""Point"",""coordinates"":[38.221952855556125,-3.493615118416425]}"
000000000000000000af_0,0.1931176031559868,0.33793172,0.0325675,0.05223,0.08765,0.1171025,0.236645,0.3025625,0.21208749999999998,330.43191962000003,3,"{""geodesic"":false,""type"":""Point"",""coordinates"":[38.22438465372199,-3.4922602152125504]}"
000000000000000000b0_0,0.18926301235900117,0.3042305,0.04048750000000001,0.06411,0.109595,0.1411925,0.2646675,0.34524250000000006,0.25207250000000003,329.03736746,3,"{""geodesic"":false,""type"":""Point"",""coordinates"":[38.22141471586465,-3.491172212452971]}"
000000000000000000b1_0,0.1821815268793123,0.3147662,0.03606000000000001,0.05418250000000002,0.09210499999999999,0.1266175,0.2429425,0.3191725,0.23417,329.4201857,3,"{""geodesic"":false,""type"":""Point"",""coordinates"":[38.223570410706834,-3.4971444590311713]}"
000000000000000000b2_0,0.18449531386959744,0.31705004,0.03064249999999999,0.05288999999999999,0.09496500000000002,0.12967,0.250065,0.32038249999999996,0.2334275,331.03690916,3,"{""geodesic"":false,""type"":""Point"",""coordinates"":[38.223572196247986,-3.494973385514832]}"
000000000000000000b3_0,0.19315098878973508,0.3225865,0.03825999999999999,0.05707000000000001,0.09587250000000003,0.13074249999999998,0.2552625,0.34227250000000004,0.2499825,330.88651628,3,"{""geodesic"":false,""type"":""Point"",""coordinates"":[38.224113463813694,-3.493616912591818]}"
000000000000000000b4_0,0.1943947525342874,0.32566166,0.03977249999999999,0.05613499999999999,0.09397499999999998,0.12994499999999998,0.255455,0.3430975,0.24803000000000003,331.53252206,3,"{""geodesic"":false,""type"":""Point"",""coordinates"":[38.2246536160524,-3.493617360356281]}"
000000000000000000b5_0,0.19988965565558556,0.34600252,0.0323475,0.051460000000000006,0.09081250000000002,0.11864249999999998,0.24418,0.31039999999999995,0.22204250000000003,328.73316367999996,3,"{""geodesic"":false,""type"":""Point"",""coordinates"":[38.22276375324867,-3.492801639355323]}"
000000000000000000b6_0,0.1983047206458889,0.35263094,0.031247499999999984,0.04915,0.08492749999999999,0.11185,0.23370249999999998,0.30195750000000005,0.2147825,329.79958592,3,"{""geodesic"":false,""type"":""Point"",""coordinates"":[38.22222404842681,-3.492258422358941]}"
000000000000000000b7_0,0.18766149589789544,0.30036458,0.04532749999999999,0.06738250000000001,0.10615750000000002,0.1381675,0.2568025,0.33537,0.242585,329.89187246,3,"{""geodesic"":false,""type"":""Point"",""coordinates"":[38.221954643006185,-3.4914440455737825]}"
000000000000000000b8_0,0.19267583967182297,0.3444734,0.024812499999999987,0.045465000000000005,0.08748499999999998,0.11798249999999999,0.24198000000000003,0.32244500000000004,0.2277075,328.1726084,3,"{""geodesic"":false,""type"":""Point"",""coordinates"":[38.22168501451569,-3.490901052899539]}"
000000000000000000b9_0,0.18639529577877081,0.34385422,0.02187,0.04230249999999999,0.08198499999999997,0.11360999999999999,0.23268500000000003,0.3188425,0.2260025,328.46314010000003,3,"{""geodesic"":false,""type"":""Point"",""coordinates"":[38.22222538813003,-3.490630117584043]}"
000000000000000000ba_0,0.18323355339009834,0.33295712,0.022584999999999994,0.0447225,0.084735,0.11820249999999999,0.236205,0.3171375,0.22416000000000003,328.84937636,3,"{""geodesic"":false,""type"":""Point"",""coordinates"":[38.222765538419004,-3.490630566055194]}"
000000000000000000bb_0,0.1816975782327081,0.32534915,0.027535000000000004,0.04879249999999999,0.08973999999999999,0.11949500000000002,0.2347475,0.29863,0.2140125,328.7707619,3,"{""geodesic"":false,""type"":""Point"",""coordinates"":[38.22330591169055,-3.4903596300102913]}"
000000000000000000bc_0,0.19148101243244203,0.35686547,0.022639999999999993,0.042825,0.08094000000000001,0.10640500000000003,0.22449000000000002,0.27399,0.18986750000000002,324.92207138000003,3,"{""geodesic"":false,""type"":""Point"",""coordinates"":[38.220875459916236,-3.4900862269474073]}"
000000000000000000bd_0,0.18229260392297997,0.34589478,0.023657499999999998,0.04277,0.07873999999999998,0.10536000000000001,0.21678999999999998,0.26849,0.18662250000000002,326.23459105999996,3,"{""geodesic"":false,""type"":""Point"",""coordinates"":[38.2203355339121,-3.4898143934407817]}"
000000000000000000be_0,0.1826431001991658,0.33196583,0.030395000000000005,0.04868249999999999,0.0839375,0.11316999999999999,0.22564499999999998,0.286475,0.1999325,326.43967226,3,"{""geodesic"":false,""type"":""Point"",""coordinates"":[38.220606055945964,-3.489271850137361]}"
000000000000000000bf_0,0.1976562641831418,0.35762542,0.02995500000000001,0.047719999999999985,0.08231499999999997,0.10755999999999999,0.22732249999999998,0.2829825,0.19685249999999999,325.82442865999997,3,"{""geodesic"":false,""type"":""Point"",""coordinates"":[38.220605832328246,-3.4895432341733885]}"
000000000000000000c0_0,0.1856852293449291,0.33206484,0.02844250000000001,0.049095,0.08677000000000001,0.11715750000000003,0.2336475,0.29709,0.21013500000000002,326.55246692000003,3,"{""geodesic"":false,""type"":""Point"",""coordinates"":[38.21952553361945,-3.489542334708181]}"
000000000000000000c1_0,0.19591582420668352,0.35790017,0.02541750000000001,0.043594999999999995,0.08063749999999997,0.11014499999999999,0.2329325,0.3108675,0.21981499999999998,326.6686796,3,"{""geodesic"":false,""type"":""Point"",""coordinates"":[38.21925590697863,-3.4889993417489498]}"
000000000000000000c2_0,0.19349750775558577,0.33701268,0.03152250000000001,0.05135000000000001,0.0902075,0.1201275,0.242255,0.31766,0.22358250000000002,327.09251408,3,"{""geodesic"":false,""type"":""Point"",""coordinates"":[38.221956652551185,-3.4890015885046726]}"
000000000000000000c3_0,0.19085939208397115,0.33975512,0.02901999999999999,0.04857249999999999,0.08803499999999997,0.11660749999999998,0.23661749999999998,0.3056975,0.2156075,326.9421212,3,"{""geodesic"":false,""type"":""Point"",""coordinates"":[38.22195642933828,-3.489272972629794]}"
000000000000000000c4_0,0.1896276688987834,0.33424625,0.029239999999999988,0.050634999999999986,0.0894375,0.11850500000000003,0.23749750000000003,0.30135249999999997,0.21250000000000002,327.05833387999996,3,"{""geodesic"":false,""type"":""Point"",""coordinates"":[38.22195598286006,-3.489815740875289]}"
000000000000000000c5_0,0.18808259997046284,0.31987482,0.03394249999999999,0.056327499999999975,0.096725,0.12658999999999998,0.24566500000000002,0.30924500000000005,0.219045,327.45140618,3,"{""geodesic"":false,""type"":""Point"",""coordinates"":[38.222225834558074,-3.4900873493130775]}"
000000000000000000c6_0,0.1849899817057234,0.32720715,0.029927499999999996,0.05052499999999999,0.09023500000000001,0.12007250000000003,0.236865,0.3039375,0.21591,328.26147692,3,"{""geodesic"":false,""type"":""Point"",""coordinates"":[38.22276643058537,-3.489545029367131]}"
000000000000000000c7_0,0.19542020267125007,0.34086618,0.03501499999999999,0.05288999999999999,0.0870725,0.116085,0.23615000000000003,0.3207125,0.22215250000000003,328.81519616,3,"{""geodesic"":false,""type"":""Point"",""coordinates"":[38.220336652300496,-3.4884574733403344]}"
000000000000000000c8_0,0.1966509345918993,0.34192207,0.035454999999999987,0.05258750000000001,0.08781499999999998,0.1171025,0.23879,0.31760499999999997,0.223225,327.00022753999997,3,"{""geodesic"":false,""type"":""Point"",""coordinates"":[38.21979672734582,-3.488185639758189]}"
000000000000000000c9_0,0.19603782397574754,0.34082696,0.03287000000000001,0.052037500000000014,0.08869500000000002,0.11831249999999999,0.24065999999999999,0.3231325,0.22583750000000002,326.81565446,3,"{""geodesic"":false,""type"":""Point"",""coordinates"":[38.21952620534965,-3.4887281828057057]}"
000000000000000000ca_0,0.20166779355420328,0.36360547,0.029982499999999995,0.046867500000000006,0.0814625,0.10766999999999999,0.230705,0.3198325,0.22616750000000002,326.92503109999996,3,"{""geodesic"":false,""type"":""Point"",""coordinates"":[38.21790665646013,-3.487641296117876]}"
000000000000000000cb_0,0.19593171737085,0.34901506,0.033585000000000004,0.04945250000000001,0.08044499999999999,0.11215249999999999,0.23241,0.3192,0.22088750000000001,326.58664712,3,"{""geodesic"":false,""type"":""Point"",""coordinates"":[38.21790643217309,-3.48791267998792]}"
000000000000000000cc_0,0.18183762969301534,0.33228692,0.02792,0.04783000000000001,0.0867425,0.11273,0.22493000000000002,0.2901325,0.20645000000000002,328.79810606,3,"{""geodesic"":false,""type"":""Point"",""coordinates"":[38.21466486881813,-3.4887241207487554]}"
000000000000000000cd_0,0.1732540913912045,0.31379128,0.028414999999999996,0.04961750000000001,0.0892175,0.11886249999999998,0.22757,0.2929375,0.21305000000000002,329.12965399999996,3,"{""geodesic"":false,""type"":""Point"",""coordinates"":[38.2162846391768,-3.489539628839236]}"
000000000000000000ce_0,0.17415627372775594,0.3160551,0.028799999999999992,0.04873749999999999,0.0863025,0.11875249999999998,0.228505,0.2964575,0.2158275,329.7107174,3,"{""geodesic"":false,""type"":""Point"",""coordinates"":[38.21601433980185,-3.4898107865799233]}"
000000000000000000cf_0,0.18836898283272635,0.31966496,0.030450000000000005,0.054127499999999995,0.09837499999999999,0.13107249999999998,0.254245,0.30421250000000005,0.21802749999999999,328.02563354,3,"{""geodesic"":false,""type"":""Point"",""coordinates"":[38.20925907756735,-3.493875860170572]}"
000000000000000000d1_0,0.1784498604397848,0.3043421,0.04111999999999999,0.05630000000000002,0.09108749999999999,0.13181500000000002,0.24714999999999998,0.3525575,0.26719750000000003,329.59792274,3,"{""geodesic"":false,""type"":""Point"",""coordinates"":[38.21006066707805,-3.504189109707497]}"
000000000000000000d2_0,0.17147051543576045,0.289095,0.04200000000000001,0.060067499999999996,0.09650500000000001,0.13585750000000002,0.24635250000000003,0.35668249999999996,0.267885,331.59404642,3,"{""geodesic"":false,""type"":""Point"",""coordinates"":[38.20951754828396,-3.5077166339473216]}"
000000000000000000d3_0,0.16550396511043536,0.29877263,0.02687500000000001,0.04939750000000001,0.09130749999999999,0.1254075,0.2322725,0.30039,0.22003499999999998,329.8816184,3,"{""geodesic"":false,""type"":""Point"",""coordinates"":[38.207896159461875,-3.508800790365382]}"
000000000000000000d4_0,0.17286081064017841,0.30536348,0.031164999999999998,0.05049749999999997,0.091555,0.12846000000000002,0.24140250000000002,0.30011499999999997,0.2236375,329.67995522,3,"{""geodesic"":false,""type"":""Point"",""coordinates"":[38.21034209953018,-3.490620172412899]}"
000000000000000000d5_0,0.19020537404256077,0.32668605,0.03727,0.055584999999999996,0.09092250000000002,0.12188749999999998,0.24016500000000002,0.32549750000000005,0.23122750000000003,328.84937636,3,"{""geodesic"":false,""type"":""Point"",""coordinates"":[38.21196390270546,-3.4889932366299736]}"
000000000000000000d6_0,0.1669490939272375,0.29579034,0.030092499999999994,0.05343999999999999,0.09617500000000001,0.126425,0.23263,0.2869975,0.2093375,329.91921662,3,"{""geodesic"":false,""type"":""Point"",""coordinates"":[38.20872165373255,-3.490618804572559]}"
000000000000000000d7_0,0.18594067382603258,0.32199067,0.030120000000000008,0.05258750000000001,0.09491,0.1256275,0.24495,0.3117475,0.2213275,328.59986089999995,3,"{""geodesic"":false,""type"":""Point"",""coordinates"":[38.20926339048467,-3.4887195777773083]}"
000000000000000000d8_0,0.18689843657166139,0.31573185,0.032952499999999996,0.05597000000000002,0.09826499999999999,0.1312375,0.2523475,0.33619499999999997,0.2411275,330.49686199999996,3,"{""geodesic"":false,""type"":""Point"",""coordinates"":[38.209533010698514,-3.489262572295421]}"
000000000000000000d9_0,0.18305977027793546,0.3279731,0.028222499999999984,0.05025000000000002,0.0903175,0.11638749999999998,0.22999000000000003,0.2933225,0.20801750000000002,327.591545,3,"{""geodesic"":false,""type"":""Point"",""coordinates"":[38.21331494986677,-3.488180220791688]}"
000000000000000000da_0,0.18202752825777413,0.32342836,0.029872499999999996,0.05113000000000001,0.09028999999999998,0.11913750000000001,0.23304249999999999,0.29995,0.21450750000000002,327.49925845999996,3,"{""geodesic"":false,""type"":""Point"",""coordinates"":[38.21115458587089,-3.487907021081908]}"
000000000000000000dd_0,0.19652971474528988,0.32561827,0.03473999999999999,0.05800499999999997,0.1025275,0.13082500000000002,0.25716,0.31556999999999996,0.23001749999999999,329.40651362,3,"{""geodesic"":false,""type"":""Point"",""coordinates"":[38.20763178971693,-3.5020159833283713]}"
000000000000000000de_0,0.18286846852951388,0.29844052,0.040212499999999984,0.0629825,0.10519499999999998,0.13957000000000003,0.258315,0.34686500000000003,0.2532825,329.5739966,3,"{""geodesic"":false,""type"":""Point"",""coordinates"":[38.20736034252315,-3.5036440525740797]}"
000000000000000000df_0,0.17272666454817615,0.28756306,0.036142499999999994,0.06058999999999998,0.10483749999999997,0.140725,0.2543275,0.34202499999999997,0.2520175,331.08817946,3,"{""geodesic"":false,""type"":""Point"",""coordinates"":[38.20789981366994,-3.504458660681725]}"
000000000000000000e0_0,0.14460560511343687,0.28051838,0.02250250000000001,0.04502500000000001,0.08487250000000002,0.11616749999999998,0.2067525,0.26136750000000003,0.19459749999999998,330.0012491,3,"{""geodesic"":false,""type"":""Point"",""coordinates"":[38.20627888761072,-3.505000049201974]}"
000000000000000000e1_0,0.15230892153480174,0.31141093,0.019587500000000008,0.03892000000000001,0.07480749999999997,0.10200500000000001,0.19426749999999998,0.2421725,0.176145,322.00308229999996,3,"{""geodesic"":false,""type"":""Point"",""coordinates"":[38.20493101625387,-3.5020136867575085]}"
000000000000000000e2_0,0.17412846969400989,0.32020128,0.027782499999999988,0.04810500000000001,0.0836075,0.11448999999999998,0.22234500000000001,0.2962375,0.21137250000000002,323.31218395999997,3,"{""geodesic"":false,""type"":""Point"",""coordinates"":[38.20493627717311,-3.495771878808201]}"
000000000000000000e3_0,0.16077507917818978,0.3231059,0.021540000000000004,0.040102499999999985,0.07483499999999998,0.10148249999999998,0.198365,0.2592775,0.18544,323.32927406,3,"{""geodesic"":false,""type"":""Point"",""coordinates"":[38.2052113742942,-3.4898016822327205]}"
000000000000000000e4_0,0.1603899463551453,0.3176188,0.02244750000000001,0.0417525,0.07818999999999998,0.10439749999999998,0.2015825,0.24904749999999998,0.17936249999999998,322.17740132,3,"{""geodesic"":false,""type"":""Point"",""coordinates"":[38.20737446589126,-3.486818298123357]}"
000000000000000000e5_0,0.17647165896101058,0.34129676,0.024070000000000008,0.04216500000000001,0.07774999999999999,0.10291250000000002,0.2095575,0.2590025,0.18629250000000003,323.01481622,3,"{""geodesic"":false,""type"":""Point"",""coordinates"":[38.210616475404954,-3.485464115672587]}"
000000000000000000e6_0,0.17822662487538957,0.3419917,0.0321825,0.0417525,0.07301999999999997,0.1050025,0.21415,0.25677500000000003,0.19124249999999998,329.70388135999997,3,"{""geodesic"":false,""type"":""Point"",""coordinates"":[38.26705409524847,-3.495822632486235]}"
000000000000000000e7_0,0.1512669241543229,0.2757544,0.04059750000000001,0.0505525,0.08324999999999999,0.12870749999999997,0.22671750000000002,0.30932750000000003,0.24926750000000003,332.81427956,3,"{""geodesic"":false,""type"":""Point"",""coordinates"":[38.26867246908056,-3.4985377714076673]}"
000000000000000000e8_0,0.184509039347749,0.34629166,0.032484999999999986,0.042605000000000004,0.07312999999999997,0.10808250000000003,0.22259250000000003,0.2780325,0.20477250000000002,333.13899146,3,"{""geodesic"":false,""type"":""Point"",""coordinates"":[38.267591305162135,-3.4996224729438707]}"
000000000000000000e9_0,0.18600527536896705,0.3521343,0.02995500000000001,0.04054250000000001,0.07200250000000002,0.10668,0.2226475,0.2628525,0.19146249999999998,330.4114115,3,"{""geodesic"":false,""type"":""Point"",""coordinates"":[38.265431295455485,-3.498806615844394]}"
000000000000000000ea_0,0.17957508746394035,0.33057463,0.035674999999999985,0.04571249999999999,0.0783275,0.11404999999999998,0.22669,0.2759975,0.212995,332.09649536,3,"{""geodesic"":false,""type"":""Point"",""coordinates"":[38.26705283087545,-3.4974509539901417]}"
000000000000000000eb_0,0.17283549490518868,0.3288529,0.035619999999999985,0.0445575,0.07035249999999998,0.1074775,0.2128025,0.291095,0.21899000000000002,329.5910867,3,"{""geodesic"":false,""type"":""Point"",""coordinates"":[38.26867520260676,-3.495009740209302]}"
000000000000000000ec_0,0.17783887579645632,0.33239406,0.03443750000000001,0.043265,0.0739825,0.11253750000000001,0.22460000000000002,0.278995,0.2178075,329.8987085,3,"{""geodesic"":false,""type"":""Point"",""coordinates"":[38.26786559595377,-3.494194945376205]}"
000000000000000000ed_0,0.14135429262394192,0.26389164,0.03584000000000001,0.04430999999999999,0.07730999999999999,0.13451000000000002,0.2309525,0.32041000000000003,0.2653825,328.02905155999997,3,"{""geodesic"":false,""type"":""Point"",""coordinates"":[38.25976769590882,-3.488489452770789]}"
000000000000000000ee_0,0.14937236200186377,0.26278546,0.04117499999999999,0.0505525,0.09039999999999998,0.14716,0.25207250000000003,0.34747,0.290765,327.24632498,3,"{""geodesic"":false,""type"":""Point"",""coordinates"":[38.25598555401566,-3.489843389562206]}"
000000000000000000ef_0,0.1394658027240307,0.25552186,0.040102499999999985,0.04901249999999999,0.08289249999999998,0.13693,0.230925,0.3478275,0.2830375,327.85473254,3,"{""geodesic"":false,""type"":""Point"",""coordinates"":[38.25490545982524,-3.4895711446126367]}"
000000000000000000f0_0,0.2004792853612824,0.3898973,0.030835,0.0388375,0.06661250000000002,0.09251749999999997,0.2107675,0.24096250000000002,0.1692975,327.35911964,3,"{""geodesic"":false,""type"":""Point"",""coordinates"":[38.25679386514932,-3.4922865096737237]}"
000000000000000000f1_0,0.1899208663057059,0.373276,0.02918499999999999,0.0387275,0.06586999999999998,0.09474500000000002,0.20760499999999998,0.2422825,0.17207499999999998,325.94405936,3,"{""geodesic"":false,""type"":""Point"",""coordinates"":[38.260036074270275,-3.4906607583126408]}"
000000000000000000f2_0,0.15630023494497347,0.28826538,0.0354825,0.044997499999999996,0.079125,0.128735,0.23301500000000003,0.310015,0.24401499999999998,327.83764243999997,3,"{""geodesic"":false,""type"":""Point"",""coordinates"":[38.257335086813676,-3.490930006661581]}"
000000000000000000f3_0,0.1477489454982867,0.2605987,0.040102499999999985,0.05132249999999999,0.08990500000000001,0.145675,0.24836000000000003,0.3468925,0.2728625,329.58083264,3,"{""geodesic"":false,""type"":""Point"",""coordinates"":[38.25490417679992,-3.4911994618502304]}"
000000000000000000f4_0,0.1792995295347622,0.32863468,0.03814999999999999,0.045905,0.0748625,0.11561749999999998,0.2288075,0.30501000000000006,0.235435,326.89768693999997,3,"{""geodesic"":false,""type"":""Point"",""coordinates"":[38.270563031518776,-3.4985392492662437]}"
000000000000000000f5_0,0.22425564194955433,0.44022337,0.020797499999999997,0.034519999999999995,0.06663999999999998,0.0827,0.212775,0.242035,0.16195500000000002,325.05195614,3,"{""geodesic"":false,""type"":""Point"",""coordinates"":[38.29107118166404,-3.522437216917852]}"
000000000000000000f6_0,0.21600667260629725,0.42389962,0.022749999999999992,0.03611500000000001,0.06763000000000002,0.085175,0.21051999999999998,0.2509725,0.16882999999999998,324.61444958,3,"{""geodesic"":false,""type"":""Point"",""coordinates"":[38.29053162110412,-3.521622639584424]}"
000000000000000000f7_0,0.19093404096766572,0.3629126,0.027425000000000005,0.041669999999999985,0.07500000000000001,0.1014275,0.21698250000000002,0.2682975,0.189015,324.8742191,3,"{""geodesic"":false,""type"":""Point"",""coordinates"":[38.289991650273485,-3.5213508384190377]}"
000000000000000000f8_0,0.18377628566808787,0.31398246,0.0382875,0.054842500000000016,0.09251749999999997,0.1297525,0.248525,0.3294025,0.2546575,327.591545,3,"{""geodesic"":false,""type"":""Point"",""coordinates"":[38.28702109481834,-3.520805785440577]}"
000000000000000000f9_0,0.1994221689803396,0.3605513,0.028002499999999986,0.04486000000000001,0.07926250000000001,0.11042000000000002,0.23493999999999998,0.2905175,0.2093375,326.52854077999996,3,"{""geodesic"":false,""type"":""Point"",""coordinates"":[38.28675080054811,-3.5210769659604955]}"
000000000000000000fa_0,0.20140097060708723,0.37989402,0.027315000000000006,0.04139499999999999,0.07645750000000001,0.0987325,0.21970499999999998,0.27033250000000003,0.18571500000000002,325.84151876,3,"{""geodesic"":false,""type"":""Point"",""coordinates"":[38.28675183286222,-3.5197200261369916]}"
000000000000000000fb_0,0.22465239207875273,0.43979755,0.024262499999999992,0.035784999999999983,0.06474249999999998,0.08217750000000001,0.2112075,0.2258925,0.15455750000000001,324.93916148,3,"{""geodesic"":false,""type"":""Point"",""coordinates"":[38.290802325351976,-3.5208086813750046]}"
000000000000000000fc_0,0.23042652291728957,0.45035854,0.024510000000000004,0.0355925,0.06457750000000001,0.08019749999999998,0.21162000000000003,0.23694749999999998,0.16135,325.6261835,3,"{""geodesic"":false,""type"":""Point"",""coordinates"":[38.29080253065823,-3.5205372931721075]}"
000000000000000000fd_0,0.2558052542226571,0.50100756,0.01791000000000001,0.029927499999999996,0.06031500000000001,0.07304749999999999,0.2197325,0.20364500000000002,0.13013750000000002,324.49140086,3,"{""geodesic"":false,""type"":""Point"",""coordinates"":[38.294582129080396,-3.5227112808469934]}"
000000000000000000fe_0,0.20920950791238094,0.40186125,0.025197499999999984,0.038892499999999997,0.07120500000000002,0.09183000000000002,0.21522249999999998,0.25331,0.17611749999999998,326.05001798,3,"{""geodesic"":false,""type"":""Point"",""coordinates"":[38.29485160503643,-3.523525651402472]}"
000000000000000000ff_0,0.21797879328141131,0.41725996,0.02442749999999999,0.03825999999999999,0.07147999999999999,0.0892175,0.21698250000000002,0.24767250000000002,0.1668775,324.73066226000003,3,"{""geodesic"":false,""type"":""Point"",""coordinates"":[38.29107036021044,-3.523522769738967]}"
00000000000000000100_0,0.1849754801033204,0.37880147,0.018872499999999987,0.03512499999999999,0.0690325,0.08913500000000002,0.19784249999999998,0.2271575,0.1586825,324.40936838,3,"{""geodesic"":false,""type"":""Point"",""coordinates"":[38.28998959366998,-3.5240647198499064]}"
00000000000000000101_0,0.20099260301583982,0.40005505,0.02313499999999999,0.03738,0.06683250000000002,0.0871825,0.20345249999999998,0.22729500000000002,0.15593249999999997,324.43329452,3,"{""geodesic"":false,""type"":""Point"",""coordinates"":[38.289720327925956,-3.5229789605914785]}"
00000000000000000102_0,0.21030879962851168,0.40475282,0.025087499999999985,0.038012500000000005,0.07241500000000001,0.09158250000000001,0.21613,0.2471775,0.1696275,325.97482154,3,"{""geodesic"":false,""type"":""Point"",""coordinates"":[38.29161299957199,-3.520266523426344]}"
00000000000000000103_0,0.13099992604097335,0.30709064,0.010319999999999996,0.027480000000000004,0.06449500000000002,0.08792499999999998,0.16586,0.16049750000000002,0.12029250000000002,327.7111757,3,"{""geodesic"":false,""type"":""Point"",""coordinates"":[38.2970157779378,-3.518913685548947]}"
00000000000000000104_0,0.1688420601853917,0.31240854,0.0321825,0.04862749999999999,0.08151750000000002,0.11454500000000001,0.2186325,0.2851,0.205075,325.42452032,3,"{""geodesic"":false,""type"":""Point"",""coordinates"":[38.28378087183053,-3.5197177398019552]}"
00000000000000000105_0,0.16376083743203645,0.30105966,0.029267500000000002,0.048022499999999996,0.084735,0.12095250000000002,0.22515000000000002,0.2867225,0.20724750000000003,326.17990274,3,"{""geodesic"":false,""type"":""Point"",""coordinates"":[38.282700522846504,-3.519716906051597]}"
00000000000000000106_0,0.17451550998711626,0.32723615,0.02844250000000001,0.046262499999999984,0.08055499999999999,0.10951250000000001,0.2160475,0.2851,0.20801750000000002,328.16235434,3,"{""geodesic"":false,""type"":""Point"",""coordinates"":[38.28432021778595,-3.520803707489846]}"
00000000000000000107_0,0.16053622584730992,0.28132936,0.034135,0.055337499999999984,0.09474500000000002,0.1326675,0.236535,0.32263749999999997,0.24514249999999999,326.79514634,3,"{""geodesic"":false,""type"":""Point"",""coordinates"":[38.28513027376328,-3.521075719565064]}"
00000000000000000108_0,0.16452790726528302,0.30202842,0.03174250000000001,0.05019499999999999,0.08743000000000001,0.11798249999999999,0.22009,0.28545750000000003,0.20733000000000001,325.99874768,3,"{""geodesic"":false,""type"":""Point"",""coordinates"":[38.284049715601654,-3.521346274862933]}"
00000000000000000109_0,0.1711287084349392,0.3125456,0.028469999999999995,0.0472525,0.08396500000000001,0.1201275,0.2293575,0.2956325,0.2114275,326.395238,3,"{""geodesic"":false,""type"":""Point"",""coordinates"":[38.28242960481909,-3.520802248250555]}"
0000000000000000010a_0,0.16497160776336972,0.29271677,0.032649999999999985,0.05201,0.091115,0.12934,0.23639749999999998,0.2880425,0.2093375,326.06027204,3,"{""geodesic"":false,""type"":""Point"",""coordinates"":[38.28216014069171,-3.5199878763997354]}"
0000000000000000010b_0,0.16564895970909588,0.30166617,0.028992500000000004,0.048490000000000005,0.08875,0.12296000000000001,0.22919250000000002,0.30611000000000005,0.22553499999999999,325.27412744000003,3,"{""geodesic"":false,""type"":""Point"",""coordinates"":[38.28188922192858,-3.5210732182900455]}"
0000000000000000010c_0,0.17296521678998686,0.31391817,0.03053249999999999,0.04816000000000001,0.084955,0.12026500000000001,0.23032000000000002,0.302425,0.22215250000000003,325.24336526,3,"{""geodesic"":false,""type"":""Point"",""coordinates"":[38.28161913438036,-3.5210730093398412]}"
0000000000000000010d_0,0.1635104444617151,0.30094856,0.030807499999999988,0.0478025,0.08492749999999999,0.12095250000000002,0.225095,0.288565,0.20983249999999998,326.16623066,3,"{""geodesic"":false,""type"":""Point"",""coordinates"":[38.282431058587804,-3.518902534276305]}"
0000000000000000010e_0,0.16330425299890952,0.3052347,0.035977499999999996,0.049754999999999994,0.08055499999999999,0.11248249999999999,0.2113175,0.30135249999999997,0.22314250000000002,326.11837837999997,3,"{""geodesic"":false,""type"":""Point"",""coordinates"":[38.28324194164906,-3.5180889964965596]}"
0000000000000000010f_0,0.16986097101004338,0.3113458,0.03220999999999999,0.04846249999999999,0.08245249999999998,0.11779,0.22429749999999998,0.285155,0.20501999999999998,325.81759262,3,"{""geodesic"":false,""type"":""Point"",""coordinates"":[38.28351119924938,-3.519174755927226]}"
00000000000000000110_0,0.1762506368684208,0.31369728,0.03215499999999999,0.05060749999999997,0.0891075,0.12279499999999999,0.23504999999999998,0.299675,0.2175875,327.14720239999997,3,"{""geodesic"":false,""type"":""Point"",""coordinates"":[38.28189067690431,-3.5191735045528425]}"
00000000000000000111_0,0.18997328871947453,0.35971594,0.03600500000000001,0.04642750000000001,0.07271749999999999,0.097825,0.2077425,0.281745,0.2010325,331.66240682,3,"{""geodesic"":false,""type"":""Point"",""coordinates"":[38.26379317899723,-3.5213304315138285]}"
00000000000000000112_0,0.1777414197002938,0.33512858,0.035097500000000004,0.04749999999999999,0.07673249999999998,0.10431499999999999,0.20947500000000002,0.2982175,0.2134625,332.33917478,3,"{""geodesic"":false,""type"":""Point"",""coordinates"":[38.26460386452028,-3.520788300481039]}"
00000000000000000113_0,0.17520178252789828,0.31708726,0.043539999999999995,0.0536875,0.07984000000000002,0.11223499999999997,0.21645999999999999,0.317165,0.235215,330.44900972,3,"{""geodesic"":false,""type"":""Point"",""coordinates"":[38.26622289601939,-3.5226892896446094]}"
00000000000000000114_0,0.16931270559399972,0.31024322,0.041669999999999985,0.05269750000000001,0.08077499999999999,0.11234499999999997,0.21340750000000003,0.30932750000000003,0.22812,331.3000967,3,"{""geodesic"":false,""type"":""Point"",""coordinates"":[38.26541263485348,-3.5226886485925375]}"
00000000000000000115_0,0.17820157994098137,0.32975665,0.037132499999999985,0.048985,0.07769500000000001,0.10868749999999999,0.21563500000000002,0.30495500000000003,0.2215475,332.11358545999997,3,"{""geodesic"":false,""type"":""Point"",""coordinates"":[38.26487288666128,-3.522145447562999]}"
00000000000000000116_0,0.17820157994098137,0.32975665,0.037132499999999985,0.048985,0.07769500000000001,0.10868749999999999,0.21563500000000002,0.30495500000000003,0.2215475,332.11358545999997,3,"{""geodesic"":false,""type"":""Point"",""coordinates"":[38.26487288666128,-3.522145447562999]}"
00000000000000000117_0,0.15169279053408122,0.278926,0.0415875,0.05398999999999998,0.08352500000000002,0.1195775,0.21208749999999998,0.31766,0.24297000000000002,328.18628048,3,"{""geodesic"":false,""type"":""Point"",""coordinates"":[38.26703379418578,-3.5218757696881893]}"
00000000000000000118_0,0.17123977229045773,0.31899625,0.03652749999999999,0.04926,0.07865749999999999,0.10984250000000001,0.21274749999999998,0.30968500000000004,0.2250125,329.13649004,3,"{""geodesic"":false,""type"":""Point"",""coordinates"":[38.265413698537515,-3.521331715244069]}"
00000000000000000119_0,0.1666020223158313,0.30457073,0.03903000000000001,0.05187249999999999,0.0827,0.115975,0.21756000000000003,0.32060249999999996,0.23568250000000002,328.91431874,3,"{""geodesic"":false,""type"":""Point"",""coordinates"":[38.266494257602275,-3.5210611827525247]}"
0000000000000000011a_0,0.16274431951488028,0.2985051,0.03803999999999999,0.05217499999999997,0.08187499999999998,0.1165525,0.21574500000000002,0.310675,0.22798249999999998,328.9758431,3,"{""geodesic"":false,""type"":""Point"",""coordinates"":[38.26622438341949,-3.5207895825990425]}"
0000000000000000011b_0,0.1670125594876015,0.3063532,0.04024,0.050580000000000014,0.07973000000000002,0.11625000000000002,0.218935,0.3056975,0.23169499999999998,332.63996054,3,"{""geodesic"":false,""type"":""Point"",""coordinates"":[38.26433228686324,-3.522687792756157]}"
0000000000000000011c_0,0.1090809118978133,0.2219536,0.03064249999999999,0.042082499999999995,0.07607249999999999,0.12430750000000002,0.19523000000000001,0.258645,0.20144499999999999,326.2072469,3,"{""geodesic"":false,""type"":""Point"",""coordinates"":[38.28106414037171,-3.5403411083892675]}"
0000000000000000011d_0,0.11937605647372064,0.24359849,0.030615000000000003,0.04263249999999999,0.073735,0.11638749999999998,0.19135249999999998,0.249075,0.18997750000000002,325.37666804,3,"{""geodesic"":false,""type"":""Point"",""coordinates"":[38.28187483774408,-3.5397989637971077]}"
0000000000000000011e_0,0.12818959572048985,0.26850694,0.03171499999999999,0.04288,0.07010499999999997,0.10304999999999997,0.1787025,0.258095,0.19000499999999998,324.51190898,3,"{""geodesic"":false,""type"":""Point"",""coordinates"":[38.282415650230924,-3.538985220901975]}"
0000000000000000011f_0,0.1283389565120137,0.2641335,0.03303500000000001,0.04519000000000001,0.0719475,0.10549750000000002,0.18123250000000002,0.271185,0.20218750000000002,323.83514102000004,3,"{""geodesic"":false,""type"":""Point"",""coordinates"":[38.28268636914414,-3.538171267831505]}"
00000000000000000120_0,0.10532234886689222,0.22691117,0.025802500000000006,0.03977249999999999,0.07255250000000002,0.11055749999999998,0.1754575,0.22608499999999998,0.174825,323.85223112,3,"{""geodesic"":false,""type"":""Point"",""coordinates"":[38.28268490791709,-3.540070981124141]}"
00000000000000000121_0,0.12094414163953605,0.2684313,0.02244750000000001,0.03506999999999999,0.067355,0.09911750000000003,0.17185499999999998,0.2059825,0.15475,328.2409688,3,"{""geodesic"":false,""type"":""Point"",""coordinates"":[38.28268344590072,-3.541970694338213]}"
00000000000000000122_0,0.12439586250508153,0.264692,0.02470249999999999,0.0386725,0.07090249999999998,0.10519499999999998,0.18092999999999998,0.2226475,0.1641825,328.3264193,3,"{""geodesic"":false,""type"":""Point"",""coordinates"":[38.28214304956672,-3.542241661910049]}"
00000000000000000123_0,0.11225285719130464,0.22654659,0.029872499999999996,0.042825,0.07920749999999999,0.12430750000000002,0.1971275,0.224435,0.17881249999999999,327.00022753999997,3,"{""geodesic"":false,""type"":""Point"",""coordinates"":[38.280792581323716,-3.542240610467624]}"
00000000000000000124_0,0.11399351865422513,0.22035886,0.03534499999999999,0.045575000000000004,0.08096750000000003,0.13621499999999997,0.213215,0.2655475,0.20898,326.38840196,3,"{""geodesic"":false,""type"":""Point"",""coordinates"":[38.27998271997635,-3.5416972037840875]}"
00000000000000000125_0,0.10733133647125945,0.23441122,0.025637500000000008,0.037434999999999996,0.06947249999999999,0.1081375,0.1743575,0.2264425,0.1735875,327.65648738,3,"{""geodesic"":false,""type"":""Point"",""coordinates"":[38.28241397917728,-3.5411563216339466]}"
00000000000000000126_0,0.107167484687462,0.20861389,0.0354825,0.04565749999999999,0.08019749999999998,0.13781,0.210465,0.2700025,0.21318750000000003,327.11644021999996,3,"{""geodesic"":false,""type"":""Point"",""coordinates"":[38.279983558591645,-3.5406116540253993]}"
00000000000000000127_0,0.12022342911581017,0.22779262,0.03738,0.0474725,0.08132499999999998,0.13764500000000002,0.2188525,0.2836975,0.22066750000000002,326.63108137999996,3,"{""geodesic"":false,""type"":""Point"",""coordinates"":[38.27917306953513,-3.5408824091852877]}"
00000000000000000128_0,0.13801369016729675,0.25881353,0.036967499999999986,0.046207499999999985,0.07887749999999999,0.13195250000000003,0.224105,0.270745,0.20356249999999998,326.58664712,3,"{""geodesic"":false,""type"":""Point"",""coordinates"":[38.2786330933541,-3.5406105999077475]}"
00000000000000000129_0,0.14992746235884566,0.31446782,0.0358125,0.0431,0.06526500000000002,0.09169250000000001,0.175815,0.26596000000000003,0.19938250000000002,323.90350142,3,"{""geodesic"":false,""type"":""Point"",""coordinates"":[38.283766947809134,-3.5379007182799023]}"
0000000000000000012a_0,0.16162051503070796,0.29874167,0.0416975,0.05080000000000001,0.08044499999999999,0.11619499999999999,0.21519500000000003,0.33248249999999996,0.24915750000000003,326.2414271,3,"{""geodesic"":false,""type"":""Point"",""coordinates"":[38.28457743358138,-3.537629958268174]}"
0000000000000000012b_0,0.13999404893312728,0.2918884,0.03617000000000001,0.043842500000000006,0.06801499999999999,0.09730250000000001,0.17752,0.279875,0.21541500000000002,323.37712634,3,"{""geodesic"":false,""type"":""Point"",""coordinates"":[38.283766531056955,-3.538443493646477]}"
0000000000000000012c_0,0.1227017595131469,0.24315368,0.03309000000000001,0.0445575,0.0770075,0.12219000000000002,0.2007025,0.265465,0.20512999999999998,325.17158684000003,3,"{""geodesic"":false,""type"":""Point"",""coordinates"":[38.281335279313346,-3.538984380997008]}"
0000000000000000012d_0,0.13526435662499792,0.26380605,0.03534499999999999,0.04530000000000001,0.07654,0.11941249999999998,0.20499250000000002,0.35066,0.30531250000000004,331.49834186,3,"{""geodesic"":false,""type"":""Point"",""coordinates"":[38.17226440696892,-3.4876020981908846]}"
0000000000000000012e_0,0.14148871819093317,0.26033834,0.03762750000000001,0.049122499999999986,0.08226,0.13340999999999997,0.22732249999999998,0.36440999999999996,0.30063750000000006,331.51201394,3,"{""geodesic"":false,""type"":""Point"",""coordinates"":[38.17171879728629,-3.493843378440895]}"
0000000000000000012f_0,0.14202220923436595,0.25960457,0.03944249999999999,0.050744999999999985,0.08511999999999997,0.13340999999999997,0.22696500000000003,0.37901250000000003,0.31614749999999997,330.77713964,3,"{""geodesic"":false,""type"":""Point"",""coordinates"":[38.17225561180263,-3.49764318720464]}"
00000000000000000130_0,0.1386955698131233,0.24873444,0.042440000000000005,0.05363249999999997,0.08875,0.1398725,0.2324925,0.39985750000000003,0.34436249999999996,331.34794897999996,3,"{""geodesic"":false,""type"":""Point"",""coordinates"":[38.173064168133884,-3.499543570097658]}"
00000000000000000131_0,0.14028655279038837,0.26551417,0.03182499999999999,0.039992499999999986,0.07502750000000002,0.13563750000000002,0.23370249999999998,0.34722250000000004,0.29423,327.96069116,3,"{""geodesic"":false,""type"":""Point"",""coordinates"":[38.17737469062765,-3.5117595334014444]}"
00000000000000000132_0,0.1413694373155956,0.27325156,0.0357025,0.04574,0.07588,0.11845,0.2075225,0.33314249999999995,0.28213,330.15506,3,"{""geodesic"":false,""type"":""Point"",""coordinates"":[38.17199362363132,-3.488416002014842]}"
00000000000000000133_0,0.15165010128398132,0.27899128,0.03372249999999999,0.04246749999999999,0.07728249999999998,0.1367375,0.24255749999999998,0.34274,0.2747875,326.47043443999996,3,"{""geodesic"":false,""type"":""Point"",""coordinates"":[38.17091785412336,-3.4832588129163753]}"
00000000000000000134_0,0.18119644682021846,0.3220887,0.031439999999999996,0.05071749999999997,0.0894375,0.12007250000000003,0.23417,0.31246250000000003,0.225425,328.31274722,3,"{""geodesic"":false,""type"":""Point"",""coordinates"":[38.21467116968894,-3.4811253778411455]}"
00000000000000000135_0,0.17176951685967598,0.31787854,0.0264075,0.04694999999999999,0.08638499999999999,0.11501250000000002,0.2222075,0.2780325,0.20348,327.9504371,3,"{""geodesic"":false,""type"":""Point"",""coordinates"":[38.213860053781396,-3.4822102344285133]}"
00000000000000000136_0,0.18158698794299,0.33625415,0.030120000000000008,0.04805000000000001,0.08030749999999998,0.10775249999999997,0.2169275,0.28534750000000003,0.2037275,324.32049986,3,"{""geodesic"":false,""type"":""Point"",""coordinates"":[38.211428501575256,-3.483293729567595]}"
00000000000000000137_0,0.1531314986361304,0.3039523,0.035097500000000004,0.042137499999999994,0.06699749999999999,0.10711999999999999,0.200675,0.281965,0.21932000000000001,322.87125937999997,3,"{""geodesic"":false,""type"":""Point"",""coordinates"":[38.20739462018527,-3.46266518836983]}"
00000000000000000138_0,0.15983981495865915,0.30454153,0.0343,0.043045,0.07277250000000002,0.11630499999999999,0.218165,0.31097749999999996,0.24299749999999998,321.26137196,3,"{""geodesic"":false,""type"":""Point"",""coordinates"":[38.20145339527679,-3.462388797990899]}"
00000000000000000139_0,0.1559336847080647,0.31769118,0.023877499999999996,0.036967499999999986,0.07007750000000001,0.10326999999999997,0.1994375,0.22966000000000003,0.17746499999999998,321.8321813,3,"{""geodesic"":false,""type"":""Point"",""coordinates"":[38.208478263460805,-3.4585953436670183]}"
0000000000000000013a_0,0.18318793942898326,0.32547814,0.037847500000000006,0.046867500000000006,0.07860250000000002,0.12458249999999998,0.2448125,0.31524,0.23537999999999998,322.78580888,3,"{""geodesic"":false,""type"":""Point"",""coordinates"":[38.195515844210284,-3.4577702501884673]}"
0000000000000000013b_0,0.14638659120592082,0.27794677,0.03611500000000001,0.04375999999999999,0.07136999999999999,0.12491249999999998,0.22108,0.32805500000000004,0.261395,323.16520909999997,3,"{""geodesic"":false,""type"":""Point"",""coordinates"":[38.1968652511355,-3.458856929004251]}"
0000000000000000013c_0,0.1560117688751164,0.2925688,0.03204499999999999,0.04224749999999999,0.07279999999999998,0.12587500000000001,0.22999000000000003,0.303525,0.2330975,324.26581153999996,3,"{""geodesic"":false,""type"":""Point"",""coordinates"":[38.19011387626388,-3.458579784663106]}"
0000000000000000013d_0,0.14806937172774867,0.28180334,0.037599999999999995,0.045520000000000005,0.07417499999999999,0.12051250000000002,0.21508500000000003,0.31117,0.241705,323.51384714,3,"{""geodesic"":false,""type"":""Point"",""coordinates"":[38.18741416228917,-3.4574919384141922]}"
0000000000000000013e_0,0.156309317487827,0.30148324,0.031549999999999995,0.037709999999999994,0.0654575,0.1206775,0.22484749999999998,0.2833125,0.22932999999999998,322.0885328,3,"{""geodesic"":false,""type"":""Point"",""coordinates"":[38.18417595267752,-3.454503947386668]}"
0000000000000000013f_0,0.16733884633633841,0.316848,0.033117499999999994,0.04073499999999999,0.06688749999999999,0.1171025,0.22572750000000003,0.316505,0.2487725,323.17204514,3,"{""geodesic"":false,""type"":""Point"",""coordinates"":[38.18579632711729,-3.454505343126028]}"
00000000000000000140_0,0.15336159695164864,0.2956029,0.033310000000000006,0.04211000000000001,0.06994,0.1171025,0.2153875,0.29923500000000003,0.2289175,321.99966428,3,"{""geodesic"":false,""type"":""Point"",""coordinates"":[38.18147672468099,-3.452873325152818]}"
00000000000000000141_0,0.15892637156791609,0.29940677,0.03388749999999999,0.04299,0.07158999999999999,0.12119999999999997,0.2247925,0.3054225,0.2334275,321.44936306,3,"{""geodesic"":false,""type"":""Point"",""coordinates"":[38.18309779093562,-3.452060579583919]}"
00000000000000000142_0,0.17291624398251476,0.34862494,0.028277499999999983,0.03820499999999999,0.06504500000000002,0.09633999999999998,0.199465,0.25353,0.19135249999999998,320.84779154,3,"{""geodesic"":false,""type"":""Point"",""coordinates"":[38.20983307982752,-3.4531688031299517]}"
00000000000000000143_0,0.16956878475704268,0.33439568,0.032017500000000004,0.04089999999999999,0.06614500000000001,0.10181249999999997,0.20411250000000003,0.25845250000000003,0.19223250000000003,321.25795394,3,"{""geodesic"":false,""type"":""Point"",""coordinates"":[38.211182278406824,-3.454526847518146]}"
000000000000000005cd_0,0.12543526115669404,0.23450105,0.038644999999999985,0.047087500000000004,0.08421250000000002,0.14067000000000002,0.22685500000000003,0.2631275,0.216955,332.14434764,3,"{""geodesic"":false,""type"":""Point"",""coordinates"":[38.26078343469635,-3.5701775952756587]}"
000000000000000005ce_0,0.16995126999870624,0.32304484,0.03419,0.0412025,0.072855,0.11355500000000002,0.22193249999999998,0.2403575,0.18461500000000003,332.83136966,3,"{""geodesic"":false,""type"":""Point"",""coordinates"":[38.26105483653632,-3.5685494965351414]}"
000000000000000005cf_0,0.1360095774989392,0.24754275,0.035977499999999996,0.044584999999999986,0.0811325,0.1500475,0.2487725,0.3119125,0.25815,331.08476143999997,3,"{""geodesic"":false,""type"":""Point"",""coordinates"":[38.26321715062746,-3.566651533044766]}"
000000000000000005d0_0,0.1726049488484604,0.327528,0.030945,0.03842499999999999,0.06969249999999999,0.11603000000000002,0.229055,0.24654500000000001,0.188685,332.1546017,3,"{""geodesic"":false,""type"":""Point"",""coordinates"":[38.26429819658275,-3.565838241836348]}"
000000000000000005d1_0,0.13831077316377705,0.25876582,0.03727,0.04607,0.07959250000000001,0.13296999999999998,0.22581,0.27696,0.2197325,332.47931359999995,3,"{""geodesic"":false,""type"":""Point"",""coordinates"":[38.26537924075339,-3.5650249489435963]}"
000000000000000005d2_0,0.15791443083929116,0.28877065,0.03517999999999999,0.04299,0.07942749999999998,0.134345,0.24343750000000003,0.294285,0.240605,332.37677299999996,3,"{""geodesic"":false,""type"":""Point"",""coordinates"":[38.26321995832273,-3.5631235113562028]}"
000000000000000005d3_0,0.1719598218639275,0.29738846,0.040872500000000006,0.051570000000000005,0.08803499999999997,0.13748,0.25386000000000003,0.3204925,0.253695,332.12383952,3,"{""geodesic"":false,""type"":""Point"",""coordinates"":[38.26051940624043,-3.562578566140127]}"
000000000000000005d4_0,0.13234495936712343,0.22375098,0.046619999999999995,0.05830750000000001,0.1010975,0.16982000000000003,0.26772,0.37469500000000006,0.32126250000000006,331.5906284,3,"{""geodesic"":false,""type"":""Point"",""coordinates"":[38.25971041231432,-3.5609495962839013]}"
000000000000000005d5_0,0.13617069658152048,0.23576818,0.04246749999999999,0.05409999999999998,0.0932325,0.16014,0.2589475,0.357535,0.2917825,330.76004953999995,3,"{""geodesic"":false,""type"":""Point"",""coordinates"":[38.25944118179261,-3.5598638341340223]}"
000000000000000005d6_0,0.14051548980663425,0.23746836,0.046235,0.058142499999999986,0.09867749999999997,0.163055,0.26461250000000003,0.36674750000000006,0.30209500000000006,331.37871115999997,3,"{""geodesic"":false,""type"":""Point"",""coordinates"":[38.25971062907055,-3.560678210191756]}"
000000000000000005d7_0,0.14033032681269766,0.24985148,0.040295,0.0502225,0.08699000000000001,0.14837,0.247205,0.3428225,0.2755575,331.58037434,3,"{""geodesic"":false,""type"":""Point"",""coordinates"":[38.2583601408168,-3.5606771202896073]}"
000000000000000005d8_0,0.16294034158865836,0.29127225,0.036775,0.046015,0.0810225,0.1367375,0.24913000000000002,0.33160249999999997,0.279435,327.91967492000003,3,"{""geodesic"":false,""type"":""Point"",""coordinates"":[38.25592686559606,-3.5636603978167027]}"
000000000000000005d9_0,0.15352097904918643,0.2806672,0.03685749999999999,0.045217499999999994,0.07791500000000001,0.134125,0.23879,0.33022750000000006,0.2681875,327.56761886,3,"{""geodesic"":false,""type"":""Point"",""coordinates"":[38.256466844398865,-3.5639322216879057]}"
000000000000000005da_0,0.13637010451088596,0.25244126,0.03606000000000001,0.04519000000000001,0.08066499999999999,0.14047749999999998,0.23535250000000002,0.2911225,0.23265750000000002,331.48466978,3,"{""geodesic"":false,""type"":""Point"",""coordinates"":[38.25916391905084,-3.568819355532413]}"
000000000000000005db_0,0.13414757399301858,0.24871095,0.0357575,0.043952500000000005,0.0810225,0.1433375,0.23824,0.28254250000000003,0.23373,332.8211156,3,"{""geodesic"":false,""type"":""Point"",""coordinates"":[38.263218662810864,-3.5647518290925353]}"
000000000000000005dc_0,0.15080361118983038,0.28371125,0.033915,0.0412575,0.07368000000000002,0.1293125,0.23175,0.273605,0.21775250000000002,330.54471428,3,"{""geodesic"":false,""type"":""Point"",""coordinates"":[38.26484248821899,-3.5606823337073505]}"
000000000000000005dd_0,0.13872606486908948,0.2543585,0.037654999999999994,0.047087500000000004,0.0832775,0.14023000000000002,0.23590250000000001,0.2723675,0.22394000000000003,331.22831828,3,"{""geodesic"":false,""type"":""Point"",""coordinates"":[38.26673553529147,-3.557698593811664]}"
000000000000000005de_0,0.14112253448498138,0.2548462,0.04084499999999999,0.05008499999999999,0.08699000000000001,0.140835,0.23716750000000003,0.2776475,0.22182249999999998,330.69852518,3,"{""geodesic"":false,""type"":""Point"",""coordinates"":[38.26700606138419,-3.5571560361882963]}"
000000000000000005df_0,0.1532563726723158,0.29302156,0.03691249999999999,0.0443375,0.07623750000000001,0.11724000000000001,0.21442499999999998,0.24363,0.192315,328.11108404000004,3,"{""geodesic"":false,""type"":""Point"",""coordinates"":[38.270516258158416,-3.558515763830667]}"
000000000000000005e0_0,0.11656249742664918,0.22073135,0.040679999999999994,0.04934250000000001,0.08198499999999997,0.13742500000000002,0.2152775,0.2675,0.21481,328.67163932,3,"{""geodesic"":false,""type"":""Point"",""coordinates"":[38.27024722790803,-3.5571586155468697]}"
000000000000000005e1_0,0.12502488057324843,0.23504107,0.039635000000000004,0.04926,0.08140750000000002,0.1349225,0.217835,0.2738525,0.2245725,328.11792008,3,"{""geodesic"":false,""type"":""Point"",""coordinates"":[38.26916683880401,-3.5571577570304846]}"
000000000000000005e2_0,0.14150390297832413,0.2607747,0.04002,0.049754999999999994,0.08157249999999999,0.13170500000000002,0.22462749999999998,0.267885,0.20479999999999998,329.96365088,3,"{""geodesic"":false,""type"":""Point"",""coordinates"":[38.26916769374188,-3.5560722102472337]}"
000000000000000005e3_0,0.13070630218152443,0.25685245,0.03168750000000001,0.04222000000000001,0.07667750000000001,0.12356499999999998,0.20898,0.24211749999999999,0.18511,325.99532966,3,"{""geodesic"":false,""type"":""Point"",""coordinates"":[38.28240979703107,-3.5465840730146603]}"
000000000000000005e7_0,0.12335966791644354,0.2463123,0.030175000000000007,0.04084499999999999,0.07684249999999998,0.12403249999999999,0.20510250000000002,0.230925,0.18304750000000003,325.74923221999995,3,"{""geodesic"":false,""type"":""Point"",""coordinates"":[38.28106058009391,-3.5449546958133595]}"
000000000000000005e8_0,0.1433546752972631,0.29090142,0.027947499999999986,0.03881000000000001,0.0717275,0.109265,0.198915,0.21753250000000002,0.162725,325.83468272,3,"{""geodesic"":false,""type"":""Point"",""coordinates"":[38.281330883991764,-3.5446835188435895]}"
000000000000000005e9_0,0.10757145974252674,0.23211916,0.0233275,0.036967499999999986,0.07191999999999998,0.11212499999999997,0.17991249999999998,0.21005250000000003,0.16275250000000002,328.8903926,3,"{""geodesic"":false,""type"":""Point"",""coordinates"":[38.2851119980753,-3.544957845445055]}"
000000000000000005ea_0,0.09632362630122548,0.21067202,0.024152499999999993,0.038122500000000004,0.07357000000000002,0.11297750000000001,0.17328500000000002,0.20928249999999998,0.1652,329.08180172,3,"{""geodesic"":false,""type"":""Point"",""coordinates"":[38.285652395632034,-3.5446868762948633]}"
000000000000000005eb_0,0.11330317681349954,0.2384735,0.025389999999999996,0.0383425,0.07423000000000002,0.11503999999999998,0.18708999999999998,0.2280375,0.17542999999999997,328.81861418,3,"{""geodesic"":false,""type"":""Point"",""coordinates"":[38.28511283148538,-3.5438722945377807]}"
000000000000000005ec_0,0.10847957687568024,0.23790395,0.02453749999999999,0.03751750000000001,0.07103999999999999,0.10624,0.17257,0.2158,0.16682249999999998,329.55690649999997,3,"{""geodesic"":false,""type"":""Point"",""coordinates"":[38.28430296562471,-3.543328890861214]}"
000000000000000005ed_0,0.11236056623216967,0.24462375,0.024042499999999994,0.03814999999999999,0.07147999999999999,0.1055525,0.1739175,0.217065,0.1658325,328.14184622,3,"{""geodesic"":false,""type"":""Point"",""coordinates"":[38.28349310078854,-3.5427854866597803]}"
000000000000000005ee_0,0.10282107745392116,0.21957788,0.025032499999999985,0.038754999999999984,0.07535750000000002,0.11592000000000002,0.18114999999999998,0.21530500000000002,0.168995,328.77417992,3,"{""geodesic"":false,""type"":""Point"",""coordinates"":[38.28214263135593,-3.5427844370319073]}"
000000000000000005ef_0,0.09984367286490041,0.20412892,0.028277499999999983,0.04084499999999999,0.078795,0.13011,0.19685249999999999,0.2330975,0.18631999999999999,326.88743288,3,"{""geodesic"":false,""type"":""Point"",""coordinates"":[38.28079195280342,-3.543054772905744]}"
000000000000000005f0_0,0.09019858848894202,0.18758957,0.028607500000000008,0.042550000000000004,0.079785,0.1275525,0.1864575,0.223995,0.17787750000000002,329.17408825999996,3,"{""geodesic"":false,""type"":""Point"",""coordinates"":[38.28160265296647,-3.5425126290996176]}"
000000000000000005f1_0,0.12227989184771747,0.24996567,0.028634999999999994,0.041092500000000004,0.07467000000000001,0.11605749999999998,0.193415,0.23395,0.1772725,326.01241976,3,"{""geodesic"":false,""type"":""Point"",""coordinates"":[38.281333187190704,-3.5416982562502763]}"
000000000000000005f2_0,0.11128939533047885,0.2250067,0.03339249999999999,0.043842500000000006,0.07596249999999999,0.12285000000000001,0.194185,0.258315,0.20139,326.61057326,3,"{""geodesic"":false,""type"":""Point"",""coordinates"":[38.28052458252765,-3.5395265252057357]}"
000000000000000005f3_0,0.14330114790104015,0.2618795,0.04076250000000001,0.049892500000000006,0.08193,0.134015,0.22910999999999998,0.297035,0.22776249999999998,326.25509918,3,"{""geodesic"":false,""type"":""Point"",""coordinates"":[38.27809374792996,-3.5395246283771313]}"
000000000000000005f4_0,0.15852569825277382,0.29386395,0.03735250000000001,0.04637250000000001,0.0784375,0.12320750000000003,0.22575499999999998,0.26222,0.201225,325.7458142,3,"{""geodesic"":false,""type"":""Point"",""coordinates"":[38.27782155261148,-3.542238290339644]}"
000000000000000005f5_0,0.14659999671576598,0.2692748,0.037434999999999996,0.04749999999999999,0.08085750000000003,0.133245,0.23144750000000003,0.27357750000000003,0.2041675,325.90646114000003,3,"{""geodesic"":false,""type"":""Point"",""coordinates"":[38.27836194968666,-3.54196732555552]}"
000000000000000005f6_0,0.13935426154847103,0.25767797,0.03729750000000001,0.04716999999999999,0.08162750000000002,0.13574750000000002,0.22999000000000003,0.2807275,0.21417750000000002,326.04318193999995,3,"{""geodesic"":false,""type"":""Point"",""coordinates"":[38.27863225316623,-3.541696149342452]}"
000000000000000005f7_0,0.10823035995909949,0.22544016,0.028469999999999995,0.04106499999999999,0.07376250000000001,0.11801,0.186705,0.24341000000000002,0.18876749999999998,325.32881576,3,"{""geodesic"":false,""type"":""Point"",""coordinates"":[38.28187421060315,-3.54061312647238]}"
000000000000000005f8_0,0.11149644376202328,0.23872176,0.02588499999999999,0.03825999999999999,0.0713975,0.11080499999999999,0.1802975,0.235985,0.1799675,324.57001532,3,"{""geodesic"":false,""type"":""Point"",""coordinates"":[38.28241439703738,-3.5406135464605737]}"
000000000000000005f9_0,0.14937752452992942,0.27600378,0.03768250000000001,0.04675750000000001,0.079235,0.12991750000000002,0.22897250000000002,0.271955,0.2037275,325.86202688000003,3,"{""geodesic"":false,""type"":""Point"",""coordinates"":[38.27755145918937,-3.542238078944739]}"
000000000000000005fa_0,0.15840266783440568,0.29302385,0.03658249999999999,0.045905,0.0771175,0.12480249999999998,0.2282575,0.27388,0.2041675,325.64669161999996,3,"{""geodesic"":false,""type"":""Point"",""coordinates"":[38.27755166960763,-3.541966691656583]}"
000000000000000005fb_0,0.1576653813662102,0.2893202,0.03738,0.04681250000000001,0.07785999999999998,0.12733250000000002,0.23100749999999998,0.277125,0.200455,325.50997082000004,3,"{""geodesic"":false,""type"":""Point"",""coordinates"":[38.277551880009675,-3.5416953043668236]}"
000000000000000005fc_0,0.1576653813662102,0.2893202,0.03738,0.04681250000000001,0.07785999999999998,0.12733250000000002,0.23100749999999998,0.277125,0.200455,325.50997082000004,3,"{""geodesic"":false,""type"":""Point"",""coordinates"":[38.277551880009675,-3.5416953043668236]}"
000000000000000005fd_0,0.15181474464511746,0.2773465,0.03738,0.0479125,0.078575,0.13148500000000002,0.23241,0.2906825,0.2179175,325.54756904,3,"{""geodesic"":false,""type"":""Point"",""coordinates"":[38.277552090395496,-3.5414239170754596]}"
000000000000000005fe_0,0.15111610589708832,0.29836854,0.027150000000000007,0.03886500000000001,0.07323999999999997,0.11391250000000003,0.210795,0.224985,0.16363250000000001,327.09251408,3,"{""geodesic"":false,""type"":""Point"",""coordinates"":[38.279982090845095,-3.54251136608626]}"
000000000000000005ff_0,0.12406042771543563,0.24380726,0.02990000000000001,0.0412575,0.07659500000000002,0.1290925,0.212335,0.240935,0.187365,327.3693737,3,"{""geodesic"":false,""type"":""Point"",""coordinates"":[38.27944169370052,-3.542782331847987]}"
00000000000000000600_0,0.1410112641638911,0.27473098,0.02838750000000001,0.04078999999999999,0.07544000000000001,0.12232749999999998,0.21500249999999999,0.23851499999999998,0.17867500000000003,327.06516992,3,"{""geodesic"":false,""type"":""Point"",""coordinates"":[38.2794419036006,-3.542510944449519]}"
00000000000000000601_0,0.14260130215743055,0.26841947,0.03641749999999999,0.04596,0.07953749999999998,0.12771749999999998,0.2214375,0.260185,0.20251750000000002,326.04659996,3,"{""geodesic"":false,""type"":""Point"",""coordinates"":[38.279172439841716,-3.5416965713561597]}"
0000000000000000060c_0,0.14096939399765776,0.2859791,0.026847499999999996,0.038754999999999984,0.07178249999999997,0.11075000000000002,0.199465,0.2198425,0.1602225,327.71801174,3,"{""geodesic"":false,""type"":""Point"",""coordinates"":[38.284030993422085,-3.5457711702538997]}"
0000000000000000060d_0,0.15437783976281952,0.30655223,0.028524999999999995,0.039415000000000006,0.07123249999999998,0.109485,0.206285,0.235545,0.17138750000000003,325.2672914,3,"{""geodesic"":false,""type"":""Point"",""coordinates"":[38.28376068977099,-3.546042348105006]}"
0000000000000000060e_0,0.1186523726250517,0.23870738,0.03036749999999999,0.0415875,0.07513750000000002,0.12318000000000001,0.20042749999999998,0.24187000000000003,0.18697999999999998,326.03292788,3,"{""geodesic"":false,""type"":""Point"",""coordinates"":[38.284030575894484,-3.546313945559622]}"
0000000000000000060f_0,0.15437783976281952,0.30655223,0.028524999999999995,0.039415000000000006,0.07123249999999998,0.109485,0.206285,0.235545,0.17138750000000003,325.2672914,3,"{""geodesic"":false,""type"":""Point"",""coordinates"":[38.28376068977099,-3.546042348105006]}"
00000000000000000610_0,0.142735179552852,0.29308257,0.027260000000000006,0.03831499999999999,0.06958249999999999,0.10646,0.194735,0.22025499999999998,0.1619275,325.17500486,3,"{""geodesic"":false,""type"":""Point"",""coordinates"":[38.28349101270213,-3.545499362978794]}"
00000000000000000611_0,0.13882676909854683,0.28418717,0.026902499999999996,0.0382325,0.0709575,0.10965000000000003,0.19671500000000003,0.22229,0.1625875,328.2409688,3,"{""geodesic"":false,""type"":""Point"",""coordinates"":[38.28457160025187,-3.5452288142130013]}"
00000000000000000612_0,0.11924659568150002,0.24702217,0.02506,0.03751750000000001,0.07489000000000001,0.11781750000000002,0.19512000000000002,0.22349999999999998,0.16913250000000002,329.11598191999997,3,"{""geodesic"":false,""type"":""Point"",""coordinates"":[38.28565156265907,-3.5457724273113755]}"
00000000000000000613_0,0.12835975947951797,0.2662881,0.024675000000000002,0.038892499999999997,0.07376250000000001,0.11047499999999999,0.19066500000000003,0.223995,0.16756500000000002,329.39967758,3,"{""geodesic"":false,""type"":""Point"",""coordinates"":[38.28592186577666,-3.545501248776298]}"
00000000000000000614_0,0.09752087137419488,0.21705405,0.024922499999999986,0.0387825,0.07213999999999998,0.10648750000000001,0.16553,0.20680749999999998,0.15992,331.09843351999996,3,"{""geodesic"":false,""type"":""Point"",""coordinates"":[38.286462679522536,-3.544687503563054]}"
00000000000000000615_0,0.11067600610372658,0.24665698,0.023932499999999995,0.037105,0.06831749999999998,0.10112500000000002,0.16734500000000002,0.20466250000000002,0.15772000000000003,328.60669694,3,"{""geodesic"":false,""type"":""Point"",""coordinates"":[38.28565281202226,-3.544144100776976]}"
00000000000000000616_0,0.11336216911830424,0.24339128,0.02453749999999999,0.038699999999999984,0.072635,0.10843999999999998,0.17820750000000002,0.212775,0.16030499999999998,328.86646645999997,3,"{""geodesic"":false,""type"":""Point"",""coordinates"":[38.28538271758158,-3.544143891561528]}"
00000000000000000617_0,0.1052149646812592,0.22405773,0.02552750000000001,0.03919500000000001,0.07469749999999997,0.11490250000000002,0.18125999999999998,0.21910000000000002,0.17185499999999998,330.16189604,3,"{""geodesic"":false,""type"":""Point"",""coordinates"":[38.28457264284166,-3.5438718757436702]}"
00000000000000000618_0,0.10817482835174815,0.22886065,0.024565000000000003,0.037847500000000006,0.07390000000000002,0.11693750000000003,0.1863475,0.225205,0.17565000000000003,329.2492847,3,"{""geodesic"":false,""type"":""Point"",""coordinates"":[38.28484232032517,-3.5444148606049635]}"
00000000000000000619_0,0.09556863336854281,0.20101307,0.02588499999999999,0.03930500000000001,0.07763999999999999,0.12461,0.18730999999999998,0.22482000000000002,0.18068250000000002,329.19801440000003,3,"{""geodesic"":false,""type"":""Point"",""coordinates"":[38.28457222585395,-3.5444146511362185]}"
0000000000000000061a_0,0.10190066711026943,0.21300791,0.026957499999999995,0.040459999999999996,0.07697999999999999,0.121365,0.18706250000000002,0.2238575,0.17686000000000002,329.18434232,3,"{""geodesic"":false,""type"":""Point"",""coordinates"":[38.28430213139879,-3.5444144415883954]}"
0000000000000000061b_0,0.10847957687568024,0.23790395,0.02453749999999999,0.03751750000000001,0.07103999999999999,0.10624,0.17257,0.2158,0.16682249999999998,329.55690649999997,3,"{""geodesic"":false,""type"":""Point"",""coordinates"":[38.28430296562471,-3.543328890861214]}"
0000000000000000061c_0,0.12432233974409049,0.23333134,0.036087499999999995,0.044529999999999986,0.08190249999999999,0.14380500000000002,0.23133750000000003,0.3038275,0.251165,327.5060945,3,"{""geodesic"":false,""type"":""Point"",""coordinates"":[38.28051682368195,-3.54956786092835]}"
0000000000000000061d_0,0.157414627193534,0.2925014,0.036500000000000005,0.044997499999999996,0.07665,0.12488500000000002,0.2281475,0.273055,0.20557000000000003,327.34202954,3,"{""geodesic"":false,""type"":""Point"",""coordinates"":[38.28024693804027,-3.549296262480141]}"
00000000000000000627_0,0.1442835704524686,0.27368405,0.035674999999999985,0.0445025,0.07640249999999998,0.1256,0.22025499999999998,0.2683525,0.20488250000000002,326.67209762,3,"{""geodesic"":false,""type"":""Point"",""coordinates"":[38.28132878847995,-3.54739739375985]}"
00000000000000000628_0,0.13123251604410072,0.24874176,0.037077499999999985,0.04585,0.07948250000000001,0.132475,0.2202,0.2795725,0.21577249999999998,326.45676235999997,3,"{""geodesic"":false,""type"":""Point"",""coordinates"":[38.28105890305454,-3.5471257956171147]}"
0000000000000000062e_0,0.15921508471362833,0.30528244,0.03366749999999999,0.04205500000000001,0.073515,0.11561749999999998,0.21722999999999998,0.224765,0.1727075,331.13603174,3,"{""geodesic"":false,""type"":""Point"",""coordinates"":[38.259702598017356,-3.5707194945255476]}"
0000000000000000062f_0,0.14312780768835093,0.28486004,0.029569999999999985,0.03930500000000001,0.07147999999999999,0.11525999999999997,0.2070825,0.22768,0.168775,326.81565446,3,"{""geodesic"":false,""type"":""Point"",""coordinates"":[38.262402088668956,-3.57262137787261]}"
00000000000000000630_0,0.11934944768271304,0.23303668,0.03366749999999999,0.04285249999999999,0.07654,0.13250250000000002,0.2130225,0.24027500000000002,0.18808000000000002,326.82932654,3,"{""geodesic"":false,""type"":""Point"",""coordinates"":[38.26213133696322,-3.5734353186226406]}"
00000000000000000631_0,0.12795536691315448,0.24908127,0.034519999999999995,0.042935,0.07555,0.127965,0.21285749999999998,0.24233749999999998,0.18978499999999998,327.1984727,3,"{""geodesic"":false,""type"":""Point"",""coordinates"":[38.26267154012522,-3.5734357541559385]}"
00000000000000000632_0,0.14434279973980424,0.2754006,0.03366749999999999,0.041917499999999996,0.07566,0.1268375,0.22325250000000002,0.23942249999999998,0.18786000000000003,329.60134075999997,3,"{""geodesic"":false,""type"":""Point"",""coordinates"":[38.259430539748905,-3.573161750171415]}"
00000000000000000633_0,0.18590200235166884,0.35223678,0.031164999999999998,0.037847500000000006,0.067025,0.10954000000000003,0.22866999999999998,0.24789250000000002,0.187585,331.22148224,3,"{""geodesic"":false,""type"":""Point"",""coordinates"":[38.256461610060185,-3.570445482185655]}"
00000000000000000634_0,0.19392631148325773,0.36594945,0.03036749999999999,0.038122500000000004,0.0684825,0.10615750000000002,0.2286975,0.241045,0.182085,331.01640104,3,"{""geodesic"":false,""type"":""Point"",""coordinates"":[38.25565130910753,-3.5704448238168434]}"
00000000000000000635_0,0.16937130486834875,0.30742222,0.03443750000000001,0.0443375,0.07884999999999998,0.127965,0.2415675,0.27916,0.22042,331.33085888,3,"{""geodesic"":false,""type"":""Point"",""coordinates"":[38.25619194644675,-3.5699024911699015]}"
00000000000000000636_0,0.14177457958789083,0.26155034,0.03465750000000001,0.043292499999999984,0.07926250000000001,0.1411925,0.24120999999999998,0.30258999999999997,0.25397000000000003,330.19265822,3,"{""geodesic"":false,""type"":""Point"",""coordinates"":[38.25727321922281,-3.568817824499728]}"
00000000000000000637_0,0.15641655283500072,0.28800836,0.033530000000000004,0.0413675,0.07379000000000002,0.134675,0.24363,0.31078500000000003,0.2468475,331.25224442,3,"{""geodesic"":false,""type"":""Point"",""coordinates"":[38.25646248311793,-3.569359938834036]}"
00000000000000000638_0,0.18286757311745272,0.34050468,0.0327325,0.03982749999999999,0.06862000000000001,0.11525999999999997,0.23428,0.28108500000000003,0.22053,330.66434498,3,"{""geodesic"":false,""type"":""Point"",""coordinates"":[38.25673301942198,-3.5688173863452124]}"
00000000000000000639_0,0.15610610814555237,0.2937986,0.03350249999999999,0.04059750000000001,0.07191999999999998,0.1266175,0.23197,0.29263500000000003,0.23604000000000003,331.01981906000003,3,"{""geodesic"":false,""type"":""Point"",""coordinates"":[38.25592228310027,-3.5693595001349068]}"
0000000000000000063a_0,0.16775175664169673,0.32177055,0.0322925,0.039992499999999986,0.06994,0.11306,0.22033750000000002,0.235545,0.1796375,331.42314541999997,3,"{""geodesic"":false,""type"":""Point"",""coordinates"":[38.257805785831145,-3.5783167688196107]}"
0000000000000000063b_0,0.12230101818469945,0.23422658,0.03495999999999999,0.04279749999999999,0.07651249999999998,0.13877250000000002,0.223665,0.2623025,0.21206000000000003,332.44513340000003,3,"{""geodesic"":false,""type"":""Point"",""coordinates"":[38.25672624973065,-3.5772303472611715]}"
0000000000000000063c_0,0.13439465408805032,0.25085208,0.034877500000000006,0.043704999999999994,0.07840999999999998,0.140395,0.2344175,0.2860625,0.23526999999999998,329.06812964,3,"{""geodesic"":false,""type"":""Point"",""coordinates"":[38.25699700767651,-3.5764164094059816]}"
0000000000000000063d_0,0.15357409550068518,0.2828418,0.03683,0.04543749999999999,0.07802500000000001,0.13049500000000003,0.2334275,0.2814425,0.22735,328.35718148,3,"{""geodesic"":false,""type"":""Point"",""coordinates"":[38.257807750619534,-3.5758742959132594]}"
0000000000000000063e_0,0.16232954356016402,0.30018005,0.03672,0.04419999999999999,0.07566,0.12485750000000001,0.23197,0.272175,0.216515,328.67163932,3,"{""geodesic"":false,""type"":""Point"",""coordinates"":[38.25726754662712,-3.5758738572094146]}"
0000000000000000063f_0,0.160383154360674,0.31294465,0.030725000000000002,0.03949749999999999,0.06969249999999999,0.11190499999999998,0.21384750000000002,0.2313925,0.17474250000000002,331.60088246,3,"{""geodesic"":false,""type"":""Point"",""coordinates"":[38.25834599131999,-3.5783172075045164]}"
00000000000000000640_0,0.1665405972253262,0.31701115,0.03325500000000001,0.04139499999999999,0.07376250000000001,0.11479250000000002,0.22135500000000002,0.2338675,0.17061749999999998,333.8294315,3,"{""geodesic"":false,""type"":""Point"",""coordinates"":[38.2596932360335,-3.582389092454499]}"
00000000000000000641_0,0.16226317824461917,0.3101101,0.03287000000000001,0.0416425,0.07359749999999998,0.115535,0.2194025,0.2416775,0.18615500000000001,333.43977722,3,"{""geodesic"":false,""type"":""Point"",""coordinates"":[38.25996355806884,-3.5821179255466493]}"
00000000000000000642_0,0.1685582886798025,0.31114808,0.03685749999999999,0.0442275,0.07681500000000002,0.12161250000000001,0.231475,0.260405,0.20155499999999998,333.3850889,3,"{""geodesic"":false,""type"":""Point"",""coordinates"":[38.258883360597885,-3.581845662925363]}"
00000000000000000643_0,0.14907913377858734,0.27568305,0.036500000000000005,0.0445575,0.07783249999999997,0.13305250000000002,0.23433500000000002,0.272065,0.216625,333.31672849999995,3,"{""geodesic"":false,""type"":""Point"",""coordinates"":[38.25834315297548,-3.581845224126513]}"
00000000000000000644_0,0.13007611585512313,0.25056747,0.036500000000000005,0.044062500000000004,0.07741999999999999,0.12917499999999998,0.21555249999999998,0.2530075,0.20128000000000001,333.96273428,3,"{""geodesic"":false,""type"":""Point"",""coordinates"":[38.25969410821264,-3.58130354858757]}"
00000000000000000645_0,0.12887929597653255,0.24888262,0.03636249999999999,0.04447499999999999,0.07719999999999999,0.12835000000000002,0.21340750000000003,0.24569249999999998,0.199355,332.54767400000003,3,"{""geodesic"":false,""type"":""Point"",""coordinates"":[38.260234533527466,-3.5810326005166786]}"
00000000000000000646_0,0.14352560064788986,0.2677901,0.036885,0.045217499999999994,0.078795,0.13192500000000001,0.22842250000000003,0.2742925,0.21552500000000002,334.0003325,3,"{""geodesic"":false,""type"":""Point"",""coordinates"":[38.259154118970756,-3.5810317243972962]}"
00000000000000000647_0,0.14938648530129658,0.27612215,0.03792999999999999,0.04648250000000001,0.07904250000000002,0.13016499999999998,0.2294675,0.32085,0.24937750000000003,335.48375318,3,"{""geodesic"":false,""type"":""Point"",""coordinates"":[38.26400077548398,-3.600032689480737]}"
00000000000000000648_0,0.1459244399305001,0.26983723,0.039360000000000006,0.04840749999999999,0.08072000000000001,0.12936750000000002,0.224985,0.2634575,0.2030675,331.78887355999996,3,"{""geodesic"":false,""type"":""Point"",""coordinates"":[38.263191973533345,-3.5981323298358294]}"
00000000000000000649_0,0.14044806914366478,0.2621177,0.037434999999999996,0.04524500000000001,0.07970250000000001,0.13385000000000002,0.228945,0.266785,0.21492,331.53594008,3,"{""geodesic"":false,""type"":""Point"",""coordinates"":[38.26184164775255,-3.597859847656471]}"
0000000000000000064a_0,0.13665805227518077,0.24991502,0.04070750000000001,0.05014000000000002,0.08374500000000001,0.13792,0.229825,0.27929750000000003,0.217065,331.3855472,3,"{""geodesic"":false,""type"":""Point"",""coordinates"":[38.26346273611533,-3.597318390518404]}"
0000000000000000064b_0,0.14076935998656145,0.26363507,0.03781999999999999,0.04749999999999999,0.078905,0.128735,0.22091500000000003,0.27817000000000003,0.21049250000000003,325.77657638,3,"{""geodesic"":false,""type"":""Point"",""coordinates"":[38.26211393871393,-3.5951462067513535]}"
0000000000000000064d_0,0.11530918648839984,0.21951048,0.03738,0.0477475,0.08465250000000002,0.13855250000000002,0.2164875,0.2511925,0.20304,330.98563886,3,"{""geodesic"":false,""type"":""Point"",""coordinates"":[38.26049831528986,-3.588903013287365]}"
0000000000000000064e_0,0.1258461362166763,0.2405436,0.0353175,0.045217499999999994,0.0806925,0.13349250000000001,0.218055,0.2498725,0.19190249999999998,328.88355656,3,"{""geodesic"":false,""type"":""Point"",""coordinates"":[38.259417672867166,-3.5891735214649834]}"
0000000000000000064f_0,0.1284933244486549,0.23867495,0.03927749999999999,0.0477475,0.08041749999999998,0.140395,0.22842250000000003,0.293625,0.2323825,331.50175988,3,"{""geodesic"":false,""type"":""Point"",""coordinates"":[38.25860866748503,-3.5875445471103866]}"
00000000000000000650_0,0.11386072904050037,0.22003046,0.03798499999999999,0.04727999999999999,0.08173750000000002,0.133795,0.20928249999999998,0.23818499999999998,0.1880525,332.69806688,3,"{""geodesic"":false,""type"":""Point"",""coordinates"":[38.26428565716041,-3.581578647083115]}"
00000000000000000651_0,0.13277437222419236,0.26139617,0.03163250000000001,0.041779999999999984,0.07445000000000002,0.12219000000000002,0.20867750000000002,0.2277075,0.17611749999999998,333.4705394,3,"{""geodesic"":false,""type"":""Point"",""coordinates"":[38.26239362531016,-3.5832054379701184]}"
00000000000000000652_0,0.1377107904430401,0.26641506,0.033310000000000006,0.043484999999999996,0.07588,0.12342750000000002,0.21307750000000003,0.23807499999999998,0.18403750000000002,330.96854876,3,"{""geodesic"":false,""type"":""Point"",""coordinates"":[38.26158244164376,-3.58429032680662]}"
00000000000000000653_0,0.13377658677992388,0.26231983,0.03281500000000001,0.04200000000000001,0.07588,0.12276749999999997,0.21008,0.24357499999999999,0.19204,326.04659996,3,"{""geodesic"":false,""type"":""Point"",""coordinates"":[38.26589740392266,-3.5927067908364694]}"
00000000000000000654_0,0.13713089220894006,0.2647329,0.0354275,0.04532749999999999,0.07774999999999999,0.12205250000000001,0.20994249999999998,0.25727,0.19426749999999998,326.94553922,3,"{""geodesic"":false,""type"":""Point"",""coordinates"":[38.26670447494421,-3.596778238982873]}"
00000000000000000655_0,0.13093989850270524,0.251885,0.037022499999999986,0.045217499999999994,0.07703500000000002,0.12749749999999999,0.2133525,0.25034,0.19490000000000002,326.05001798,3,"{""geodesic"":false,""type"":""Point"",""coordinates"":[38.2667062094787,-3.594607148467521]}"
00000000000000000656_0,0.14380951538890024,0.29905644,0.022832500000000006,0.0357575,0.06939000000000001,0.10483749999999997,0.194295,0.22064,0.17028749999999998,325.31856170000003,3,"{""geodesic"":false,""type"":""Point"",""coordinates"":[38.23439128392709,-3.475171190155317]}"
00000000000000000657_0,0.14881110933532218,0.3140769,0.01983499999999999,0.03309000000000001,0.06644749999999999,0.10065750000000001,0.1928375,0.21159250000000002,0.15563,325.0963904,3,"{""geodesic"":false,""type"":""Point"",""coordinates"":[38.23412143126943,-3.474899585300201]}"
00000000000000000658_0,0.14472484575960623,0.29704195,0.024977499999999986,0.03751750000000001,0.06908750000000002,0.10640500000000003,0.19633,0.2386525,0.182305,324.73408028,3,"{""geodesic"":false,""type"":""Point"",""coordinates"":[38.23412099358636,-3.4754423552746205]}"
00000000000000000659_0,0.13875651978027692,0.2811241,0.026764999999999983,0.038589999999999985,0.07211250000000002,0.11262,0.2007025,0.2395875,0.192315,325.20234902,3,"{""geodesic"":false,""type"":""Point"",""coordinates"":[38.23385114096309,-3.4751707503435525]}"
0000000000000000065a_0,0.1568903155382466,0.3202252,0.031027499999999986,0.039992499999999986,0.06644749999999999,0.09900750000000003,0.1922875,0.25509750000000003,0.1914075,325.65694568000004,3,"{""geodesic"":false,""type"":""Point"",""coordinates"":[38.233579974312605,-3.476527455065533]}"
0000000000000000065b_0,0.14700092437262488,0.2870263,0.031,0.04122999999999999,0.073735,0.1173225,0.211785,0.2602125,0.204745,324.22137727999996,3,"{""geodesic"":false,""type"":""Point"",""coordinates"":[38.23304026911818,-3.4759842447922837]}"
0000000000000000065c_0,0.1557582291467423,0.30252767,0.032539999999999986,0.041614999999999985,0.07013249999999999,0.11358249999999998,0.212115,0.2708275,0.20579000000000003,324.87763712000003,3,"{""geodesic"":false,""type"":""Point"",""coordinates"":[38.23223049309385,-3.475440813913393]}"
0000000000000000065d_0,0.14975179501496214,0.2845764,0.0386725,0.04653750000000001,0.07467000000000001,0.11867,0.21307750000000003,0.30297500000000005,0.23023749999999998,324.50849096,3,"{""geodesic"":false,""type"":""Point"",""coordinates"":[38.231420498477156,-3.475168767353034]}"
0000000000000000065e_0,0.15873452040741554,0.30911803,0.03820499999999999,0.04530000000000001,0.07057249999999998,0.10651500000000003,0.20183,0.2829825,0.2088425,324.90498128,3,"{""geodesic"":false,""type"":""Point"",""coordinates"":[38.23142093766875,-3.474625997720341]}"
0000000000000000065f_0,0.15873452040741554,0.30911803,0.03820499999999999,0.04530000000000001,0.07057249999999998,0.10651500000000003,0.20183,0.2829825,0.2088425,324.90498128,3,"{""geodesic"":false,""type"":""Point"",""coordinates"":[38.23142093766875,-3.474625997720341]}"
00000000000000000660_0,0.1704132763297017,0.326621,0.036087499999999995,0.04560249999999999,0.07112249999999998,0.10508499999999998,0.20702750000000003,0.286145,0.20771499999999998,324.46063868,3,"{""geodesic"":false,""type"":""Point"",""coordinates"":[38.2311506468576,-3.474897161834839]}"
00000000000000000661_0,0.1604149745255852,0.3175431,0.034684999999999994,0.04332,0.0684825,0.10271999999999998,0.19831,0.2783625,0.20488250000000002,324.52216304,3,"{""geodesic"":false,""type"":""Point"",""coordinates"":[38.230880355892154,-3.475168325835681]}"
00000000000000000662_0,0.15762044539750059,0.29997796,0.03729750000000001,0.04530000000000001,0.072855,0.115095,0.21373750000000002,0.29577000000000003,0.2273775,325.2843815,3,"{""geodesic"":false,""type"":""Point"",""coordinates"":[38.2311499877611,-3.4757113162249573]}"
00000000000000000663_0,0.14066068276687044,0.269179,0.03512499999999999,0.04367750000000001,0.07304749999999999,0.12554500000000002,0.21802749999999999,0.31141749999999996,0.25419,325.29805358,3,"{""geodesic"":false,""type"":""Point"",""coordinates"":[38.23087991632291,-3.475711095392951]}"
00000000000000000664_0,0.14533206637933968,0.28364342,0.0327875,0.04084499999999999,0.0689225,0.11897249999999998,0.21318750000000003,0.2972,0.23892750000000001,325.0963904,3,"{""geodesic"":false,""type"":""Point"",""coordinates"":[38.23061006477241,-3.4754394897228478]}"
00000000000000000665_0,0.14749752858530105,0.2881917,0.035097500000000004,0.043017499999999986,0.07071,0.1145175,0.20724750000000003,0.29117750000000003,0.2257,324.87763712000003,3,"{""geodesic"":false,""type"":""Point"",""coordinates"":[38.23088013611616,-3.475439710615104]}"
00000000000000000666_0,0.1604149745255852,0.3175431,0.034684999999999994,0.04332,0.0684825,0.10271999999999998,0.19831,0.2783625,0.20488250000000002,324.52216304,3,"{""geodesic"":false,""type"":""Point"",""coordinates"":[38.230880355892154,-3.475168325835681]}"
00000000000000000667_0,0.16863093242986169,0.3320684,0.030505000000000004,0.04070750000000001,0.06853749999999997,0.10296749999999999,0.20534999999999998,0.246985,0.1817825,324.43329452,3,"{""geodesic"":false,""type"":""Point"",""coordinates"":[38.232770197482125,-3.475984024485808]}"
00000000000000000668_0,0.16498223268263412,0.33538017,0.02838750000000001,0.0387275,0.06564999999999999,0.09741250000000001,0.19572499999999998,0.25218250000000003,0.1820025,325.01435792,3,"{""geodesic"":false,""type"":""Point"",""coordinates"":[38.233309902487775,-3.4765272348796903]}"
00000000000000000669_0,0.16498223268263412,0.33538017,0.02838750000000001,0.0387275,0.06564999999999999,0.09741250000000001,0.19572499999999998,0.25218250000000003,0.1820025,325.01435792,3,"{""geodesic"":false,""type"":""Point"",""coordinates"":[38.233309902487775,-3.4765272348796903]}"
0000000000000000066a_0,0.16952490884772523,0.34257272,0.028194999999999998,0.03792999999999999,0.06636500000000001,0.09766000000000002,0.1994375,0.24462,0.18125999999999998,324.64179374,3,"{""geodesic"":false,""type"":""Point"",""coordinates"":[38.23331012163822,-3.4762558499512406]}"
0000000000000000066b_0,0.16952490884772523,0.34257272,0.028194999999999998,0.03792999999999999,0.06636500000000001,0.09766000000000002,0.1994375,0.24462,0.18125999999999998,324.64179374,3,"{""geodesic"":false,""type"":""Point"",""coordinates"":[38.23331012163822,-3.4762558499512406]}"
0000000000000000066c_0,0.17239902546728084,0.3518314,0.03231999999999999,0.039635000000000004,0.06356,0.091775,0.1914075,0.2329325,0.168665,325.6090934,3,"{""geodesic"":false,""type"":""Point"",""coordinates"":[38.23303917289397,-3.477341169340475]}"
0000000000000000066d_0,0.16244653084898136,0.32234728,0.03383249999999999,0.04089999999999999,0.0681525,0.10362749999999998,0.20221499999999998,0.2595525,0.1939925,325.12373456,3,"{""geodesic"":false,""type"":""Point"",""coordinates"":[38.23303939217325,-3.47706978443399]}"
0000000000000000066e_0,0.17239902546728084,0.3518314,0.03231999999999999,0.039635000000000004,0.06356,0.091775,0.1914075,0.2329325,0.168665,325.6090934,3,"{""geodesic"":false,""type"":""Point"",""coordinates"":[38.23303917289397,-3.477341169340475]}"
0000000000000000066f_0,0.14364351463043495,0.27566022,0.03419,0.042027499999999995,0.07266250000000002,0.12483,0.2198425,0.2830925,0.223665,326.41232809999997,3,"{""geodesic"":false,""type"":""Point"",""coordinates"":[38.23276866210736,-3.477883718721553]}"
00000000000000000670_0,0.18122318515206576,0.35921216,0.03517999999999999,0.0418075,0.06575999999999999,0.0934525,0.1982275,0.24096250000000002,0.17765750000000002,325.88937104,3,"{""geodesic"":false,""type"":""Point"",""coordinates"":[38.23276888149829,-3.4776123338354625]}"
00000000000000000671_0,0.18122318515206576,0.35921216,0.03517999999999999,0.0418075,0.06575999999999999,0.0934525,0.1982275,0.24096250000000002,0.17765750000000002,325.88937104,3,"{""geodesic"":false,""type"":""Point"",""coordinates"":[38.23276888149829,-3.4776123338354625]}"
00000000000000000672_0,0.16428571428571437,0.32675475,0.03539999999999999,0.042935,0.06776749999999998,0.09969499999999998,0.19646750000000002,0.2527325,0.18621,325.34248784,3,"{""geodesic"":false,""type"":""Point"",""coordinates"":[38.232769100871984,-3.477340948947795]}"
00000000000000000673_0,0.1708502316842952,0.32902676,0.035097500000000004,0.043237499999999984,0.07076500000000002,0.10607499999999997,0.2101075,0.26024,0.19688,325.32197972,3,"{""geodesic"":false,""type"":""Point"",""coordinates"":[38.23249924830091,-3.477069343605542]}"
00000000000000000674_0,0.1708502316842952,0.32902676,0.035097500000000004,0.043237499999999984,0.07076500000000002,0.10607499999999997,0.2101075,0.26024,0.19688,325.32197972,3,"{""geodesic"":false,""type"":""Point"",""coordinates"":[38.23249924830091,-3.477069343605542]}"
00000000000000000675_0,0.15259076188852905,0.2906763,0.03471250000000001,0.043484999999999996,0.07376250000000001,0.12015500000000001,0.2186325,0.2756125,0.21722999999999998,325.88595302,3,"{""geodesic"":false,""type"":""Point"",""coordinates"":[38.23222961536062,-3.4765263533607467]}"
00000000000000000676_0,0.1716456449622309,0.32791147,0.03350249999999999,0.0414225,0.07076500000000002,0.11053000000000002,0.218385,0.2541075,0.19633,325.57833122,3,"{""geodesic"":false,""type"":""Point"",""coordinates"":[38.23222983481978,-3.4762549685012725]}"
00000000000000000677_0,0.16647377062417568,0.32265228,0.03484999999999999,0.04257749999999999,0.06906000000000001,0.10711999999999999,0.20917249999999998,0.27234,0.21117999999999998,326.09787026000004,3,"{""geodesic"":false,""type"":""Point"",""coordinates"":[38.23195976315825,-3.476254747944903]}"
00000000000000000678_0,0.16611648959286907,0.33037424,0.032594999999999985,0.0416975,0.06845499999999999,0.10013499999999997,0.19894250000000002,0.2504225,0.181755,324.59735948,3,"{""geodesic"":false,""type"":""Point"",""coordinates"":[38.23303983068015,-3.47652701461629]}"
00000000000000000679_0,0.15776975517428715,0.30658433,0.0324025,0.04183500000000001,0.0720575,0.11198750000000002,0.211015,0.2636775,0.20309500000000003,324.61103156,3,"{""geodesic"":false,""type"":""Point"",""coordinates"":[38.23276997819455,-3.4762554093813587]}"
0000000000000000067a_0,0.16244653084898136,0.32234728,0.03383249999999999,0.04089999999999999,0.0681525,0.10362749999999998,0.20221499999999998,0.2595525,0.1939925,325.12373456,3,"{""geodesic"":false,""type"":""Point"",""coordinates"":[38.23303939217325,-3.47706978443399]}"
0000000000000000067b_0,0.1558643386049913,0.314734,0.03174250000000001,0.040569999999999995,0.06625500000000001,0.1020875,0.1958625,0.265575,0.1987775,325.67061776,3,"{""geodesic"":false,""type"":""Point"",""coordinates"":[38.23330946413524,-3.4770700047318592]}"
0000000000000000067c_0,0.1771585827313381,0.34385982,0.03298000000000001,0.04100999999999999,0.06955499999999998,0.10269250000000002,0.2103275,0.254135,0.18607250000000003,324.7033181,3,"{""geodesic"":false,""type"":""Point"",""coordinates"":[38.232500125863304,-3.475983804101787]}"
0000000000000000067d_0,0.16725549951904495,0.3222888,0.03539999999999999,0.04345750000000001,0.07029750000000001,0.1075875,0.20991500000000002,0.27421,0.2029575,324.31366382,3,"{""geodesic"":false,""type"":""Point"",""coordinates"":[38.231960421663814,-3.475440593408801]}"
0000000000000000067e_0,0.1704132763297017,0.326621,0.036087499999999995,0.04560249999999999,0.07112249999999998,0.10508499999999998,0.20702750000000003,0.286145,0.20771499999999998,324.46063868,3,"{""geodesic"":false,""type"":""Point"",""coordinates"":[38.2311506468576,-3.474897161834839]}"
0000000000000000067f_0,0.15020963615690736,0.29660043,0.033530000000000004,0.04227500000000001,0.06917000000000001,0.1102825,0.2032875,0.2846325,0.22201500000000002,324.56317928,3,"{""geodesic"":false,""type"":""Point"",""coordinates"":[38.23061072428001,-3.4746253354317207]}"
00000000000000000680_0,0.1498052489241917,0.28954074,0.033585000000000004,0.041614999999999985,0.0689225,0.11886249999999998,0.21574500000000002,0.29335,0.2288075,324.77509652000003,3,"{""geodesic"":false,""type"":""Point"",""coordinates"":[38.23061094408134,-3.47435395066486]}"
00000000000000000681_0,0.16607723613357273,0.314685,0.035784999999999983,0.04519000000000001,0.07326749999999999,0.11193249999999999,0.21472750000000002,0.30028000000000005,0.22064,326.81223644,3,"{""geodesic"":false,""type"":""Point"",""coordinates"":[38.22926102948675,-3.473810076021371]}"
00000000000000000682_0,0.1564886158545051,0.29364488,0.03781999999999999,0.046619999999999995,0.07681500000000002,0.11930249999999998,0.218495,0.312325,0.2390375,326.566139,3,"{""geodesic"":false,""type"":""Point"",""coordinates"":[38.22899095870955,-3.473809854767874]}"
00000000000000000683_0,0.14917573079537735,0.27910388,0.03746250000000001,0.04683999999999999,0.078575,0.12469249999999998,0.22124500000000002,0.32016249999999996,0.2528425,326.21066492,3,"{""geodesic"":false,""type"":""Point"",""coordinates"":[38.228721108239,-3.4735382487864896]}"
00000000000000000684_0,0.14048643796196095,0.27330866,0.032649999999999985,0.0413675,0.07131500000000002,0.12243749999999998,0.21453500000000003,0.298575,0.23725000000000002,324.75117037999996,3,"{""geodesic"":false,""type"":""Point"",""coordinates"":[38.230340653184975,-3.4746251145138185]}"
00000000000000000685_0,0.1795324779397703,0.33980992,0.03729750000000001,0.0447775,0.07370749999999998,0.1053325,0.21376499999999998,0.27124,0.20826499999999998,321.82876328,3,"{""geodesic"":false,""type"":""Point"",""coordinates"":[38.2289927199226,-3.4716387773819886]}"
00000000000000000686_0,0.17564830191433833,0.33517474,0.03490499999999999,0.044529999999999986,0.0706,0.1050025,0.2108775,0.2741825,0.19809,321.58608386000003,3,"{""geodesic"":false,""type"":""Point"",""coordinates"":[38.228992939996346,-3.471367392701667]}"
00000000000000000687_0,0.1761708344840489,0.32681775,0.03727,0.04659250000000001,0.07632,0.11201499999999998,0.22077750000000002,0.271515,0.2036175,322.08169676,3,"{""geodesic"":false,""type"":""Point"",""coordinates"":[38.22899249983155,-3.4719101620607358]}"
00000000000000000688_0,0.18885067168537867,0.35772786,0.03617000000000001,0.0443925,0.07024249999999999,0.10057500000000003,0.21261000000000002,0.2559775,0.188245,324.3273359,3,"{""geodesic"":false,""type"":""Point"",""coordinates"":[38.228992279723194,-3.472181546737908]}"
00000000000000000689_0,0.17692210556698057,0.336059,0.036390000000000006,0.04392499999999999,0.0751925,0.10657,0.2144525,0.2781975,0.22031,321.40151077999997,3,"{""geodesic"":false,""type"":""Point"",""coordinates"":[38.229533300082664,-3.471096450102815]}"
0000000000000000068a_0,0.19875266544637973,0.3796335,0.03449250000000001,0.042825,0.06908750000000002,0.09466249999999998,0.21051999999999998,0.2173675,0.16124,321.85268942,3,"{""geodesic"":false,""type"":""Point"",""coordinates"":[38.22953373983539,-3.4705536806650117]}"
0000000000000000068b_0,0.18911934018156204,0.36252928,0.03506999999999999,0.043182499999999985,0.07125999999999999,0.09801749999999998,0.20950249999999998,0.24668250000000003,0.1852475,321.66811634,3,"{""geodesic"":false,""type"":""Point"",""coordinates"":[38.2292636699659,-3.470553459696846]}"
0000000000000000068c_0,0.15732408847196386,0.28648695,0.040075,0.04950750000000001,0.08476250000000002,0.12680999999999998,0.22864250000000003,0.30377250000000006,0.236975,321.63735416,3,"{""geodesic"":false,""type"":""Point"",""coordinates"":[38.2289933800919,-3.4708246233363007]}"
0000000000000000068d_0,0.17074149027329583,0.32634798,0.03694,0.04519000000000001,0.0723875,0.10632249999999999,0.2093375,0.28048,0.206615,323.831723,3,"{""geodesic"":false,""type"":""Point"",""coordinates"":[38.22899469996316,-3.469196315202433]}"
0000000000000000068e_0,0.1611544904479006,0.3134362,0.0353175,0.044942499999999996,0.07197500000000001,0.10604750000000002,0.20287500000000003,0.29150750000000003,0.2136,323.90008339999997,3,"{""geodesic"":false,""type"":""Point"",""coordinates"":[38.22845456108105,-3.469195873052333]}"
0000000000000000068f_0,0.17074149027329583,0.32634798,0.03694,0.04519000000000001,0.0723875,0.10632249999999999,0.2093375,0.28048,0.206615,323.831723,3,"{""geodesic"":false,""type"":""Point"",""coordinates"":[38.22899469996316,-3.469196315202433]}"
00000000000000000690_0,0.1759366444334197,0.33736926,0.0358675,0.04436499999999999,0.07213999999999998,0.103435,0.20876,0.261725,0.1944325,322.73112056,3,"{""geodesic"":false,""type"":""Point"",""coordinates"":[38.22980402949554,-3.4702825168171776]}"
00000000000000000691_0,0.16695934788876365,0.310819,0.037902500000000006,0.046262499999999984,0.0776675,0.11652499999999999,0.22163,0.29522,0.22693750000000001,322.56363758,3,"{""geodesic"":false,""type"":""Point"",""coordinates"":[38.22953417951892,-3.4700109112209128]}"
00000000000000000692_0,0.183105512373805,0.34273878,0.0358125,0.04403499999999999,0.07436749999999998,0.10808250000000003,0.22080500000000003,0.28796,0.22440749999999998,322.45767896,3,"{""geodesic"":false,""type"":""Point"",""coordinates"":[38.22980380972216,-3.470553901555754]}"
00000000000000000693_0,0.19875266544637973,0.3796335,0.03449250000000001,0.042825,0.06908750000000002,0.09466249999999998,0.21051999999999998,0.2173675,0.16124,321.85268942,3,"{""geodesic"":false,""type"":""Point"",""coordinates"":[38.22953373983539,-3.4705536806650117]}"
00000000000000000694_0,0.15266157390566268,0.27793425,0.0356475,0.04631750000000001,0.08193,0.1349225,0.23879,0.32841250000000005,0.25562,322.3790645,3,"{""geodesic"":false,""type"":""Point"",""coordinates"":[38.22980358993151,-3.4708252862927558]}"
00000000000000000695_0,0.17579365455527857,0.3692919,0.024757499999999988,0.034822500000000006,0.06375249999999999,0.08710000000000001,0.18909750000000003,0.19861250000000003,0.1493875,326.95579327999997,3,"{""geodesic"":false,""type"":""Point"",""coordinates"":[38.2341249302581,-3.470557425278037]}"
00000000000000000696_0,0.18421726633718782,0.3889233,0.021732499999999988,0.0326225,0.06171749999999998,0.08390999999999998,0.19072,0.18194749999999998,0.12991750000000002,325.49288072,3,"{""geodesic"":false,""type"":""Point"",""coordinates"":[38.2338546414605,-3.4708285906220473]}"
00000000000000000697_0,0.17622424793187125,0.3587454,0.028359999999999996,0.03773750000000001,0.06752000000000002,0.0924625,0.19591750000000002,0.19616499999999998,0.1484525,325.73214212,3,"{""geodesic"":false,""type"":""Point"",""coordinates"":[38.23385486009539,-3.470557205626071]}"
00000000000000000698_0,0.1312224096472024,0.2739907,0.029679999999999984,0.03919500000000001,0.07101249999999998,0.10657,0.1870075,0.19776,0.15838000000000002,326.33713165999995,3,"{""geodesic"":false,""type"":""Point"",""coordinates"":[38.2335843525088,-3.471099755852616]}"
000000000000000006a9_0,0.16206716424517686,0.30673084,0.03762750000000001,0.04587749999999999,0.07301999999999997,0.11377500000000002,0.2144525,0.30748499999999995,0.24558249999999998,323.93084558,3,"{""geodesic"":false,""type"":""Point"",""coordinates"":[38.203883534322415,-3.4629336170362777]}"
000000000000000006aa_0,0.14537595362627842,0.27589107,0.03595000000000001,0.043594999999999995,0.0720575,0.125985,0.2219875,0.33809249999999996,0.27003,324.21795926,3,"{""geodesic"":false,""type"":""Point"",""coordinates"":[38.205232959491546,-3.464020287701668]}"
000000000000000006ab_0,0.14782066591739249,0.28622323,0.036967499999999986,0.044639999999999985,0.06991249999999999,0.11545250000000001,0.20804499999999998,0.31229750000000006,0.2356275,322.56021956,3,"{""geodesic"":false,""type"":""Point"",""coordinates"":[38.209014567316295,-3.463209314410139]}"
000000000000000006ac_0,0.16307910355213046,0.31783724,0.031055,0.04128499999999999,0.06955499999999998,0.10865999999999998,0.20991500000000002,0.2681325,0.20425,321.80825516,3,"{""geodesic"":false,""type"":""Point"",""coordinates"":[38.21090458359782,-3.4637536639564086]}"
000000000000000006ad_0,0.15479916994935275,0.30607954,0.029349999999999987,0.040185,0.07202999999999998,0.10976000000000002,0.20658749999999998,0.2574075,0.2005925,322.36881044,3,"{""geodesic"":false,""type"":""Point"",""coordinates"":[38.211444267932436,-3.4642968826271208]}"
000000000000000006ae_0,0.1425250528918569,0.2776801,0.03630749999999999,0.044062500000000004,0.06958249999999999,0.1171025,0.20713750000000003,0.3083375,0.240605,323.08317662,3,"{""geodesic"":false,""type"":""Point"",""coordinates"":[38.209823191333754,-3.4651096774033325]}"
000000000000000006af_0,0.1381503987846563,0.2547688,0.03672,0.045520000000000005,0.0779975,0.14045000000000002,0.23648000000000002,0.32439750000000006,0.266015,323.15837306000003,3,"{""geodesic"":false,""type"":""Point"",""coordinates"":[38.21036242544711,-3.46619566371705]}"
000000000000000006b0_0,0.1613983337983816,0.28355244,0.03977249999999999,0.04950750000000001,0.085615,0.14067000000000002,0.2520175,0.3459575,0.2691225,323.11735682,3,"{""geodesic"":false,""type"":""Point"",""coordinates"":[38.20442072013779,-3.4664620529780024]}"
000000000000000006b1_0,0.15607756582058968,0.28628948,0.03691249999999999,0.04653750000000001,0.07805250000000002,0.128955,0.23241,0.3372675,0.2607625,323.66424001999997,3,"{""geodesic"":false,""type"":""Point"",""coordinates"":[38.20523160097984,-3.4656485867243894]}"
000000000000000006b2_0,0.1489491018701798,0.27721843,0.036555000000000004,0.0447775,0.07478000000000001,0.13002750000000002,0.22977000000000003,0.3298975,0.25856250000000003,323.22673346,3,"{""geodesic"":false,""type"":""Point"",""coordinates"":[38.204422080355506,-3.4648337543052707]}"
000000000000000006b3_0,0.15459297983569822,0.2865152,0.036390000000000006,0.04513500000000001,0.0748625,0.12758000000000003,0.230045,0.32258250000000005,0.25562,323.4044705,3,"{""geodesic"":false,""type"":""Point"",""coordinates"":[38.20415269383621,-3.464019377208466]}"
000000000000000006b4_0,0.16421336934503705,0.3179211,0.035922499999999996,0.04351250000000001,0.07007750000000001,0.10761500000000002,0.20793499999999998,0.28785,0.22985250000000002,323.37370832,3,"{""geodesic"":false,""type"":""Point"",""coordinates"":[38.20334317541197,-3.46320454437015]}"
000000000000000006b5_0,0.1719869411444637,0.33244094,0.03187999999999999,0.042825,0.0693625,0.10472749999999997,0.20903500000000003,0.273275,0.2025725,322.1910734,3,"{""geodesic"":false,""type"":""Point"",""coordinates"":[38.202263138328135,-3.4629322489444285]}"
000000000000000006b6_0,0.15349150561287025,0.28615648,0.033997499999999986,0.04241249999999999,0.07282749999999999,0.12972499999999998,0.23373,0.31785250000000004,0.2545475,321.58950188,3,"{""geodesic"":false,""type"":""Point"",""coordinates"":[38.200376545073276,-3.4583171404932425]}"
000000000000000006b7_0,0.16212845562253167,0.29166725,0.04002,0.05206499999999997,0.0804725,0.12502249999999998,0.22798249999999998,0.3272025,0.2465175,324.98701375999997,3,"{""geodesic"":false,""type"":""Point"",""coordinates"":[38.19848358582073,-3.4613007494887205]}"
000000000000000006b8_0,0.15654719571293896,0.28877518,0.03622500000000001,0.04519000000000001,0.07681500000000002,0.1282125,0.23232750000000002,0.31873250000000003,0.25207250000000003,325.37666804,3,"{""geodesic"":false,""type"":""Point"",""coordinates"":[38.19821306419181,-3.461843285675304]}"
000000000000000006b9_0,0.1700145688932056,0.31158105,0.03982749999999999,0.04901249999999999,0.0773375,0.1169925,0.222895,0.30754,0.23524250000000002,324.79218662,3,"{""geodesic"":false,""type"":""Point"",""coordinates"":[38.197943455390906,-3.4613002908933197]}"
000000000000000006ba_0,0.15129788165792263,0.29597166,0.03325500000000001,0.04032250000000001,0.06655749999999999,0.11525999999999997,0.21217000000000003,0.3121875,0.24517,322.89518552,3,"{""geodesic"":false,""type"":""Point"",""coordinates"":[38.19983732604134,-3.4572311519630277]}"
000000000000000006bb_0,0.1416477118762369,0.26947767,0.035042500000000004,0.04274249999999999,0.07090249999999998,0.12859749999999998,0.22347250000000002,0.34007250000000006,0.2729725,324.00604202,3,"{""geodesic"":false,""type"":""Point"",""coordinates"":[38.19821625751497,-3.458043927423655]}"
000000000000000006bc_0,0.1558060279334884,0.29410464,0.036775,0.0448875,0.07310250000000001,0.1197975,0.2196225,0.30885999999999997,0.236755,322.79948096,3,"{""geodesic"":false,""type"":""Point"",""coordinates"":[38.19632557938843,-3.4583137045796546]}"
000000000000000006bd_0,0.19568864577690012,0.35335758,0.036665,0.04513500000000001,0.07557750000000002,0.11270249999999998,0.235875,0.28680500000000003,0.213325,323.51726515999997,3,"{""geodesic"":false,""type"":""Point"",""coordinates"":[38.194165295144046,-3.4580404825233804]}"
000000000000000006be_0,0.15637395233332174,0.293078,0.03674749999999999,0.04629,0.0754125,0.12029250000000002,0.22003499999999998,0.306935,0.23560000000000003,324.1222547,3,"{""geodesic"":false,""type"":""Point"",""coordinates"":[38.18903408198638,-3.458036094066538]}"
000000000000000006bf_0,0.14506689998431718,0.27211052,0.035922499999999996,0.0447775,0.07632,0.12928499999999998,0.22594750000000002,0.3341875,0.260955,323.6095517,3,"{""geodesic"":false,""type"":""Point"",""coordinates"":[38.18822435261614,-3.4574926344588097]}"
000000000000000006c0_0,0.14325651982906668,0.27237082,0.031659999999999994,0.03993749999999999,0.0690325,0.13176,0.2304025,0.31900750000000005,0.259635,323.54460932,3,"{""geodesic"":false,""type"":""Point"",""coordinates"":[38.1844446248354,-3.45613247119473]}"
000000000000000006c1_0,0.156309317487827,0.30148324,0.031549999999999995,0.037709999999999994,0.0654575,0.1206775,0.22484749999999998,0.2833125,0.22932999999999998,322.0885328,3,"{""geodesic"":false,""type"":""Point"",""coordinates"":[38.18417595267752,-3.454503947386668]}"
000000000000000006c2_0,0.1600126202333038,0.3090022,0.0321825,0.0398,0.066585,0.11539749999999999,0.218605,0.29161750000000003,0.2242425,321.39809276,3,"{""geodesic"":false,""type"":""Point"",""coordinates"":[38.18309686333303,-3.453146106607872]}"
000000000000000006c3_0,0.16376330180625642,0.30833387,0.03355749999999999,0.042192499999999994,0.07136999999999999,0.11952249999999998,0.22608499999999998,0.30429500000000004,0.23672749999999998,321.15883136,3,"{""geodesic"":false,""type"":""Point"",""coordinates"":[38.18363721893467,-3.452875190805178]}"
000000000000000006c4_0,0.15252818996014877,0.2877339,0.03449250000000001,0.04252249999999999,0.07175500000000001,0.12532500000000002,0.22658,0.3164225,0.24627,321.6612803,3,"{""geodesic"":false,""type"":""Point"",""coordinates"":[38.182557203724144,-3.4526028768767203]}"
000000000000000006c5_0,0.1368179318821361,0.25874436,0.034877500000000006,0.043429999999999996,0.0740925,0.13329999999999997,0.22636,0.31722,0.2510275,321.83901734,3,"{""geodesic"":false,""type"":""Point"",""coordinates"":[38.18255766779531,-3.452060113435072]}"
000000000000000006c6_0,0.1352920370313413,0.243436,0.03820499999999999,0.04816000000000001,0.08300249999999998,0.1503775,0.24714999999999998,0.35981749999999996,0.288565,321.79800109999996,3,"{""geodesic"":false,""type"":""Point"",""coordinates"":[38.18255859571746,-3.4509745865329697]}"
000000000000000006c7_0,0.1538302277432712,0.28688267,0.036032499999999995,0.04408999999999999,0.07513750000000002,0.126975,0.2291375,0.31622999999999996,0.2487725,321.58608386000003,3,"{""geodesic"":false,""type"":""Point"",""coordinates"":[38.182559523346015,-3.449889059605799]}"
000000000000000006c8_0,0.15567014666723022,0.29092672,0.03694,0.045162499999999994,0.07403749999999998,0.12342750000000002,0.22471000000000002,0.32139999999999996,0.2494325,323.09343068,3,"{""geodesic"":false,""type"":""Point"",""coordinates"":[38.18147951190467,-3.4496167453101387]}"
000000000000000006c9_0,0.140984118312717,0.25993657,0.0355375,0.04367750000000001,0.07544000000000001,0.14144,0.2407975,0.32205999999999996,0.2526775,322.57730965999997,3,"{""geodesic"":false,""type"":""Point"",""coordinates"":[38.181210147747166,-3.448802367037053]}"
000000000000000006ca_0,0.15823548502525603,0.2947709,0.035729999999999984,0.04373250000000001,0.07343250000000001,0.12510500000000002,0.2296875,0.3133425,0.24814000000000003,322.50894926,3,"{""geodesic"":false,""type"":""Point"",""coordinates"":[38.180940319462714,-3.448530752051316]}"
000000000000000006cb_0,0.14807514679685954,0.27820936,0.0353725,0.04375999999999999,0.0745325,0.1281025,0.22685500000000003,0.32937500000000003,0.2638425,323.1993893,3,"{""geodesic"":false,""type"":""Point"",""coordinates"":[38.18039787377665,-3.4512441010267105]}"
000000000000000006cc_0,0.12941276965847143,0.23941307,0.036610000000000004,0.045355000000000006,0.07909749999999999,0.1455925,0.23725000000000002,0.36754499999999996,0.29896,323.02165226,3,"{""geodesic"":false,""type"":""Point"",""coordinates"":[38.17985868222956,-3.4501581072634746]}"
000000000000000006cd_0,0.1437853345709223,0.2738549,0.035922499999999996,0.044529999999999986,0.07417499999999999,0.12425249999999999,0.2179725,0.32195,0.25914,322.9259477,3,"{""geodesic"":false,""type"":""Point"",""coordinates"":[38.178779370746625,-3.4490716455631314]}"
000000000000000006ce_0,0.15810776625347833,0.3019438,0.035564999999999986,0.044007500000000005,0.07178249999999997,0.11523250000000002,0.21492,0.30919,0.24555500000000002,323.74627250000003,3,"{""geodesic"":false,""type"":""Point"",""coordinates"":[38.17824018189417,-3.4479856515641374]}"
000000000000000006cf_0,0.13855441559726855,0.26413962,0.035042500000000004,0.043484999999999996,0.07365250000000001,0.12870749999999997,0.2211075,0.3119125,0.2509175,323.47283089999996,3,"{""geodesic"":false,""type"":""Point"",""coordinates"":[38.17878076773861,-3.4474433566439915]}"
000000000000000006d0_0,0.15405278642391163,0.2937507,0.033172499999999994,0.043072499999999986,0.07406499999999999,0.11943999999999999,0.21879749999999998,0.2966225,0.23268500000000003,325.17842287999997,3,"{""geodesic"":false,""type"":""Point"",""coordinates"":[38.1801319973602,-3.446358998915247]}"
000000000000000006d1_0,0.1537832856582909,0.2831142,0.03757250000000001,0.046867500000000006,0.07920749999999999,0.128405,0.229825,0.33619499999999997,0.2690675,325.91329718,3,"{""geodesic"":false,""type"":""Point"",""coordinates"":[38.180402753796905,-3.4455450875029743]}"
000000000000000006d2_0,0.15964420679194846,0.3024217,0.034464999999999996,0.04334750000000001,0.0720575,0.11817499999999997,0.22064,0.29093,0.223445,324.93916148,3,"{""geodesic"":false,""type"":""Point"",""coordinates"":[38.18040159262323,-3.4469019955474316]}"
000000000000000006d3_0,0.14848505116714597,0.28149045,0.03528999999999999,0.043429999999999996,0.07359749999999998,0.12466500000000003,0.22234500000000001,0.3036625,0.2379925,325.5236429,3,"{""geodesic"":false,""type"":""Point"",""coordinates"":[38.180941944678345,-3.4466310805860525]}"
000000000000000006d4_0,0.15945795594805562,0.31258664,0.0325675,0.039415000000000006,0.06471500000000002,0.1109425,0.21184000000000003,0.28785,0.22594750000000002,323.23698751999996,3,"{""geodesic"":false,""type"":""Point"",""coordinates"":[38.18552649599462,-3.4542337287846654]}"
000000000000000006d5_0,0.16170763260025872,0.3113105,0.03377749999999999,0.0415875,0.06685999999999998,0.1133075,0.21574500000000002,0.2987125,0.2316125,322.46793302000003,3,"{""geodesic"":false,""type"":""Point"",""coordinates"":[38.18525689639512,-3.453690732505673]}"
000000000000000006d6_0,0.1543150195468495,0.29653755,0.03242999999999999,0.04048750000000001,0.06699749999999999,0.11974249999999997,0.22069500000000003,0.2965125,0.23606749999999999,321.48696128,3,"{""geodesic"":false,""type"":""Point"",""coordinates"":[38.18363605987719,-3.4542320997412213]}"
000000000000000006d7_0,0.1471485837773635,0.28208777,0.03355749999999999,0.040679999999999994,0.06831749999999998,0.12485750000000001,0.2229775,0.3045975,0.24286000000000002,321.94155794,3,"{""geodesic"":false,""type"":""Point"",""coordinates"":[38.18309593543704,-3.4542316336067422]}"
000000000000000006d8_0,0.14854578504885257,0.2802455,0.034107499999999985,0.041504999999999986,0.07065500000000002,0.12928499999999998,0.22996250000000001,0.32019000000000003,0.25463,322.27994192,3,"{""geodesic"":false,""type"":""Point"",""coordinates"":[38.182556043225105,-3.4539597854534096]}"
000000000000000006d9_0,0.1434636461452485,0.26911697,0.037489999999999996,0.046042499999999986,0.07588,0.12846000000000002,0.22305999999999998,0.32338000000000006,0.24860749999999998,323.92742755999996,3,"{""geodesic"":false,""type"":""Point"",""coordinates"":[38.18876378765323,-3.4583072444317686]}"
000000000000000006da_0,0.15904781967558462,0.29297316,0.03534499999999999,0.043045,0.0761,0.13027499999999997,0.23824,0.312325,0.24497750000000001,324.22137727999996,3,"{""geodesic"":false,""type"":""Point"",""coordinates"":[38.18849303159303,-3.459121158853594]}"
000000000000000006db_0,0.15980175752779974,0.29722193,0.03528999999999999,0.04373250000000001,0.0750825,0.12474750000000001,0.230265,0.3063025,0.2386525,323.95818973999997,3,"{""geodesic"":false,""type"":""Point"",""coordinates"":[38.18795267276479,-3.459392076883343]}"
000000000000000006dc_0,0.13974143409948436,0.2603701,0.03727,0.0448325,0.0771175,0.1356925,0.23122750000000003,0.34373000000000004,0.270635,324.8913092,3,"{""geodesic"":false,""type"":""Point"",""coordinates"":[38.1898426602183,-3.4599364640656876]}"
000000000000000006dd_0,0.14813389765294346,0.28007647,0.0353725,0.04397999999999999,0.07450499999999999,0.1251875,0.22259250000000003,0.31826499999999996,0.24935000000000002,324.8742191,3,"{""geodesic"":false,""type"":""Point"",""coordinates"":[38.18957259595747,-3.4599362324268124]}"
000000000000000006de_0,0.14790290648343782,0.28029695,0.034822500000000006,0.043155,0.07406499999999999,0.12554500000000002,0.223335,0.31856750000000006,0.2551525,325.20234902,3,"{""geodesic"":false,""type"":""Point"",""coordinates"":[38.18930276233494,-3.4596646185756734]}"
000000000000000006df_0,0.15631003090286483,0.2899405,0.03680249999999999,0.04519000000000001,0.07458749999999997,0.12603999999999999,0.22897250000000002,0.32390250000000004,0.24803000000000003,323.74627250000003,3,"{""geodesic"":false,""type"":""Point"",""coordinates"":[38.19982981027765,-3.4661867853549704]}"
000000000000000006e0_0,0.16089235272096114,0.29919595,0.036335000000000006,0.045410000000000006,0.07387250000000001,0.121805,0.22581,0.31326000000000004,0.2428325,323.89666538,3,"{""geodesic"":false,""type"":""Point"",""coordinates"":[38.19955974357974,-3.4661865561581853]}"
000000000000000006e1_0,0.15404621812910385,0.28974593,0.03663749999999999,0.04524500000000001,0.07392749999999998,0.12177749999999998,0.22113500000000003,0.32060249999999996,0.24736999999999998,322.84733324,3,"{""geodesic"":false,""type"":""Point"",""coordinates"":[38.1995601997913,-3.465643790582758]}"
000000000000000006e2_0,0.15118488480172407,0.27957466,0.03669249999999999,0.04549249999999999,0.07560499999999998,0.13024750000000002,0.23133750000000003,0.33075000000000004,0.261725,323.27800376,3,"{""geodesic"":false,""type"":""Point"",""coordinates"":[38.20010056082226,-3.4653728660010295]}"
000000000000000006e3_0,0.15674749977138389,0.2925173,0.034877500000000006,0.04367750000000001,0.07332250000000001,0.1254075,0.22910999999999998,0.3196125,0.247425,323.1310289,3,"{""geodesic"":false,""type"":""Point"",""coordinates"":[38.19956065593098,-3.4651010250010392]}"
000000000000000006e4_0,0.14978042659974902,0.28193972,0.034025,0.043155,0.07282749999999999,0.127085,0.2268825,0.31950249999999997,0.2536675,322.94645582,3,"{""geodesic"":false,""type"":""Point"",""coordinates"":[38.19956088397387,-3.4648296422078215]}"
000000000000000006e5_0,0.15152010728245055,0.28061843,0.036500000000000005,0.044639999999999985,0.0749725,0.13063249999999998,0.23254750000000002,0.328,0.253585,322.96354592,3,"{""geodesic"":false,""type"":""Point"",""coordinates"":[38.19928990509152,-3.465914944115142]}"
000000000000000006e6_0,0.15898474393118178,0.29787466,0.036142499999999994,0.0446125,0.07290999999999997,0.12111749999999999,0.223885,0.317,0.242255,323.20280732000003,3,"{""geodesic"":false,""type"":""Point"",""coordinates"":[38.19929058955879,-3.4651007957989024]}"
000000000000000006e7_0,0.15589864071152876,0.29111886,0.0352075,0.044584999999999986,0.07403749999999998,0.12441750000000001,0.22660750000000002,0.32863250000000005,0.2518525,324.47089273999995,3,"{""geodesic"":false,""type"":""Point"",""coordinates"":[38.19928944869012,-3.4664577096514373]}"
000000000000000006e8_0,0.18332236962321385,0.3533956,0.03204499999999999,0.041614999999999985,0.06842749999999997,0.10096,0.2113175,0.269205,0.2030675,322.53629342,3,"{""geodesic"":false,""type"":""Point"",""coordinates"":[38.20280349723132,-3.4626613222628144]}"
000000000000000006e9_0,0.17843387796898924,0.34798604,0.028167499999999984,0.040157499999999985,0.07018750000000001,0.10145500000000002,0.20975,0.27245,0.20353500000000002,321.99966428,3,"{""geodesic"":false,""type"":""Point"",""coordinates"":[38.20226359257104,-3.462389482972082]}"
000000000000000006ea_0,0.1927376882564908,0.36938184,0.03163250000000001,0.041614999999999985,0.07027,0.097935,0.212665,0.26887500000000003,0.2041675,321.4561991,3,"{""geodesic"":false,""type"":""Point"",""coordinates"":[38.201723915502335,-3.461846260488308]}"
000000000000000006eb_0,0.15429546384393744,0.3007922,0.033915,0.0414775,0.06688749999999999,0.1133075,0.210795,0.30776,0.24033,323.59587962,3,"{""geodesic"":false,""type"":""Point"",""coordinates"":[38.20820526971333,-3.4621231015452194]}"
000000000000000006ec_0,0.1744047145018714,0.33496067,0.034135,0.041037500000000005,0.06900499999999998,0.10761500000000002,0.21602,0.2755025,0.21406750000000002,322.85416928,3,"{""geodesic"":false,""type"":""Point"",""coordinates"":[38.20739529708798,-3.4618510383855643]}"
000000000000000006ed_0,0.17020069179217415,0.32782346,0.03600500000000001,0.0431,0.067575,0.10654249999999998,0.210465,0.2738525,0.21585500000000002,323.16179108,3,"{""geodesic"":false,""type"":""Point"",""coordinates"":[38.2071254567953,-3.4615794283255035]}"
000000000000000006ee_0,0.1747648466633272,0.34440696,0.03204499999999999,0.041559999999999986,0.067465,0.0986225,0.2022425,0.25001,0.181755,321.38442068,3,"{""geodesic"":false,""type"":""Point"",""coordinates"":[38.21117532423967,-3.4629397390341894]}"
000000000000000006ef_0,0.17419479019633002,0.34380937,0.03001000000000001,0.04035,0.067355,0.09975,0.2042775,0.2587275,0.19072,322.04409854,3,"{""geodesic"":false,""type"":""Point"",""coordinates"":[38.210635191209036,-3.462939287484149]}"
000000000000000006f0_0,0.16471314572160478,0.3333164,0.03058749999999999,0.03925000000000001,0.06628250000000002,0.09832000000000002,0.1966325,0.26189,0.19561499999999998,322.70035838,3,"{""geodesic"":false,""type"":""Point"",""coordinates"":[38.212255141888136,-3.463483408491761]}"
000000000000000006f1_0,0.15950880683911858,0.32438624,0.0295975,0.039580000000000004,0.067025,0.0991725,0.194405,0.254795,0.1946525,321.29555216,3,"{""geodesic"":false,""type"":""Point"",""coordinates"":[38.211444941695014,-3.463482731871561]}"
000000000000000006f2_0,0.17127471618675294,0.34117886,0.0326775,0.04194500000000001,0.06774000000000002,0.09677999999999998,0.1970175,0.24736999999999998,0.18313000000000001,321.51772345999996,3,"{""geodesic"":false,""type"":""Point"",""coordinates"":[38.211715457341136,-3.4629401902752224]}"
000000000000000006f3_0,0.15950880683911858,0.32438624,0.0295975,0.039580000000000004,0.067025,0.0991725,0.194405,0.254795,0.1946525,321.29555216,3,"{""geodesic"":false,""type"":""Point"",""coordinates"":[38.211444941695014,-3.463482731871561]}"
000000000000000006f4_0,0.17242772127925035,0.33741578,0.029982499999999995,0.039992499999999986,0.06798749999999998,0.10373749999999998,0.20939249999999998,0.2646675,0.19795249999999998,322.04409854,3,"{""geodesic"":false,""type"":""Point"",""coordinates"":[38.21090548238596,-3.462668129741781]}"
000000000000000006f5_0,0.15826593278233014,0.3097628,0.0324025,0.041559999999999986,0.06889499999999998,0.109595,0.2079625,0.2872175,0.22201500000000002,322.63541599999996,3,"{""geodesic"":false,""type"":""Point"",""coordinates"":[38.21063564068599,-3.4623965204060267]}"
000000000000000006f6_0,0.1487667597126253,0.29772303,0.03534499999999999,0.04334750000000001,0.06655749999999999,0.1054425,0.194845,0.29181,0.22669,323.15495504,3,"{""geodesic"":false,""type"":""Point"",""coordinates"":[38.21333742454937,-3.4610418561036185]}"
000000000000000006f7_0,0.14665853414294425,0.29558155,0.034464999999999996,0.04230249999999999,0.06531999999999999,0.10558000000000001,0.194185,0.28713500000000003,0.2213,322.97379997999997,3,"{""geodesic"":false,""type"":""Point"",""coordinates"":[38.21306758235351,-3.4607702474003297]}"
000000000000000006f8_0,0.1457415170733456,0.28892225,0.035454999999999987,0.043375,0.0679325,0.11011749999999998,0.19960250000000002,0.3063025,0.23725000000000002,323.03532434,3,"{""geodesic"":false,""type"":""Point"",""coordinates"":[38.21252745030482,-3.460769797214893]}"
000000000000000006f9_0,0.15466944244268285,0.29522282,0.038534999999999986,0.04653750000000001,0.07136999999999999,0.11413250000000003,0.20975,0.3191725,0.2441525,323.92059152,3,"{""geodesic"":false,""type"":""Point"",""coordinates"":[38.21333697678643,-3.46158462355166]}"
000000000000000006fa_0,0.15119944435539878,0.29198974,0.037187499999999984,0.045575000000000004,0.07103999999999999,0.11322500000000002,0.206615,0.30976750000000003,0.2411275,323.4044705,3,"{""geodesic"":false,""type"":""Point"",""coordinates"":[38.21252677799536,-3.461583948230106]}"
000000000000000006fb_0,0.15663877451631472,0.2992081,0.03735250000000001,0.04560249999999999,0.07156249999999997,0.11393999999999999,0.211235,0.30434999999999995,0.229605,322.90543958,3,"{""geodesic"":false,""type"":""Point"",""coordinates"":[38.21198642126415,-3.461854881262817]}"
000000000000000006fc_0,0.16050504132982096,0.31151533,0.03589500000000001,0.044694999999999985,0.06983,0.10739500000000002,0.20457999999999998,0.2843575,0.20895249999999999,322.9943081,3,"{""geodesic"":false,""type"":""Point"",""coordinates"":[38.21171635499433,-3.461854655829033]}"
000000000000000006fd_0,0.15856779646747815,0.26800808,0.040514999999999995,0.061415,0.10450749999999998,0.14146750000000002,0.24506,0.31339750000000005,0.23315249999999998,334.59506797999995,3,"{""geodesic"":false,""type"":""Point"",""coordinates"":[38.24056821603194,-3.5183264840792767]}"
000000000000000006fe_0,0.1917546367252751,0.3474653,0.024400000000000005,0.04408999999999999,0.08633000000000002,0.11501250000000002,0.23749750000000003,0.282845,0.2094475,334.02767666,3,"{""geodesic"":false,""type"":""Point"",""coordinates"":[38.23975840323485,-3.517783051254864]}"
000000000000000006ff_0,0.14952995236288516,0.2695382,0.03089,0.05225750000000001,0.09496500000000002,0.13217250000000003,0.229715,0.30099499999999996,0.2249025,332.31183062,3,"{""geodesic"":false,""type"":""Point"",""coordinates"":[38.23948897907488,-3.5169686750038265]}"
00000000000000000700_0,0.15881160575707962,0.28488737,0.0295975,0.05154249999999999,0.09265499999999999,0.12925750000000003,0.23224499999999998,0.29885,0.21775250000000002,333.13215542,3,"{""geodesic"":false,""type"":""Point"",""coordinates"":[38.2389490316287,-3.516696847818846]}"
00000000000000000701_0,0.1638161188052728,0.29728502,0.026022500000000004,0.04711499999999999,0.08918999999999999,0.127635,0.2356275,0.3204375,0.2371125,332.96467243999996,3,"{""geodesic"":false,""type"":""Point"",""coordinates"":[38.23867938822763,-3.5161538565760435]}"
00000000000000000702_0,0.1638161188052728,0.29728502,0.026022500000000004,0.04711499999999999,0.08918999999999999,0.127635,0.2356275,0.3204375,0.2371125,332.96467243999996,3,"{""geodesic"":false,""type"":""Point"",""coordinates"":[38.23867938822763,-3.5161538565760435]}"
00000000000000000703_0,0.15698899257993282,0.2789482,0.03320000000000001,0.0533575,0.09372750000000002,0.1318975,0.23395,0.32481,0.24277749999999998,332.61945242,3,"{""geodesic"":false,""type"":""Point"",""coordinates"":[38.23840974508755,-3.515610865316868]}"
00000000000000000704_0,0.15698899257993282,0.2789482,0.03320000000000001,0.0533575,0.09372750000000002,0.1318975,0.23395,0.32481,0.24277749999999998,332.61945242,3,"{""geodesic"":false,""type"":""Point"",""coordinates"":[38.23840974508755,-3.515610865316868]}"
00000000000000000705_0,0.15969120673606557,0.27822113,0.037599999999999995,0.056877500000000025,0.09595500000000001,0.13340999999999997,0.23626000000000003,0.33108,0.24638,333.09797521999997,3,"{""geodesic"":false,""type"":""Point"",""coordinates"":[38.238409965233835,-3.515339480290346]}"
00000000000000000706_0,0.16485911796368294,0.30435562,0.030230000000000007,0.04956250000000001,0.08657749999999997,0.11647000000000002,0.218385,0.28829,0.21544249999999998,324.08465648000004,3,"{""geodesic"":false,""type"":""Point"",""coordinates"":[38.204396354944386,-3.495500036441206]}"
00000000000000000707_0,0.2328926905132193,0.4188959,0.028744999999999993,0.036885,0.07002249999999999,0.10282999999999998,0.2510825,0.2758875,0.21530500000000002,325.5236429,3,"{""geodesic"":false,""type"":""Point"",""coordinates"":[38.13848013867841,-3.5155236470099362]}"
00000000000000000708_0,0.17720237234196443,0.3322022,0.03220999999999999,0.04059750000000001,0.07271749999999999,0.11512250000000002,0.22966000000000003,0.303305,0.24310750000000003,326.13205045999996,3,"{""geodesic"":false,""type"":""Point"",""coordinates"":[38.13928962201141,-3.5163385323556273]}"
00000000000000000709_0,0.15991036022526567,0.3018664,0.032484999999999986,0.04128499999999999,0.0740925,0.12208000000000002,0.22765249999999998,0.31595500000000004,0.2599375,326.29611542,3,"{""geodesic"":false,""type"":""Point"",""coordinates"":[38.14009935542101,-3.5168820389451856]}"
0000000000000000070a_0,0.17099612225326277,0.31022248,0.0354275,0.04554749999999999,0.07937250000000001,0.12538,0.23815750000000002,0.32324250000000004,0.2549875,326.25851720000003,3,"{""geodesic"":false,""type"":""Point"",""coordinates"":[38.1400988580588,-3.5174247957115914]}"
0000000000000000070b_0,0.19062616727223336,0.34901762,0.03174250000000001,0.04133999999999999,0.07461499999999999,0.11517749999999999,0.23868,0.295055,0.22693750000000001,326.33029562,3,"{""geodesic"":false,""type"":""Point"",""coordinates"":[38.14036843802467,-3.517967802369587]}"
0000000000000000070c_0,0.15434869339716734,0.2956878,0.031,0.03991,0.07109500000000002,0.12164000000000003,0.223775,0.31931000000000004,0.2662075,326.61057326,3,"{""geodesic"":false,""type"":""Point"",""coordinates"":[38.14036794066421,-3.518510559161853]}"
0000000000000000070d_0,0.1732191351577188,0.32203078,0.030257499999999993,0.041147500000000004,0.073845,0.1200175,0.23403249999999998,0.30193,0.23920249999999998,326.82590852,3,"{""geodesic"":false,""type"":""Point"",""coordinates"":[38.140907847292205,-3.5187824372320122]}"
0000000000000000070e_0,0.17753118337334434,0.33159447,0.029817499999999997,0.039855,0.07354250000000001,0.11724000000000001,0.23356500000000002,0.303085,0.23989,326.71311386,3,"{""geodesic"":false,""type"":""Point"",""coordinates"":[38.140908095845155,-3.5185110587996475]}"
0000000000000000070f_0,0.19965277777777773,0.3655189,0.030285000000000006,0.039635000000000004,0.0721675,0.11198750000000002,0.2410175,0.28092,0.21459,326.36789383999997,3,"{""geodesic"":false,""type"":""Point"",""coordinates"":[38.140638515449275,-3.517968052189093]}"
00000000000000000710_0,0.19764307760328542,0.354952,0.0324025,0.043182499999999985,0.07796999999999998,0.11616749999999998,0.24401499999999998,0.28691500000000003,0.21643250000000003,326.42258216,3,"{""geodesic"":false,""type"":""Point"",""coordinates"":[38.140639012576344,-3.517425295351797]}"
00000000000000000711_0,0.1755386934757078,0.320008,0.032952499999999996,0.04362250000000001,0.07849250000000002,0.1231525,0.23906500000000003,0.31282000000000004,0.25083500000000003,326.45334434,3,"{""geodesic"":false,""type"":""Point"",""coordinates"":[38.14036918392059,-3.5171536671691994]}"
00000000000000000712_0,0.12891063264667496,0.24124186,0.03298000000000001,0.0418625,0.07813500000000001,0.14608749999999998,0.2389825,0.36047750000000006,0.31411249999999996,326.64475346,3,"{""geodesic"":false,""type"":""Point"",""coordinates"":[38.13955895246542,-3.5171529174137905]}"
00000000000000000713_0,0.16506229464998887,0.30390677,0.03432750000000001,0.043237499999999984,0.0770075,0.12625999999999998,0.23650749999999998,0.31958499999999995,0.2602125,326.16623066,3,"{""geodesic"":false,""type"":""Point"",""coordinates"":[38.13928937314437,-3.516609910684818]}"
00000000000000000714_0,0.18874960197087262,0.3401657,0.032594999999999985,0.04321,0.07626499999999997,0.12015500000000001,0.2440425,0.3059175,0.24566500000000002,326.51145068,3,"{""geodesic"":false,""type"":""Point"",""coordinates"":[38.13982977578848,-3.5163390323119077]}"
00000000000000000715_0,0.23805086701098627,0.42962807,0.0295975,0.03781999999999999,0.0690325,0.097935,0.24547249999999998,0.271515,0.20287500000000003,326.15939462,3,"{""geodesic"":false,""type"":""Point"",""coordinates"":[38.13902004298407,-3.515795525635349]}"
00000000000000000716_0,0.21260337615383942,0.3910358,0.029707499999999998,0.0385625,0.06875749999999997,0.10426000000000002,0.23815750000000002,0.2829,0.22237250000000003,325.77315836,3,"{""geodesic"":false,""type"":""Point"",""coordinates"":[38.13874996629997,-3.515795275499817]}"
00000000000000000717_0,0.22546781486606784,0.4103125,0.029569999999999985,0.0384525,0.06900499999999998,0.1010975,0.2417875,0.275475,0.20793499999999998,326.224337,3,"{""geodesic"":false,""type"":""Point"",""coordinates"":[38.13902029187118,-3.5155241473207135]}"
00000000000000000718_0,0.21599004862603186,0.39675483,0.029239999999999988,0.03768250000000001,0.06985750000000002,0.10382000000000002,0.24038500000000002,0.278885,0.21439750000000002,325.73556013999996,3,"{""geodesic"":false,""type"":""Point"",""coordinates"":[38.13875021526513,-3.5155238972045355]}"
00000000000000000719_0,0.22378671941422454,0.40375516,0.02990000000000001,0.038699999999999984,0.07120500000000002,0.10475499999999999,0.2466275,0.2827625,0.2137925,325.87569896,3,"{""geodesic"":false,""type"":""Point"",""coordinates"":[38.13875046421094,-3.515252518907656]}"
0000000000000000071a_0,0.2345645490457129,0.42217955,0.028992500000000004,0.03773750000000001,0.07005,0.10079500000000002,0.248085,0.27470500000000003,0.20777,325.57491319999997,3,"{""geodesic"":false,""type"":""Point"",""coordinates"":[38.13848038770227,-3.5152522687324166]}"
0000000000000000071b_0,0.16196447230929983,0.30374464,0.031659999999999994,0.04076250000000001,0.07332250000000001,0.12408750000000002,0.23235499999999998,0.318155,0.261285,326.98997348,3,"{""geodesic"":false,""type"":""Point"",""coordinates"":[38.14117742798221,-3.5193254438510246]}"
0000000000000000071c_0,0.16246654125680574,0.30167234,0.03375,0.04296249999999999,0.07549499999999998,0.12480249999999998,0.23263,0.317,0.25474,325.20918506,3,"{""geodesic"":false,""type"":""Point"",""coordinates"":[38.135241719878344,-3.512806858038734]}"
0000000000000000071d_0,0.13385232553521073,0.25028694,0.034135,0.0444475,0.0775575,0.13879999999999998,0.231475,0.33402250000000006,0.274155,325.3869221,3,"{""geodesic"":false,""type"":""Point"",""coordinates"":[38.13497214399267,-3.5122638509349375]}"
0000000000000000071e_0,0.16415640604414372,0.2747091,0.04549249999999999,0.05948999999999999,0.09812749999999998,0.146555,0.2575725,0.39455,0.3067975,327.90600284,3,"{""geodesic"":false,""type"":""Point"",""coordinates"":[38.180312475917326,-3.5494841293234765]}"
0000000000000000071f_0,0.17197898423817864,0.29769877,0.04513500000000001,0.05729000000000001,0.08864,0.127415,0.235435,0.3484325,0.264805,328.22729672,3,"{""geodesic"":false,""type"":""Point"",""coordinates"":[38.180042386620435,-3.5494838889028797]}"
00000000000000000720_0,0.1739994919722861,0.29725686,0.046097499999999986,0.05913249999999998,0.09017999999999998,0.12914750000000003,0.23840499999999998,0.36925,0.27674,330.34646912,3,"{""geodesic"":false,""type"":""Point"",""coordinates"":[38.179772297341955,-3.5494836484030983]}"
00000000000000000721_0,0.15361214320232605,0.29004052,0.030725000000000002,0.037957500000000005,0.06928000000000001,0.13052249999999999,0.23716750000000003,0.30960250000000006,0.2527875,335.39488466,3,"{""geodesic"":false,""type"":""Point"",""coordinates"":[38.241054755696894,-3.584002092166022]}"
00000000000000000722_0,0.17917399165160008,0.3383006,0.030725000000000002,0.037022499999999986,0.0656775,0.11567250000000001,0.23395,0.29775,0.24255749999999998,331.56328424000003,3,"{""geodesic"":false,""type"":""Point"",""coordinates"":[38.24078442859567,-3.584273252168972]}"
00000000000000000723_0,0.17154253071709843,0.33173877,0.0293775,0.03622500000000001,0.06551249999999997,0.11245500000000003,0.224105,0.2812225,0.23367500000000002,328.52466446,3,"{""geodesic"":false,""type"":""Point"",""coordinates"":[38.23889123652236,-3.5872569075010015]}"
00000000000000000724_0,0.1537968736653284,0.29712334,0.0323475,0.04122999999999999,0.07365250000000001,0.11713000000000001,0.2161575,0.338065,0.2877125,329.34157124,3,"{""geodesic"":false,""type"":""Point"",""coordinates"":[38.172532816462,-3.4895020024523866]}"
00000000000000000725_0,0.16176020296574947,0.29811653,0.039360000000000006,0.049067499999999986,0.0802525,0.11971500000000002,0.22141,0.34098,0.2710475,330.47293586,3,"{""geodesic"":false,""type"":""Point"",""coordinates"":[38.17199077233376,-3.4916725713822294]}"
00000000000000000726_0,0.13915343015543694,0.26434502,0.03617000000000001,0.046619999999999995,0.0783275,0.12524249999999998,0.21525,0.33702000000000004,0.2804525,330.81473786000004,3,"{""geodesic"":false,""type"":""Point"",""coordinates"":[38.17252925313178,-3.493572714588958]}"
00000000000000000727_0,0.15047867634822065,0.2893097,0.03523499999999999,0.044942499999999996,0.07522000000000001,0.11605749999999998,0.2105475,0.3307775,0.2781425,330.6335828,3,"{""geodesic"":false,""type"":""Point"",""coordinates"":[38.17252949081717,-3.4933013337909533]}"
00000000000000000728_0,0.1575314229578367,0.30423802,0.03432750000000001,0.04290749999999999,0.07406499999999999,0.11295,0.21173000000000003,0.3166975,0.26112,330.57205844,3,"{""geodesic"":false,""type"":""Point"",""coordinates"":[38.17225727770432,-3.4957435218821202]}"
00000000000000000729_0,0.1752200406228843,0.33568117,0.034822500000000006,0.043072499999999986,0.07260749999999999,0.10563499999999998,0.21239000000000002,0.3119675,0.2450325,330.10720772,3,"{""geodesic"":false,""type"":""Point"",""coordinates"":[38.17225680182533,-3.4962862834107784]}"
0000000000000000072a_0,0.1793024846136312,0.34653372,0.034107499999999985,0.0418625,0.07027,0.1019775,0.21013500000000002,0.3030025,0.23337249999999998,330.16189604,3,"{""geodesic"":false,""type"":""Point"",""coordinates"":[38.17225703977412,-3.496014902647243]}"
0000000000000000072b_0,0.1631942934191641,0.30793107,0.03539999999999999,0.0445575,0.07629249999999999,0.11594749999999998,0.21912750000000003,0.3379825,0.2722025,330.2063303,3,"{""geodesic"":false,""type"":""Point"",""coordinates"":[38.17225656385796,-3.496557664172726]}"
0000000000000000072c_0,0.1745171278757176,0.33275405,0.034162499999999985,0.04235749999999999,0.07244250000000002,0.1084675,0.21665250000000003,0.32183999999999996,0.2530075,330.49686199999996,3,"{""geodesic"":false,""type"":""Point"",""coordinates"":[38.17252639945801,-3.496829284041251]}"
0000000000000000072d_0,0.16879109893045818,0.31851885,0.033475000000000005,0.04252249999999999,0.07489000000000001,0.11523250000000002,0.22294999999999998,0.334875,0.27564,330.51737012,3,"{""geodesic"":false,""type"":""Point"",""coordinates"":[38.172796473062576,-3.4968295230714084]}"
0000000000000000072e_0,0.1745171278757176,0.33275405,0.034162499999999985,0.04235749999999999,0.07244250000000002,0.1084675,0.21665250000000003,0.32183999999999996,0.2530075,330.49686199999996,3,"{""geodesic"":false,""type"":""Point"",""coordinates"":[38.17252639945801,-3.496829284041251]}"
0000000000000000072f_0,0.16104784779941594,0.2989444,0.03658249999999999,0.04700499999999999,0.07846500000000001,0.12020999999999998,0.22272999999999998,0.347965,0.2789125,330.4797719,3,"{""geodesic"":false,""type"":""Point"",""coordinates"":[38.172256325872006,-3.496829044933087]}"
00000000000000000730_0,0.1522205389211364,0.28007573,0.038534999999999986,0.04904,0.08346999999999999,0.126425,0.2247925,0.364245,0.30597250000000004,330.55155032,3,"{""geodesic"":false,""type"":""Point"",""coordinates"":[38.17225608786747,-3.4971004256918587]}"
00000000000000000731_0,0.1563385360325555,0.29374415,0.0353175,0.045520000000000005,0.07805250000000002,0.12040250000000002,0.22055750000000002,0.34815749999999995,0.288235,330.55838636,3,"{""geodesic"":false,""type"":""Point"",""coordinates"":[38.172796235213305,-3.497100903867376]}"
00000000000000000732_0,0.16663558057514918,0.30248827,0.0383425,0.04783000000000001,0.08253500000000003,0.12463750000000001,0.23274,0.35973499999999997,0.2960175,330.13796990000003,3,"{""geodesic"":false,""type"":""Point"",""coordinates"":[38.17198506170783,-3.498185709431862]}"
00000000000000000733_0,0.16276598501930903,0.3027346,0.037434999999999996,0.04631750000000001,0.07769500000000001,0.11932999999999999,0.22294999999999998,0.3435925,0.277675,330.42508358,3,"{""geodesic"":false,""type"":""Point"",""coordinates"":[38.17198672841317,-3.4962860442618218]}"
00000000000000000734_0,0.16380892728205923,0.30938476,0.0357025,0.0442825,0.0746425,0.11559000000000003,0.219155,0.334435,0.2665925,330.48318992,3,"{""geodesic"":false,""type"":""Point"",""coordinates"":[38.17198696643957,-3.4960146635168936]}"
00000000000000000735_0,0.149991470487888,0.28204718,0.03628000000000001,0.04618,0.07849250000000002,0.12309750000000003,0.21981499999999998,0.33979750000000003,0.2811125,330.93095054,3,"{""geodesic"":false,""type"":""Point"",""coordinates"":[38.17252782662929,-3.495200999343671]}"
00000000000000000736_0,0.14172335600907024,0.26880568,0.034135,0.04392499999999999,0.07697999999999999,0.1281025,0.22229,0.345875,0.291755,330.77030360000003,3,"{""geodesic"":false,""type"":""Point"",""coordinates"":[38.17279789976819,-3.4952012382622595]}"
00000000000000000737_0,0.15751479491191078,0.28624305,0.039057499999999995,0.04986499999999999,0.08187499999999998,0.12702999999999998,0.2289175,0.34428,0.277455,331.55303018,3,"{""geodesic"":false,""type"":""Point"",""coordinates"":[38.17225846707657,-3.494386618032699]}"
00000000000000000738_0,0.12581570515508886,0.23903343,0.039745,0.04832500000000001,0.08055499999999999,0.13132,0.21382,0.32673500000000005,0.276685,327.8137163,3,"{""geodesic"":false,""type"":""Point"",""coordinates"":[38.272705201329416,-3.5224230054872923]}"
00000000000000000739_0,0.13030370979395572,0.24959145,0.037132499999999985,0.045162499999999994,0.07676,0.12972499999999998,0.21602,0.33039250000000003,0.27256,328.5144104,3,"{""geodesic"":false,""type"":""Point"",""coordinates"":[38.27216460492576,-3.5229653561561336]}"
0000000000000000073a_0,0.13780120481927713,0.25989097,0.03814999999999999,0.046674999999999994,0.07862999999999998,0.1289825,0.21956750000000003,0.330255,0.2771525,328.97926112,3,"{""geodesic"":false,""type"":""Point"",""coordinates"":[38.27189430648928,-3.5232365313211944]}"
0000000000000000073b_0,0.13030370979395572,0.24959145,0.037132499999999985,0.045162499999999994,0.07676,0.12972499999999998,0.21602,0.33039250000000003,0.27256,328.5144104,3,"{""geodesic"":false,""type"":""Point"",""coordinates"":[38.27216460492576,-3.5229653561561336]}"
0000000000000000073c_0,0.12865160094202538,0.24735971,0.03674749999999999,0.045410000000000006,0.07615499999999997,0.12890000000000001,0.21362750000000003,0.32987000000000005,0.2746225,328.91773676,3,"{""geodesic"":false,""type"":""Point"",""coordinates"":[38.27189451741467,-3.5229651442633645]}"
00000000000000000740_0,0.17169253630093836,0.28686032,0.046345,0.05756499999999998,0.090785,0.145345,0.262275,0.3814325,0.29115,328.6853114,3,"{""geodesic"":false,""type"":""Point"",""coordinates"":[38.19085187119926,-3.5427089004946453]}"
00000000000000000741_0,0.16226739929686806,0.2716033,0.048765,0.059077500000000005,0.0924625,0.14875500000000003,0.25969000000000003,0.39576000000000006,0.307155,328.68872941999996,3,"{""geodesic"":false,""type"":""Point"",""coordinates"":[38.19112195925939,-3.542709137293234]}"
00000000000000000742_0,0.17034238374162652,0.28938508,0.04480500000000001,0.054869999999999974,0.0869625,0.1421825,0.257985,0.38643750000000004,0.2979425,328.90064666,3,"{""geodesic"":false,""type"":""Point"",""coordinates"":[38.19139251840489,-3.542166610419204]}"
00000000000000000745_0,0.12164024320945568,0.21192281,0.039965,0.05124000000000001,0.09521249999999998,0.1751275,0.269315,0.408245,0.363145,332.93049224000004,3,"{""geodesic"":false,""type"":""Point"",""coordinates"":[38.212697477211606,-3.5799073100262757]}"
00000000000000000746_0,0.14237642236876732,0.23941465,0.04821500000000001,0.062102500000000005,0.10200500000000001,0.1559875,0.25419,0.37906750000000006,0.34268499999999996,331.46074364000003,3,"{""geodesic"":false,""type"":""Point"",""coordinates"":[38.21458841119256,-3.579637554978612]}"
00000000000000000747_0,0.1316727286086925,0.22591256,0.043375,0.05456749999999999,0.09730250000000001,0.1688575,0.26741750000000003,0.40918000000000004,0.3642175,332.28790448,3,"{""geodesic"":false,""type"":""Point"",""coordinates"":[38.21485643090913,-3.58208023536056]}"
00000000000000000748_0,0.12367338721274691,0.20113964,0.05187249999999999,0.06630999999999998,0.11768,0.18786000000000003,0.28246,0.39262500000000006,0.3491475,331.46757968,3,"{""geodesic"":false,""type"":""Point"",""coordinates"":[38.21431460831503,-3.583979452021944]}"
00000000000000000749_0,0.14033167961789558,0.22863963,0.04868249999999999,0.06364249999999999,0.11075000000000002,0.17609000000000002,0.28048,0.3706525,0.316945,331.59404642,3,"{""geodesic"":false,""type"":""Point"",""coordinates"":[38.2140447383072,-3.583707836280041]}"
0000000000000000074a_0,0.1471586627772514,0.25285956,0.041614999999999985,0.05165249999999999,0.09458,0.16027750000000002,0.26876500000000003,0.37805000000000005,0.33044750000000006,332.78351738000003,3,"{""geodesic"":false,""type"":""Point"",""coordinates"":[38.21377533176649,-3.5828934544079116]}"
0000000000000000074b_0,0.14638151464206123,0.2574161,0.041037500000000005,0.051212499999999994,0.09015250000000002,0.14850750000000001,0.2514675,0.366115,0.31744,332.9578364,3,"{""geodesic"":false,""type"":""Point"",""coordinates"":[38.21350546220076,-3.582621838605638]}"
0000000000000000074c_0,0.14867389168907705,0.26353073,0.04032250000000001,0.051624999999999976,0.08759499999999998,0.14190750000000002,0.243465,0.35222749999999997,0.2886475,334.39682282,3,"{""geodesic"":false,""type"":""Point"",""coordinates"":[38.21296618715514,-3.5815358408683786]}"
0000000000000000074d_0,0.15378041865331313,0.2647182,0.044639999999999985,0.05517250000000001,0.0929025,0.14707750000000003,0.25298,0.3576175,0.31017999999999996,332.53400192000004,3,"{""geodesic"":false,""type"":""Point"",""coordinates"":[38.215398019491026,-3.580452400970725]}"
0000000000000000074e_0,0.1736586367369286,0.29478937,0.04711499999999999,0.058555000000000024,0.09425,0.13354749999999999,0.2451975,0.3438125,0.28064500000000003,332.72199302,3,"{""geodesic"":false,""type"":""Point"",""coordinates"":[38.21107873284187,-3.5777348482972933]}"
0000000000000000074f_0,0.16991161273965538,0.2899979,0.046042499999999986,0.060012500000000024,0.0951575,0.13085249999999998,0.23774499999999998,0.33473749999999997,0.2647775,332.13409358,3,"{""geodesic"":false,""type"":""Point"",""coordinates"":[38.21080863325648,-3.577734615059418]}"
00000000000000000750_0,0.1574860078594151,0.27742928,0.042825,0.055145,0.0895475,0.13261250000000002,0.23444500000000001,0.35033,0.2807275,332.81427956,3,"{""geodesic"":false,""type"":""Point"",""coordinates"":[38.21107896492824,-3.5774634653990374]}"
00000000000000000751_0,0.1644117830674146,0.29064575,0.044997499999999996,0.05676749999999997,0.0891075,0.12373,0.2251225,0.32753250000000006,0.2663725,332.6331245,3,"{""geodesic"":false,""type"":""Point"",""coordinates"":[38.21081002598546,-3.576106317751961]}"
00000000000000000752_0,0.1644117830674146,0.29064575,0.044997499999999996,0.05676749999999997,0.0891075,0.12373,0.2251225,0.32753250000000006,0.2663725,332.6331245,3,"{""geodesic"":false,""type"":""Point"",""coordinates"":[38.21081002598546,-3.576106317751961]}"
00000000000000000753_0,0.16439884006245822,0.28835142,0.0445575,0.058087500000000014,0.0925725,0.12505,0.22638750000000002,0.32778,0.2630725,330.37039526,3,"{""geodesic"":false,""type"":""Point"",""coordinates"":[38.209999728765276,-3.576105617878889]}"
00000000000000000754_0,0.1815152578042792,0.32256693,0.04139499999999999,0.05102000000000001,0.084625,0.11954999999999999,0.2334,0.3110875,0.2543275,333.4534493,3,"{""geodesic"":false,""type"":""Point"",""coordinates"":[38.21108058903671,-3.575563785065818]}"
00000000000000000755_0,0.1647870405899135,0.29605383,0.03809499999999999,0.048600000000000004,0.08346999999999999,0.12917499999999998,0.23782750000000002,0.33116249999999997,0.2859525,333.79866932,3,"{""geodesic"":false,""type"":""Point"",""coordinates"":[38.212431778642596,-3.574750800344864]}"
00000000000000000756_0,0.15105530104712045,0.27376756,0.03792999999999999,0.048490000000000005,0.08591749999999998,0.1347025,0.23626000000000003,0.33812000000000003,0.2995925,333.17317166,3,"{""geodesic"":false,""type"":""Point"",""coordinates"":[38.21189204434841,-3.574207569036912]}"
00000000000000000757_0,0.15548330389220283,0.28405404,0.03933249999999999,0.04972750000000001,0.08412999999999998,0.1262875,0.22649750000000002,0.31427750000000004,0.27212000000000003,333.74739902,3,"{""geodesic"":false,""type"":""Point"",""coordinates"":[38.21135207893018,-3.573935720483926]}"
00000000000000000758_0,0.16507972525985987,0.28905344,0.04321,0.05654749999999997,0.09150000000000003,0.12793749999999998,0.23197,0.35145750000000003,0.295825,333.81575942,3,"{""geodesic"":false,""type"":""Point"",""coordinates"":[38.21135370087091,-3.572036039879039]}"
00000000000000000759_0,0.16046157195732635,0.28325355,0.042137499999999994,0.05599749999999998,0.091995,0.1282125,0.22955000000000003,0.31812749999999995,0.25386000000000003,333.6243503,3,"{""geodesic"":false,""type"":""Point"",""coordinates"":[38.21054271139045,-3.572849489963547]}"
0000000000000000075a_0,0.15491028984622363,0.2823407,0.038754999999999984,0.052037500000000014,0.0865225,0.12414249999999999,0.22182249999999998,0.31100500000000003,0.2471775,333.59358812,3,"{""geodesic"":false,""type"":""Point"",""coordinates"":[38.210542247485066,-3.5733922557426214]}"
0000000000000000075b_0,0.15560980606391692,0.27433035,0.0418075,0.055694999999999995,0.0929025,0.13261250000000002,0.23287750000000002,0.327065,0.2686825,333.65169446,3,"{""geodesic"":false,""type"":""Point"",""coordinates"":[38.21027168507042,-3.5739347883661727]}"
0000000000000000075c_0,0.15491028984622363,0.2823407,0.038754999999999984,0.052037500000000014,0.0865225,0.12414249999999999,0.22182249999999998,0.31100500000000003,0.2471775,333.59358812,3,"{""geodesic"":false,""type"":""Point"",""coordinates"":[38.210542247485066,-3.5733922557426214]}"
0000000000000000075d_0,0.1558360672994263,0.28280234,0.04013,0.05299999999999999,0.08891500000000002,0.12389499999999998,0.22160249999999998,0.31419500000000006,0.2581775,333.57991604,3,"{""geodesic"":false,""type"":""Point"",""coordinates"":[38.210271917146784,-3.5736634054984364]}"
0000000000000000075e_0,0.14844609821288193,0.2706739,0.03988249999999999,0.05343999999999999,0.08946500000000002,0.12593,0.2194025,0.30633000000000005,0.248965,333.51155564,3,"{""geodesic"":false,""type"":""Point"",""coordinates"":[38.2100020509435,-3.573391789435814]}"
0000000000000000075f_0,0.1497839454877846,0.2758321,0.037544999999999995,0.04738999999999999,0.08264500000000002,0.13013750000000002,0.229275,0.33160249999999997,0.29742,333.94222616,3,"{""geodesic"":false,""type"":""Point"",""coordinates"":[38.21189227596636,-3.5739361860643992]}"
00000000000000000760_0,0.15162808616126758,0.27958053,0.03836999999999999,0.04744499999999999,0.0830575,0.128295,0.22787249999999998,0.32349,0.28829,333.86702972,3,"{""geodesic"":false,""type"":""Point"",""coordinates"":[38.211622177439416,-3.5739359533140296]}"
00000000000000000761_0,0.1574284188747246,0.28108495,0.04084499999999999,0.05129499999999998,0.08688000000000001,0.13272250000000002,0.23650749999999998,0.32249999999999995,0.28312,330.8899343,3,"{""geodesic"":false,""type"":""Point"",""coordinates"":[38.21459280054198,-3.574481275479815]}"
00000000000000000762_0,0.1657792035983596,0.28206572,0.045355000000000006,0.05729000000000001,0.09408499999999997,0.14034000000000002,0.25061500000000003,0.3382025,0.2877675,331.9495205,3,"{""geodesic"":false,""type"":""Point"",""coordinates"":[38.21486243784386,-3.575024273714321]}"
00000000000000000763_0,0.16241772890110803,0.3062953,0.03287000000000001,0.04089999999999999,0.07365250000000001,0.12142000000000003,0.22864250000000003,0.29973,0.248525,332.83478768,3,"{""geodesic"":false,""type"":""Point"",""coordinates"":[38.22375924131808,-3.5945715082182033]}"
00000000000000000764_0,0.16038847576090057,0.29879907,0.03314500000000001,0.041092500000000004,0.073295,0.12735999999999997,0.23590250000000001,0.31163749999999996,0.25251250000000003,333.01594274,3,"{""geodesic"":false,""type"":""Point"",""coordinates"":[38.22483943375541,-3.5948438133818583]}"
00000000000000000765_0,0.15432294222883658,0.2871653,0.03242999999999999,0.04024,0.073625,0.13307999999999998,0.24030250000000003,0.3305025,0.27938,333.23469602,3,"{""geodesic"":false,""type"":""Point"",""coordinates"":[38.224840808285244,-3.5932155112036166]}"
00000000000000000766_0,0.14463127478405208,0.26644874,0.03388749999999999,0.041559999999999986,0.07596249999999999,0.14248500000000003,0.24599500000000002,0.33922,0.2910675,333.231278,3,"{""geodesic"":false,""type"":""Point"",""coordinates"":[38.225651809759746,-3.5924020499359925]}"
00000000000000000767_0,0.157761721657157,0.2890513,0.03204499999999999,0.04024,0.07417499999999999,0.13764500000000002,0.24957000000000001,0.3433725,0.2940925,333.52864574,3,"{""geodesic"":false,""type"":""Point"",""coordinates"":[38.225112057885916,-3.5918588226700763]}"
00000000000000000768_0,0.157761721657157,0.2890513,0.03204499999999999,0.04024,0.07417499999999999,0.13764500000000002,0.24957000000000001,0.3433725,0.2940925,333.52864574,3,"{""geodesic"":false,""type"":""Point"",""coordinates"":[38.225112057885916,-3.5918588226700763]}"
00000000000000000769_0,0.1300442904467463,0.2328578,0.036390000000000006,0.04527249999999999,0.08366249999999997,0.16253250000000002,0.2612025,0.371395,0.32151,333.4534493,3,"{""geodesic"":false,""type"":""Point"",""coordinates"":[38.22538239132207,-3.59158766883802]}"
0000000000000000076a_0,0.14706103540595009,0.26686144,0.03372249999999999,0.041779999999999984,0.07736500000000002,0.14773750000000002,0.25529,0.35203500000000004,0.2993175,333.40901504,3,"{""geodesic"":false,""type"":""Point"",""coordinates"":[38.22484195324797,-3.5918585926769384]}"
0000000000000000076b_0,0.14459745762711862,0.2606286,0.035509999999999986,0.04419999999999999,0.08063749999999997,0.14908500000000002,0.25419,0.3547025,0.2995375,333.40559701999996,3,"{""geodesic"":false,""type"":""Point"",""coordinates"":[38.224302660319054,-3.5907725977390372]}"
0000000000000000076c_0,0.13793375705657096,0.26460585,0.031549999999999995,0.0385625,0.0706,0.13352000000000003,0.229605,0.30523000000000006,0.2637325,334.33529846,3,"{""geodesic"":false,""type"":""Point"",""coordinates"":[38.224303805295484,-3.5894156793133782]}"
0000000000000000076d_0,0.1405516049060543,0.27683312,0.030257499999999993,0.03672,0.06661250000000002,0.12381249999999999,0.218605,0.28796,0.24286000000000002,332.98518056,3,"{""geodesic"":false,""type"":""Point"",""coordinates"":[38.22322338992759,-3.589414758526521]}"
0000000000000000076e_0,0.13540890928163613,0.2641662,0.030092499999999994,0.03768250000000001,0.06842749999999997,0.1295325,0.2225375,0.2884275,0.2451975,334.32162638,3,"{""geodesic"":false,""type"":""Point"",""coordinates"":[38.2243040342385,-3.5891442956233632]}"
0000000000000000076f_0,0.13629836393559008,0.2675896,0.029734999999999984,0.03716,0.06729999999999997,0.1271675,0.22009,0.30336,0.2590025,334.1028731,3,"{""geodesic"":false,""type"":""Point"",""coordinates"":[38.2234939520902,-3.588872221566371]}"
00000000000000000770_0,0.1698181634167735,0.33134365,0.02855250000000001,0.03501499999999999,0.06312000000000001,0.11174,0.22248250000000003,0.28708,0.23920249999999998,333.73714496,3,"{""geodesic"":false,""type"":""Point"",""coordinates"":[38.22349463947959,-3.5880580706386835]}"
00000000000000000771_0,0.15064408789905442,0.29666165,0.029157500000000003,0.035454999999999987,0.06449500000000002,0.1192475,0.2198425,0.2922225,0.247645,334.11654518,3,"{""geodesic"":false,""type"":""Point"",""coordinates"":[38.2232240776607,-3.5886006076609704]}"
00000000000000000772_0,0.13629836393559008,0.2675896,0.029734999999999984,0.03716,0.06729999999999997,0.1271675,0.22009,0.30336,0.2590025,334.1028731,3,"{""geodesic"":false,""type"":""Point"",""coordinates"":[38.2234939520902,-3.588872221566371]}"
00000000000000000773_0,0.14863992020211098,0.2909604,0.0293225,0.036142499999999994,0.06650250000000002,0.12183250000000001,0.22182249999999998,0.302205,0.2605425,333.90462793999995,3,"{""geodesic"":false,""type"":""Point"",""coordinates"":[38.22349441036723,-3.5883294542828725]}"
00000000000000000774_0,0.14920038959406814,0.27339697,0.0351525,0.043429999999999996,0.08116000000000001,0.1388275,0.24330000000000002,0.3312175,0.28075500000000003,333.6243503,3,"{""geodesic"":false,""type"":""Point"",""coordinates"":[38.22537781240024,-3.597015343429585]}"
00000000000000000775_0,0.1523396270669638,0.2842545,0.03237499999999999,0.039057499999999995,0.07357000000000002,0.1349225,0.24209000000000003,0.3366075,0.27993,334.03793071999996,3,"{""geodesic"":false,""type"":""Point"",""coordinates"":[38.22591802479613,-3.5970158036766047]}"
00000000000000000776_0,0.17148076362326553,0.32080424,0.03528999999999999,0.04288,0.07585249999999999,0.11641499999999999,0.22638750000000002,0.2986575,0.242255,333.38850692,3,"{""geodesic"":false,""type"":""Point"",""coordinates"":[38.22510724779366,-3.5975578805741586]}"
00000000000000000777_0,0.17206564701838803,0.32377908,0.03397,0.04200000000000001,0.0744225,0.11501250000000002,0.22515000000000002,0.2910675,0.2307325,333.0432869,3,"{""geodesic"":false,""type"":""Point"",""coordinates"":[38.224837141479455,-3.5975576502151783]}"
00000000000000000778_0,0.18375307966055288,0.34061325,0.03325500000000001,0.041504999999999986,0.07511000000000001,0.11435250000000002,0.2324925,0.28818,0.2268825,332.7698453,3,"{""geodesic"":false,""type"":""Point"",""coordinates"":[38.22456726456849,-3.5972860361173695]}"
00000000000000000779_0,0.16627729469413915,0.3041137,0.03757250000000001,0.046207499999999985,0.08162750000000002,0.12406,0.2324925,0.28587,0.23144750000000003,332.88263996,3,"{""geodesic"":false,""type"":""Point"",""coordinates"":[38.224027052186926,-3.5972855750329646]}"
0000000000000000078c_0,0.1302956709456074,0.23335217,0.04128499999999999,0.0504425,0.08866750000000001,0.15268749999999998,0.2456375,0.34537999999999996,0.30143499999999995,331.10526956,3,"{""geodesic"":false,""type"":""Point"",""coordinates"":[38.252689844598386,-3.5585014356955353]}"
0000000000000000078d_0,0.13195542642786223,0.23052391,0.04032250000000001,0.050937500000000024,0.09350750000000002,0.16467749999999998,0.2633475,0.36608749999999995,0.31614749999999997,330.9412046,3,"{""geodesic"":false,""type"":""Point"",""coordinates"":[38.25377001287382,-3.558773699649518]}"
0000000000000000078e_0,0.14138573069761914,0.25259128,0.040404999999999996,0.0505525,0.08776,0.1452075,0.243355,0.33627750000000006,0.2785275,330.90702439999995,3,"{""geodesic"":false,""type"":""Point"",""coordinates"":[38.253499916110385,-3.55877348019771]}"
0000000000000000078f_0,0.12689059696921082,0.22535145,0.03949749999999999,0.04821500000000001,0.08984999999999999,0.164485,0.260185,0.373705,0.332015,331.32060481999997,3,"{""geodesic"":false,""type"":""Point"",""coordinates"":[38.252150745307226,-3.557144067902985]}"
00000000000000000797_0,0.18510205577338856,0.37739742,0.025499999999999995,0.033585000000000004,0.0632025,0.091665,0.2027925,0.2084025,0.145675,325.84151876,3,"{""geodesic"":false,""type"":""Point"",""coordinates"":[38.278082589491675,-3.553908154922749]}"
00000000000000000798_0,0.18748184195235332,0.3814698,0.023354999999999987,0.032484999999999986,0.061195,0.09207749999999998,0.20565250000000002,0.20488250000000002,0.146225,325.4040122,3,"{""geodesic"":false,""type"":""Point"",""coordinates"":[38.27727272143571,-3.553364744236383]}"
00000000000000000799_0,0.17378554014072897,0.30885363,0.030807499999999988,0.05176249999999999,0.08973999999999999,0.1232625,0.2334275,0.2997025,0.21665250000000003,328.93482686,3,"{""geodesic"":false,""type"":""Point"",""coordinates"":[38.22385006862461,-3.4854751612425616]}"
0000000000000000079a_0,0.1809732900605704,0.33093864,0.028002499999999986,0.045575000000000004,0.08390999999999998,0.11594749999999998,0.23065000000000002,0.2910125,0.20994249999999998,328.31958326,3,"{""geodesic"":false,""type"":""Point"",""coordinates"":[38.22385029105131,-3.4852037769730377]}"
0000000000000000079b_0,0.20187254339089342,0.37194216,0.023354999999999987,0.0415875,0.07736500000000002,0.10613,0.2318325,0.2769875,0.19094,329.00660528000003,3,"{""geodesic"":false,""type"":""Point"",""coordinates"":[38.22439043845212,-3.485204223812187]}"
0000000000000000079c_0,0.19313342329869077,0.33755675,0.032897499999999996,0.05129499999999998,0.08765,0.11894500000000002,0.24016500000000002,0.31543250000000006,0.21888000000000002,327.64965134,3,"{""geodesic"":false,""type"":""Point"",""coordinates"":[38.22277021917763,-3.484931498160454]}"
0000000000000000079d_0,0.1811537661256763,0.3244176,0.02890999999999999,0.048875,0.0865225,0.11965999999999999,0.23458250000000003,0.2964025,0.21071250000000002,327.59496302,3,"{""geodesic"":false,""type"":""Point"",""coordinates"":[38.22222984926731,-3.485202434589578]}"
0000000000000000079e_0,0.21836859969668526,0.38511303,0.033420000000000005,0.04711499999999999,0.08184750000000002,0.10621249999999999,0.2392575,0.30336,0.21002500000000002,326.6686796,3,"{""geodesic"":false,""type"":""Point"",""coordinates"":[38.22061052462566,-3.4838441690846293]}"
0000000000000000079f_0,0.13598047914818107,0.2739164,0.021237499999999992,0.04222000000000001,0.08206750000000002,0.11171249999999999,0.196,0.243355,0.18359750000000002,330.36355921999996,3,"{""geodesic"":false,""type"":""Point"",""coordinates"":[38.225739919614206,-3.486290877105889]}"
000000000000000007a0_0,0.1509303630790485,0.28834072,0.023739999999999983,0.0445575,0.08556000000000002,0.11864249999999998,0.2147825,0.25386000000000003,0.18615500000000001,329.35866134,3,"{""geodesic"":false,""type"":""Point"",""coordinates"":[38.22574036347124,-3.485748108330819]}"
000000000000000007a1_0,0.1913130719067305,0.33236805,0.02995500000000001,0.051624999999999976,0.09114250000000002,0.12219000000000002,0.24385,0.30624750000000006,0.213215,329.34840728,3,"{""geodesic"":false,""type"":""Point"",""coordinates"":[38.225200215586874,-3.485747662199543]}"
000000000000000007a2_0,0.21235801249218103,0.3900414,0.02604999999999999,0.04230249999999999,0.07750249999999997,0.10074,0.2295775,0.272835,0.18962,327.98461729999997,3,"{""geodesic"":false,""type"":""Point"",""coordinates"":[38.22115156311132,-3.482759081188162]}"
000000000000000007a3_0,0.1969972864895744,0.3533873,0.031604999999999994,0.047774999999999984,0.08198499999999997,0.1110525,0.23243750000000002,0.2894175,0.20326,327.34202954,3,"{""geodesic"":false,""type"":""Point"",""coordinates"":[38.22088149030776,-3.482758857032031]}"
000000000000000007a4_0,0.18413009151099333,0.3645823,0.020439999999999986,0.0386175,0.073075,0.09556999999999999,0.20523999999999998,0.2532275,0.1750175,322.02700844000003,3,"{""geodesic"":false,""type"":""Point"",""coordinates"":[38.208726419046705,-3.4849197559260876]}"
000000000000000007a5_0,0.1743475183172913,0.35430235,0.01843249999999999,0.03652749999999999,0.07310250000000001,0.09504750000000001,0.199355,0.23928500000000003,0.16871999999999998,322.23892567999997,3,"{""geodesic"":false,""type"":""Point"",""coordinates"":[38.20845611961585,-3.485190911320599]}"
000000000000000007a6_0,0.17610119314613792,0.32595667,0.025967500000000004,0.047554999999999986,0.08423999999999998,0.11163000000000001,0.21959499999999998,0.2755025,0.1994375,322.61490788000003,3,"{""geodesic"":false,""type"":""Point"",""coordinates"":[38.209537316410895,-3.4841062890532712]}"
000000000000000007a7_0,0.19683329563447183,0.38034728,0.021155000000000007,0.03762750000000001,0.07321250000000001,0.09746749999999998,0.21711999999999998,0.2756125,0.1908575,322.52262134,3,"{""geodesic"":false,""type"":""Point"",""coordinates"":[38.20899717156343,-3.484105833803818]}"
000000000000000007a8_0,0.17793269581721297,0.33911434,0.02599499999999999,0.04425499999999999,0.078685,0.10450749999999998,0.2117575,0.2725875,0.1898125,323.31218395999997,3,"{""geodesic"":false,""type"":""Point"",""coordinates"":[38.20683454717115,-3.4865464581233225]}"
000000000000000007a9_0,0.17120135138982467,0.36897102,0.014995000000000008,0.0325675,0.06441249999999998,0.084845,0.18406499999999998,0.224435,0.15491500000000002,321.66811634,3,"{""geodesic"":false,""type"":""Point"",""coordinates"":[38.20656379176276,-3.4873603789932197]}"
000000000000000007aa_0,0.1622287598845707,0.35607257,0.014389999999999986,0.030725000000000002,0.06424750000000001,0.08611000000000002,0.18134250000000002,0.2134625,0.1489475,321.99282824,3,"{""geodesic"":false,""type"":""Point"",""coordinates"":[38.20602250689005,-3.488716837051446]}"
000000000000000007ab_0,0.14370237397420868,0.28771713,0.024977499999999986,0.04436499999999999,0.08099499999999998,0.10681750000000001,0.19311250000000002,0.235105,0.17015000000000002,322.6525061,3,"{""geodesic"":false,""type"":""Point"",""coordinates"":[38.20602091215837,-3.4906165186090243]}"
000000000000000007ac_0,0.15762850349316526,0.31188282,0.025664999999999993,0.04345750000000001,0.07884999999999998,0.10417749999999998,0.19861250000000003,0.2505875,0.17576000000000003,320.41028498000003,3,"{""geodesic"":false,""type"":""Point"",""coordinates"":[38.20601908853833,-3.4927875831512294]}"
000000000000000007ad_0,0.15879008202833708,0.31087056,0.026324999999999987,0.04607,0.0776675,0.10384749999999998,0.19754,0.2527325,0.17823499999999998,321.96206606,3,"{""geodesic"":false,""type"":""Point"",""coordinates"":[38.206019772529544,-3.4919734339597848]}"
000000000000000007ae_0,0.1675434006261074,0.33983377,0.018927499999999986,0.038012500000000005,0.07219500000000001,0.097495,0.19787,0.25177,0.17279,321.23402780000004,3,"{""geodesic"":false,""type"":""Point"",""coordinates"":[38.20574878574844,-3.4930587370266006]}"
000000000000000007af_0,0.16547009783532562,0.31891128,0.02385000000000001,0.04430999999999999,0.08008749999999998,0.1074775,0.20812750000000002,0.2715975,0.19149,320.58118598,3,"{""geodesic"":false,""type"":""Point"",""coordinates"":[38.20574810131064,-3.4938728861454837]}"
000000000000000007b0_0,0.1746774902880598,0.33828548,0.02437249999999999,0.042935,0.07780500000000001,0.10255500000000001,0.2074125,0.26706,0.1890425,320.37268675999997,3,"{""geodesic"":false,""type"":""Point"",""coordinates"":[38.20574673195358,-3.495501184340444]}"
000000000000000007b1_0,0.17376529225192572,0.33118743,0.025142499999999984,0.04447499999999999,0.07895999999999997,0.10648750000000001,0.21195000000000003,0.279985,0.20031749999999998,321.7638209,3,"{""geodesic"":false,""type"":""Point"",""coordinates"":[38.2052054386989,-3.496857640354967]}"
000000000000000007b2_0,0.16589264784934393,0.29962885,0.031137499999999985,0.052037500000000014,0.08905249999999998,0.12100749999999999,0.224545,0.3014625,0.223445,323.98211588000004,3,"{""geodesic"":false,""type"":""Point"",""coordinates"":[38.204396583603156,-3.4952286535020094]}"
000000000000000007b3_0,0.16687790452049006,0.30525145,0.031192499999999984,0.049699999999999994,0.0871825,0.11867,0.22294999999999998,0.28444,0.2075225,323.4215606,3,"{""geodesic"":false,""type"":""Point"",""coordinates"":[38.20466757303776,-3.4941433513757794]}"
000000000000000007b6_0,0.17853553120916665,0.30705413,0.029267500000000002,0.053549999999999986,0.0982925,0.13228250000000003,0.249515,0.313645,0.23034749999999998,328.89722864,3,"{""geodesic"":false,""type"":""Point"",""coordinates"":[38.209799228027336,-3.4938763165437448]}"
000000000000000007b7_0,0.17687005878775602,0.30635208,0.029927499999999996,0.05332999999999999,0.096835,0.13038499999999997,0.24555500000000002,0.31034500000000004,0.230375,328.49732029999996,3,"{""geodesic"":false,""type"":""Point"",""coordinates"":[38.209800362851404,-3.4925194000022453]}"
000000000000000007b8_0,0.17207931269053434,0.30676994,0.0264625,0.04890249999999999,0.0925725,0.12733250000000002,0.2400275,0.297035,0.21700999999999998,330.37381328000004,3,"{""geodesic"":false,""type"":""Point"",""coordinates"":[38.20980104353296,-3.4917052500583305]}"
000000000000000007b9_0,0.16485863874345555,0.29275814,0.02756249999999999,0.050937500000000024,0.09573500000000001,0.13074249999999998,0.2389825,0.290105,0.21621250000000003,330.20291227999996,3,"{""geodesic"":false,""type"":""Point"",""coordinates"":[38.20980217764739,-3.490348333453459]}"
000000000000000007ba_0,0.1927702443615576,0.33291832,0.034107499999999985,0.05294500000000002,0.09103250000000002,0.12188749999999998,0.24354750000000003,0.3262675,0.23246499999999998,328.72974566,3,"{""geodesic"":false,""type"":""Point"",""coordinates"":[38.211153907096104,-3.4887211713585002]}"
000000000000000007bb_0,0.18611758112817628,0.32021284,0.0354825,0.055365,0.09436,0.12408750000000002,0.24098999999999998,0.33482000000000006,0.2373325,328.75708982000003,3,"{""geodesic"":false,""type"":""Point"",""coordinates"":[38.213314498571684,-3.4887229879244557]}"
000000000000000007bc_0,0.17555340331038571,0.3072566,0.03460250000000001,0.05440250000000002,0.09262749999999997,0.12474750000000001,0.2354075,0.3087775,0.22380250000000002,329.5398164,3,"{""geodesic"":false,""type"":""Point"",""coordinates"":[38.214394343987486,-3.489266661607343]}"
000000000000000007be_0,0.17411424838766065,0.33905,0.0233275,0.04263249999999999,0.07678750000000001,0.10145500000000002,0.20554250000000002,0.251935,0.17724499999999999,320.39661290000004,3,"{""geodesic"":false,""type"":""Point"",""coordinates"":[38.20520452445973,-3.4979431722786325]}"
0000000000000000099b_0,0.13520774427679277,0.27248815,0.032897499999999996,0.0416425,0.07390000000000002,0.11270249999999998,0.1971275,0.23120000000000002,0.1715525,330.98563886,3,"{""geodesic"":false,""type"":""Point"",""coordinates"":[38.271031816305864,-3.5897256638551625]}"
0000000000000000099c_0,0.12938828120804174,0.2711106,0.029734999999999984,0.03886500000000001,0.06983,0.10687249999999998,0.186375,0.21296749999999998,0.16077249999999998,331.22148224,3,"{""geodesic"":false,""type"":""Point"",""coordinates"":[38.27103160111864,-3.5899970504675287]}"
0000000000000000099d_0,0.11426906911905454,0.22226638,0.03729750000000001,0.04642750000000001,0.08129750000000002,0.1321175,0.2076325,0.2540525,0.20433250000000003,327.66674144,3,"{""geodesic"":false,""type"":""Point"",""coordinates"":[38.26941246896983,-3.588096046104554]}"
0000000000000000099e_0,0.13179167884969292,0.25593823,0.036335000000000006,0.04574,0.07681500000000002,0.12252000000000002,0.20680749999999998,0.24627,0.19099500000000003,327.28734122000003,3,"{""geodesic"":false,""type"":""Point"",""coordinates"":[38.2691421470279,-3.5883672159912536]}"
0000000000000000099f_0,0.13160371567704715,0.24767905,0.03776499999999999,0.04648250000000001,0.07951000000000003,0.13431749999999998,0.2227575,0.2803425,0.222895,327.420644,3,"{""geodesic"":false,""type"":""Point"",""coordinates"":[38.267251402863785,-3.5883656972905777]}"
000000000000000009a0_0,0.12932952017794727,0.2384554,0.038754999999999984,0.04794000000000001,0.08399250000000003,0.14298,0.23252,0.30179249999999996,0.2434925,327.57103688,3,"{""geodesic"":false,""type"":""Point"",""coordinates"":[38.266441084183064,-3.588365045217947]}"
000000000000000009a1_0,0.13529937300290562,0.24906388,0.039580000000000004,0.047967499999999996,0.08333249999999998,0.1393775,0.2318325,0.29456,0.2333175,326.88059683999995,3,"{""geodesic"":false,""type"":""Point"",""coordinates"":[38.26590108841453,-3.5880932237928644]}"
000000000000000009a2_0,0.13266262680370952,0.25354835,0.037434999999999996,0.045685,0.07854749999999999,0.1283225,0.2154975,0.2686825,0.21274749999999998,326.68918772,3,"{""geodesic"":false,""type"":""Point"",""coordinates"":[38.264550992126026,-3.5875493622268086]}"
000000000000000009a3_0,0.15043937032151972,0.2869267,0.035454999999999987,0.04419999999999999,0.07469749999999997,0.12004500000000001,0.21665250000000003,0.2604325,0.198585,327.02415368,3,"{""geodesic"":false,""type"":""Point"",""coordinates"":[38.2637406746573,-3.5875487079012247]}"
000000000000000009a4_0,0.13673877599045264,0.26953718,0.030147499999999994,0.040295,0.0739825,0.121255,0.21073999999999998,0.22855999999999999,0.17328500000000002,332.27081438,3,"{""geodesic"":false,""type"":""Point"",""coordinates"":[38.25833484013447,-3.5921578865248183]}"
000000000000000009a6_0,0.16631851012604448,0.32361552,0.031852500000000006,0.04078999999999999,0.0719475,0.10799999999999998,0.211345,0.22746,0.1716625,326.14914056,3,"{""geodesic"":false,""type"":""Point"",""coordinates"":[38.258605165951515,-3.5918867207584158]}"
000000000000000009ab_0,0.1695299780247156,0.32374677,0.033420000000000005,0.04340250000000001,0.073075,0.10945749999999999,0.21426,0.23546250000000002,0.17961,326.84299862,3,"{""geodesic"":false,""type"":""Point"",""coordinates"":[38.25887592934106,-3.591072783157109]}"
000000000000000009ac_0,0.16399297726216505,0.30730042,0.037187499999999984,0.044529999999999986,0.07478000000000001,0.11812,0.22292250000000002,0.26114750000000003,0.19795249999999998,332.01446288,3,"{""geodesic"":false,""type"":""Point"",""coordinates"":[38.25833242929628,-3.5951431304649177]}"
000000000000000009ad_0,0.16194141945174612,0.30081934,0.03751750000000001,0.045630000000000004,0.07687,0.12128250000000002,0.22564499999999998,0.27542,0.20878750000000001,332.57501816,3,"{""geodesic"":false,""type"":""Point"",""coordinates"":[38.258061882895014,-3.5956856816995355]}"
000000000000000009ae_0,0.16812236376805414,0.302734,0.040927500000000006,0.049287499999999984,0.08019749999999998,0.12496750000000001,0.23348249999999998,0.3027825,0.23606749999999999,335.92467776,3,"{""geodesic"":false,""type"":""Point"",""coordinates"":[38.256711343892704,-3.595684578647762]}"
000000000000000009af_0,0.15496346020303564,0.28658694,0.037077499999999985,0.04508000000000001,0.07802500000000001,0.1283225,0.23142000000000001,0.285815,0.22449000000000002,333.13215542,3,"{""geodesic"":false,""type"":""Point"",""coordinates"":[38.257251998633095,-3.595142248638311]}"
000000000000000009b0_0,0.1530026240997997,0.27721775,0.04144999999999999,0.050167499999999976,0.08132499999999998,0.13085249999999998,0.23122750000000003,0.311445,0.24681999999999998,335.8289732,3,"{""geodesic"":false,""type"":""Point"",""coordinates"":[38.256981451659804,-3.595684799418564]}"
000000000000000009b1_0,0.15573041846376715,0.28428587,0.03886500000000001,0.046729999999999994,0.07915250000000001,0.13099,0.23504999999999998,0.3081175,0.2425025,334.53354362,3,"{""geodesic"":false,""type"":""Point"",""coordinates"":[38.25725068086438,-3.596770563031253]}"
000000000000000009b2_0,0.1576604632236312,0.2866624,0.03914000000000001,0.0477475,0.07951000000000003,0.12991750000000002,0.23433500000000002,0.30451500000000004,0.2341975,332.29815854000003,3,"{""geodesic"":false,""type"":""Point"",""coordinates"":[38.25779045805066,-3.5973137758232934]}"
000000000000000009b5_0,0.1772360155548908,0.34041524,0.0321275,0.03991,0.07029750000000001,0.10733999999999999,0.21813749999999998,0.23537999999999998,0.1743575,331.17704798,3,"{""geodesic"":false,""type"":""Point"",""coordinates"":[38.257793310814954,-3.5937857608395576]}"
000000000000000009b7_0,0.16720669519865547,0.32106346,0.03152250000000001,0.040624999999999994,0.07241500000000001,0.11223499999999997,0.218385,0.2320525,0.17312,331.32402284,3,"{""geodesic"":false,""type"":""Point"",""coordinates"":[38.2577937494517,-3.593242989279164]}"
000000000000000009b8_0,0.1435891779996776,0.2754822,0.03584000000000001,0.043897500000000006,0.0723875,0.12241000000000002,0.2154975,0.296705,0.23807499999999998,323.73260042,3,"{""geodesic"":false,""type"":""Point"",""coordinates"":[38.21117307732982,-3.4656535746852164]}"
000000000000000009b9_0,0.11946884235940561,0.23043795,0.037325,0.04664750000000001,0.07931749999999999,0.1317875,0.21071250000000002,0.3148825,0.25914,324.17010698,3,"{""geodesic"":false,""type"":""Point"",""coordinates"":[38.2130642215214,-3.4648410028657994]}"
000000000000000009ba_0,0.13518111281689554,0.24692021,0.04100999999999999,0.05187249999999999,0.08624749999999998,0.1366275,0.2262225,0.33787249999999996,0.271625,323.84539508,3,"{""geodesic"":false,""type"":""Point"",""coordinates"":[38.212523638447536,-3.465383319447502]}"
000000000000000009bb_0,0.1255110035450265,0.23216195,0.03658249999999999,0.046207499999999985,0.0816,0.14716,0.23615000000000003,0.331135,0.2726425,324.64521176,3,"{""geodesic"":false,""type"":""Point"",""coordinates"":[38.211983279315774,-3.465654251962484]}"
000000000000000009bc_0,0.13093618973273563,0.24714151,0.03647249999999999,0.0446675,0.07706249999999998,0.13629750000000002,0.2257825,0.31122500000000003,0.25727,324.07440241999996,3,"{""geodesic"":false,""type"":""Point"",""coordinates"":[38.21198283018296,-3.4661970191801457]}"
000000000000000009bd_0,0.12058378917512122,0.2263826,0.03617000000000001,0.04513500000000001,0.07940000000000003,0.1454275,0.23054000000000002,0.32868749999999997,0.2691775,324.09491054,3,"{""geodesic"":false,""type"":""Point"",""coordinates"":[38.211982605590016,-3.4664684027866173]}"
00000000000000000a83_0,0.09893517381855216,0.2469207,0.009302499999999991,0.024867499999999987,0.06477,0.09125250000000001,0.15109250000000002,0.15508,0.11954999999999999,326.94895724,3,"{""geodesic"":false,""type"":""Point"",""coordinates"":[38.29836642026473,-3.5186433178360876]}"
00000000000000000a84_0,0.2620350433597377,0.5973513,6.12499999999988E-4,0.013069999999999998,0.043649999999999994,0.049177499999999985,0.1950925,0.13792,0.08762249999999999,325.08955435999997,3,"{""geodesic"":false,""type"":""Point"",""coordinates"":[38.299176683811304,-3.518643929413778]}"
00000000000000000a85_0,0.2766668883168204,0.5673216,0.004819999999999991,0.018707499999999988,0.05288999999999999,0.061085,0.22127249999999998,0.164815,0.10393000000000002,326.88743288,3,"{""geodesic"":false,""type"":""Point"",""coordinates"":[38.299446366286666,-3.519186910556493]}"
00000000000000000a86_0,0.24986625396461462,0.5114619,0.011309999999999987,0.024730000000000002,0.05775750000000002,0.0687025,0.212555,0.16399000000000002,0.1043425,326.16964868,3,"{""geodesic"":false,""type"":""Point"",""coordinates"":[38.299716859587726,-3.5186443367397198]}"
00000000000000000a87_0,0.28167683675589894,0.5766472,0.005865000000000009,0.017304999999999987,0.05382500000000001,0.06020500000000001,0.224215,0.1555475,0.09966750000000002,325.92696925999996,3,"{""geodesic"":false,""type"":""Point"",""coordinates"":[38.2997170621885,-3.518372948001341]}"
00000000000000000a88_0,0.2690734692676611,0.55159336,0.014912499999999995,0.023767499999999997,0.0507725,0.06133250000000001,0.212225,0.16646500000000003,0.10854999999999998,327.03782576000003,3,"{""geodesic"":false,""type"":""Point"",""coordinates"":[38.30349789025839,-3.518918568185451]}"
00000000000000000a89_0,0.2572979778110001,0.5478221,0.012300000000000005,0.021540000000000004,0.04967250000000001,0.05937999999999999,0.20326,0.1642925,0.10448000000000002,325.71847004,3,"{""geodesic"":false,""type"":""Point"",""coordinates"":[38.30376797846782,-3.5189187706472653]}"
00000000000000000a8a_0,0.2559263248386874,0.5394403,0.014197500000000002,0.0235475,0.04986499999999999,0.060809999999999975,0.20326,0.16165249999999998,0.10786249999999997,325.50997082000004,3,"{""geodesic"":false,""type"":""Point"",""coordinates"":[38.30376817991236,-3.518647381675059]}"
00000000000000000a8b_0,0.23618993567915259,0.47860256,0.018240000000000006,0.027645000000000003,0.056684999999999985,0.07480749999999997,0.2121425,0.210795,0.14067000000000002,326.9592113,3,"{""geodesic"":false,""type"":""Point"",""coordinates"":[38.30376757553184,-3.519461548586898]}"
00000000000000000a8c_0,0.271103681456716,0.52354896,0.016589999999999994,0.027315000000000006,0.058087500000000014,0.0718375,0.229715,0.1714425,0.11349999999999999,326.3439677,3,"{""geodesic"":false,""type"":""Point"",""coordinates"":[38.291347011020065,-3.5148385522901533]}"
00000000000000000a8d_0,0.26900595716073117,0.52198905,0.014444999999999986,0.025829999999999992,0.05847249999999998,0.07255250000000002,0.23100749999999998,0.1846425,0.12224499999999999,326.75754812,3,"{""geodesic"":false,""type"":""Point"",""coordinates"":[38.291887797576244,-3.514024798813722]}"
00000000000000000a8e_0,0.29985484008690605,0.58003885,0.013097499999999984,0.022007499999999985,0.05561250000000001,0.06292750000000003,0.236755,0.1596725,0.10648750000000001,327.13353032,3,"{""geodesic"":false,""type"":""Point"",""coordinates"":[38.29107733444748,-3.5142955699465177]}"
00000000000000000a8f_0,0.2860006460071062,0.55362743,0.014279999999999987,0.024730000000000002,0.05588749999999998,0.06674999999999998,0.23232750000000002,0.16509000000000001,0.10508499999999998,326.57981108,3,"{""geodesic"":false,""type"":""Point"",""coordinates"":[38.29107712958552,-3.51456695820199]}"
00000000000000000a90_0,0.2552197594371739,0.4862824,0.021705000000000002,0.03242999999999999,0.06257000000000001,0.07840999999999998,0.22685500000000003,0.20658749999999998,0.13162249999999998,326.48752454,3,"{""geodesic"":false,""type"":""Point"",""coordinates"":[38.296483732161136,-3.5080577334811336]}"
00000000000000000a91_0,0.2634068961678679,0.49375972,0.022832500000000006,0.031247499999999984,0.062460000000000016,0.08006000000000002,0.2362325,0.20304,0.13690249999999998,325.99874768,3,"{""geodesic"":false,""type"":""Point"",""coordinates"":[38.29675341110551,-3.5086007146008646]}"
00000000000000000a99_0,0.1769808658116466,0.2985044,0.042660000000000003,0.0567125,0.09900750000000003,0.13778249999999997,0.2550425,0.3269825,0.26887500000000003,331.180466,3,"{""geodesic"":false,""type"":""Point"",""coordinates"":[38.21997776802543,-3.59456827296372]}"
00000000000000000a9a_0,0.1827285787497165,0.3032089,0.043842500000000006,0.059352499999999975,0.10027249999999999,0.13745249999999998,0.2570775,0.299345,0.2389,330.91044242,3,"{""geodesic"":false,""type"":""Point"",""coordinates"":[38.21970789355235,-3.5942966579108666]}"
00000000000000000a9b_0,0.2618161255360257,0.47026777,0.03058749999999999,0.03949749999999999,0.06851000000000002,0.08605499999999999,0.23884500000000003,0.23859750000000002,0.1739175,331.15312184,3,"{""geodesic"":false,""type"":""Point"",""coordinates"":[38.21997822911011,-3.594025506203466]}"
00000000000000000a9c_0,0.18100344563881798,0.31273323,0.0418075,0.054237499999999994,0.09108749999999999,0.127305,0.2431625,0.33498500000000003,0.27503500000000003,331.61797256,3,"{""geodesic"":false,""type"":""Point"",""coordinates"":[38.21970835476161,-3.593753891182426]}"
00000000000000000a9d_0,0.22532120739525055,0.3922483,0.03762750000000001,0.048187499999999994,0.08083000000000001,0.10588249999999999,0.24255749999999998,0.271075,0.20590000000000003,331.14286777999996,3,"{""geodesic"":false,""type"":""Point"",""coordinates"":[38.21970812416574,-3.594025274547461]}"
00000000000000000a9e_0,0.13073442952580083,0.23330122,0.036995,0.046207499999999985,0.085835,0.162175,0.2608725,0.3735675,0.325965,333.03645086,3,"{""geodesic"":false,""type"":""Point"",""coordinates"":[38.225112973223716,-3.5907732877497334]}"
00000000000000000a9f_0,0.14338744275912432,0.2603493,0.035674999999999985,0.043594999999999995,0.07898749999999999,0.14727,0.25094500000000003,0.349945,0.296485,333.53548178,3,"{""geodesic"":false,""type"":""Point"",""coordinates"":[38.2243031183619,-3.590229830373658]}"
00000000000000000aa0_0,0.1365464681391574,0.26126003,0.031797500000000006,0.0386725,0.07189250000000003,0.13541750000000002,0.23120000000000002,0.30289249999999995,0.26266,334.60874006,3,"{""geodesic"":false,""type"":""Point"",""coordinates"":[38.22403347238721,-3.5896868329077347]}"
00000000000000000aa1_0,0.14188779741021884,0.27424294,0.03064249999999999,0.037325,0.0689225,0.12950499999999998,0.2273775,0.29263500000000003,0.2514675,332.80744352,3,"{""geodesic"":false,""type"":""Point"",""coordinates"":[38.223763368456815,-3.5896866027336154]}"
00000000000000000aa2_0,0.14839537661834507,0.28647012,0.031384999999999996,0.037215,0.06812499999999999,0.12593,0.2270475,0.28675,0.24643500000000002,334.25326598000004,3,"{""geodesic"":false,""type"":""Point"",""coordinates"":[38.2261956746116,-3.588060368531387]}"
00000000000000000aa3_0,0.1803728479181691,0.30020946,0.046564999999999995,0.05830750000000001,0.08993250000000003,0.1394875,0.2591675,0.37186250000000004,0.27597,329.82351206,3,"{""geodesic"":false,""type"":""Point"",""coordinates"":[38.19923020280037,-3.5362030283644326]}"
00000000000000000aa4_0,0.17657086191494775,0.29013816,0.04956250000000001,0.06072749999999999,0.09326000000000001,0.14495999999999998,0.2634575,0.37992,0.2845225,329.9157986,3,"{""geodesic"":false,""type"":""Point"",""coordinates"":[38.199500056765146,-3.5364746446565003]}"
00000000000000000aa5_0,0.17343089245410617,0.28721702,0.049232499999999985,0.0595175,0.09265499999999999,0.14526250000000002,0.26233,0.38118500000000005,0.2869975,329.85769226,3,"{""geodesic"":false,""type"":""Point"",""coordinates"":[38.19922996995226,-3.536474410721878]}"
00000000000000000aa6_0,0.171721130762824,0.2843324,0.049095,0.06009500000000001,0.09295750000000003,0.145565,0.26123,0.38575,0.29423,329.88845444000003,3,"{""geodesic"":false,""type"":""Point"",""coordinates"":[38.19896011608399,-3.5362027943689163]}"
00000000000000000aa7_0,0.17959042513771897,0.2971684,0.04857249999999999,0.059077500000000005,0.09232499999999999,0.1418525,0.2618075,0.375245,0.28807,328.23413275999997,3,"{""geodesic"":false,""type"":""Point"",""coordinates"":[38.19977060896019,-3.535932113723763]}"
00000000000000000aa8_0,0.18071546559502977,0.30396974,0.04447499999999999,0.05561250000000001,0.08831,0.13846999999999998,0.259415,0.3730725,0.2740175,329.42702174,3,"{""geodesic"":false,""type"":""Point"",""coordinates"":[38.2003110148599,-3.5356611986940107]}"
00000000000000000aa9_0,0.1649266766868425,0.28224736,0.04425499999999999,0.055062500000000014,0.08721000000000001,0.1419625,0.2536125,0.37948,0.28774,328.15893632,3,"{""geodesic"":false,""type"":""Point"",""coordinates"":[38.199500987735675,-3.5353891151451107]}"
00000000000000000aaa_0,0.1657243045535384,0.28198174,0.046235,0.05839,0.08886,0.13833250000000002,0.246985,0.36762750000000005,0.2737425,329.67995522,3,"{""geodesic"":false,""type"":""Point"",""coordinates"":[38.198960814755935,-3.535388647340959]}"
00000000000000000aab_0,0.171031689818094,0.29226348,0.04582249999999999,0.055942500000000006,0.08767750000000002,0.13668249999999998,0.24957000000000001,0.36573000000000006,0.27795000000000003,329.95681484,3,"{""geodesic"":false,""type"":""Point"",""coordinates"":[38.19869072829305,-3.5353884133205766]}"
00000000000000000aac_0,0.17883563579538841,0.29866296,0.0478575,0.05822499999999997,0.090895,0.1389375,0.25727,0.37862750000000006,0.2832575,329.96706889999996,3,"{""geodesic"":false,""type"":""Point"",""coordinates"":[38.19869049534189,-3.5356597956468256]}"
00000000000000000aad_0,0.17455414629219723,0.29251343,0.04821500000000001,0.059462499999999974,0.091005,0.1379475,0.2520175,0.3751625,0.2811125,329.70388135999997,3,"{""geodesic"":false,""type"":""Point"",""coordinates"":[38.19896058188328,-3.5356600296852156]}"
00000000000000000aae_0,0.17598958075737342,0.29495987,0.045795,0.05756499999999998,0.0897675,0.14034000000000002,0.257765,0.3798925,0.278995,329.94314276,3,"{""geodesic"":false,""type"":""Point"",""coordinates"":[38.198690262372736,-3.535931177971471]}"
00000000000000000aaf_0,0.1758195399161228,0.29984033,0.04408999999999999,0.05467749999999999,0.08586250000000001,0.13649,0.2533925,0.3756025,0.28378000000000003,329.84402018000003,3,"{""geodesic"":false,""type"":""Point"",""coordinates"":[38.19869119414139,-3.5348456486632656]}"
00000000000000000ab0_0,0.1758195399161228,0.29984033,0.04408999999999999,0.05467749999999999,0.08586250000000001,0.13649,0.2533925,0.3756025,0.28378000000000003,329.84402018000003,3,"{""geodesic"":false,""type"":""Point"",""coordinates"":[38.19869119414139,-3.5348456486632656]}"
00000000000000000ab1_0,0.1746055547225138,0.30092144,0.04299,0.053605000000000014,0.08586250000000001,0.133905,0.249185,0.36529000000000006,0.2806725,329.76882374,3,"{""geodesic"":false,""type"":""Point"",""coordinates"":[38.19869142703857,-3.5345742663322044]}"
00000000000000000ab2_0,0.16107324102003814,0.25931162,0.04937,0.06584250000000003,0.10670750000000001,0.15981,0.2717075,0.41121500000000005,0.31034500000000004,327.91283888,3,"{""geodesic"":false,""type"":""Point"",""coordinates"":[38.180853371721284,-3.5486704667953415]}"
00000000000000000ab3_0,0.15726280777187365,0.25693285,0.05113000000000001,0.0654575,0.1043425,0.1541725,0.26079,0.41192999999999996,0.3202725,328.64429515999996,3,"{""geodesic"":false,""type"":""Point"",""coordinates"":[38.18031391100715,-3.5478558432664427]}"
00000000000000000ab4_0,0.1742325319404972,0.28557348,0.051460000000000006,0.06457750000000001,0.09669749999999999,0.14045000000000002,0.2527325,0.406815,0.3105925,329.09205578,3,"{""geodesic"":false,""type"":""Point"",""coordinates"":[38.180585194857905,-3.5464991783134066]}"
00000000000000000ab5_0,0.17423765781636674,0.28978944,0.04879249999999999,0.06067250000000002,0.09353499999999998,0.1399825,0.2542175,0.38894,0.296815,329.20826846,3,"{""geodesic"":false,""type"":""Point"",""coordinates"":[38.18058567273237,-3.545956416228567]}"
00000000000000000ab6_0,0.17105286212394644,0.28634185,0.051102499999999995,0.06328499999999998,0.09438750000000001,0.1338225,0.24120999999999998,0.3745025,0.29431250000000003,328.64087714,3,"{""geodesic"":false,""type"":""Point"",""coordinates"":[38.18004525708265,-3.546227316951955]}"
00000000000000000ab7_0,0.1845286831698691,0.30775276,0.04840749999999999,0.060699999999999976,0.0932325,0.13104500000000002,0.24756250000000002,0.36157750000000005,0.270745,328.8733025,3,"{""geodesic"":false,""type"":""Point"",""coordinates"":[38.18004549616815,-3.5459559359455777]}"
00000000000000000ab8_0,0.17829000042138976,0.3030901,0.0442275,0.056162500000000004,0.08924500000000002,0.13376749999999998,0.25012,0.3861075,0.2944775,328.65454922000004,3,"{""geodesic"":false,""type"":""Point"",""coordinates"":[38.18004597428391,-3.545413173927994]}"
00000000000000000b56_0,0.14555666863596275,0.26298395,0.042330000000000007,0.053962500000000024,0.08787,0.1310175,0.22451749999999998,0.34417000000000003,0.29755750000000003,333.65169446,3,"{""geodesic"":false,""type"":""Point"",""coordinates"":[38.211082444097556,-3.573392721730542]}"
00000000000000000b57_0,0.14024524238561947,0.2556984,0.0412575,0.05566749999999998,0.08993250000000003,0.12771749999999998,0.21547,0.33737750000000005,0.2741825,332.70148489999997,3,"{""geodesic"":false,""type"":""Point"",""coordinates"":[38.20919175626423,-3.573391089377691]}"
00000000000000000b58_0,0.15006347862886155,0.2639464,0.041724999999999984,0.056630000000000014,0.09587250000000003,0.13596750000000002,0.23348249999999998,0.3369925,0.28147,332.81769757999996,3,"{""geodesic"":false,""type"":""Point"",""coordinates"":[38.21000135447633,-3.574205937985762]}"
00000000000000000b59_0,0.1488321564367192,0.259535,0.043952500000000005,0.05742750000000002,0.09584500000000001,0.139735,0.23769,0.33949500000000005,0.281305,332.92023817999996,3,"{""geodesic"":false,""type"":""Point"",""coordinates"":[38.21000065784948,-3.5750200865211186]}"
00000000000000000b5a_0,0.16060684201478426,0.27661923,0.0447775,0.05915999999999999,0.09611999999999998,0.1343725,0.23714000000000002,0.3386425,0.2735225,333.30989246,3,"{""geodesic"":false,""type"":""Point"",""coordinates"":[38.210000193342864,-3.575562852203247]}"
00000000000000000b5b_0,0.14222449327201497,0.24842788,0.04642750000000001,0.05998500000000001,0.09650500000000001,0.1389375,0.23078749999999998,0.34012749999999997,0.284935,333.2996384,3,"{""geodesic"":false,""type"":""Point"",""coordinates"":[38.210810722110665,-3.575292169076332]}"
00000000000000000b5c_0,0.1323046618516087,0.24471432,0.03971749999999999,0.049479999999999996,0.084515,0.13682,0.22548,0.36179750000000005,0.32387499999999997,333.41585108,3,"{""geodesic"":false,""type"":""Point"",""coordinates"":[38.21189134938837,-3.5750217179447246]}"
00000000000000000b5d_0,0.15330498032513212,0.26185465,0.04430999999999999,0.0563825,0.0962575,0.1494975,0.255565,0.36141249999999997,0.31768749999999996,332.43146132,3,"{""geodesic"":false,""type"":""Point"",""coordinates"":[38.212701414577204,-3.5752937989490405]}"
00000000000000000b5e_0,0.15877342981999623,0.2720733,0.04642750000000001,0.05748249999999999,0.09493750000000001,0.1414125,0.24712250000000002,0.34769,0.3056975,332.4964037,3,"{""geodesic"":false,""type"":""Point"",""coordinates"":[38.213241149947336,-3.575837030013264]}"
00000000000000000b5f_0,0.16061176004751532,0.28851828,0.038534999999999986,0.048600000000000004,0.0811325,0.132035,0.23912,0.3450775,0.283505,331.13944976,3,"{""geodesic"":false,""type"":""Point"",""coordinates"":[38.21297058791014,-3.5763795636000757]}"
00000000000000000b60_0,0.13544158789286245,0.24134623,0.04035,0.05104750000000002,0.08891500000000002,0.15023999999999998,0.24583,0.37684,0.3310525,332.51691182,3,"{""geodesic"":false,""type"":""Point"",""coordinates"":[38.21296989347832,-3.577193712681393]}"
00000000000000000b61_0,0.1422721624170921,0.24672933,0.041037500000000005,0.05129499999999998,0.09227000000000002,0.1595625,0.26409,0.3861075,0.3312175,332.034971,3,"{""geodesic"":false,""type"":""Point"",""coordinates"":[38.21269886745357,-3.5782790120525703]}"
00000000000000000b62_0,0.14678466076696164,0.2649713,0.03814999999999999,0.04681250000000001,0.08140750000000002,0.14234750000000002,0.24497750000000001,0.3693325,0.3202725,332.8382057,3,"{""geodesic"":false,""type"":""Point"",""coordinates"":[38.206756908230794,-3.578002489525165]}"
00000000000000000b63_0,0.1452867448514891,0.257141,0.042027499999999995,0.05275249999999998,0.08891500000000002,0.1432,0.24233749999999998,0.366775,0.31471750000000004,333.7781612,3,"{""geodesic"":false,""type"":""Point"",""coordinates"":[38.20729757346007,-3.577460193054132]}"
00000000000000000b64_0,0.15568150879885156,0.27414286,0.043375,0.053192499999999976,0.08957500000000002,0.1373975,0.24118250000000002,0.35137500000000005,0.296375,332.45880548,3,"{""geodesic"":false,""type"":""Point"",""coordinates"":[38.20783847104011,-3.576646513424924]}"
00000000000000000b65_0,0.16239090841663711,0.2882208,0.040514999999999995,0.0502225,0.08533999999999997,0.1338225,0.24220000000000003,0.3394675,0.288565,332.59210826000003,3,"{""geodesic"":false,""type"":""Point"",""coordinates"":[38.207568605033416,-3.5763748966267555]}"
00000000000000000b66_0,0.14246597087186003,0.25561526,0.040212499999999984,0.04967250000000001,0.085945,0.14375,0.242475,0.36969,0.3170825,333.1629176,3,"{""geodesic"":false,""type"":""Point"",""coordinates"":[38.20702887349646,-3.575831662893077]}"
00000000000000000b67_0,0.14344038770199305,0.2506033,0.042027499999999995,0.05283500000000002,0.09125250000000001,0.151395,0.25265,0.36859000000000003,0.3108675,332.83136966,3,"{""geodesic"":false,""type"":""Point"",""coordinates"":[38.20702933978521,-3.575288897605585]}"
00000000000000000b68_0,0.1461022361704303,0.25752926,0.041037500000000005,0.05132249999999999,0.0891075,0.14727,0.2494325,0.3616875,0.3177975,332.61261637999996,3,"{""geodesic"":false,""type"":""Point"",""coordinates"":[38.20648937587113,-3.57501704636588]}"
00000000000000000b69_0,0.14209045195220596,0.24992315,0.04111999999999999,0.05080000000000001,0.0882,0.1525225,0.2541625,0.3665825,0.3072925,332.35626488,3,"{""geodesic"":false,""type"":""Point"",""coordinates"":[38.206489609129726,-3.5747456637537387]}"
00000000000000000b6a_0,0.1440503716267571,0.254352,0.04246749999999999,0.05286249999999998,0.08842,0.14515250000000002,0.24418,0.375905,0.324205,332.62970648,3,"{""geodesic"":false,""type"":""Point"",""coordinates"":[38.20730037045344,-3.574203601134804]}"
00000000000000000b6b_0,0.14424341974117516,0.25517428,0.042440000000000005,0.052202499999999985,0.08913500000000002,0.1452075,0.2447025,0.37244000000000005,0.32054750000000004,329.5056362,3,"{""geodesic"":false,""type"":""Point"",""coordinates"":[38.207570701663414,-3.573932452490427]}"
00000000000000000b6c_0,0.13351914423181724,0.23815234,0.041669999999999985,0.05124000000000001,0.0872925,0.15087250000000002,0.2451975,0.388005,0.33649750000000006,329.51247223999997,3,"{""geodesic"":false,""type"":""Point"",""coordinates"":[38.20703097123479,-3.573389219048281]}"
00000000000000000b6d_0,0.13554570654471987,0.24004084,0.0417525,0.052559999999999996,0.08957500000000002,0.1507075,0.24591249999999998,0.3720275,0.3269825,329.5056362,3,"{""geodesic"":false,""type"":""Point"",""coordinates"":[38.20757140021973,-3.573118304415797]}"
00000000000000000b6e_0,0.1369995487073689,0.23629908,0.046674999999999994,0.05932500000000002,0.09878749999999997,0.15109250000000002,0.2445925,0.3737875,0.31719250000000004,333.07063106,3,"{""geodesic"":false,""type"":""Point"",""coordinates"":[38.20810996717999,-3.5750184511893672]}"
00000000000000000b6f_0,0.14707519119774853,0.24695404,0.04705999999999999,0.061085,0.10349000000000003,0.15513500000000002,0.25688500000000003,0.35142999999999996,0.29150750000000003,333.30989246,3,"{""geodesic"":false,""type"":""Point"",""coordinates"":[38.20810787133862,-3.577460895587805]}"
00000000000000000b70_0,0.16423468021322,0.2781976,0.04884749999999999,0.06166250000000001,0.09710999999999997,0.13563750000000002,0.24019250000000003,0.34342750000000005,0.2692325,330.43191962000003,3,"{""geodesic"":false,""type"":""Point"",""coordinates"":[38.21108684532231,-3.5682364458936124]}"
00000000000000000b71_0,0.14562531597573317,0.24026516,0.051734999999999975,0.06438500000000003,0.1054425,0.16030499999999998,0.2616975,0.3903975,0.33146499999999995,333.55940792,3,"{""geodesic"":false,""type"":""Point"",""coordinates"":[38.210546420080306,-3.568507363497652]}"
00000000000000000b72_0,0.1808149260865112,0.30003798,0.044639999999999985,0.060919999999999974,0.09653250000000002,0.1359125,0.25243,0.380635,0.2801775,330.6506729,3,"{""geodesic"":false,""type"":""Point"",""coordinates"":[38.21135786759043,-3.56715114653058]}"
00000000000000000b73_0,0.1948090845299424,0.3189817,0.0446675,0.060535000000000005,0.09680749999999999,0.13365749999999998,0.258865,0.37606999999999996,0.27982,330.71561528,3,"{""geodesic"":false,""type"":""Point"",""coordinates"":[38.21135809890658,-3.5668797635513987]}"
00000000000000000b74_0,0.18068728104109258,0.29706553,0.05003000000000002,0.06391750000000002,0.09785250000000001,0.1352525,0.24957000000000001,0.377225,0.27718,331.71025910000003,3,"{""geodesic"":false,""type"":""Point"",""coordinates"":[38.21108939047633,-3.565251233299849]}"
00000000000000000b75_0,0.18808604522890238,0.31044406,0.04840749999999999,0.059902500000000025,0.097275,0.13539,0.2572975,0.35690249999999996,0.28994000000000003,331.97344664,3,"{""geodesic"":false,""type"":""Point"",""coordinates"":[38.21054989285481,-3.5644366195595123]}"
00000000000000000b76_0,0.19263657751039584,0.32388142,0.042715,0.05731750000000002,0.09048250000000002,0.1273875,0.2494325,0.3686175,0.26332,330.56180438,3,"{""geodesic"":false,""type"":""Point"",""coordinates"":[38.21189852296037,-3.5666088451941573]}"
00000000000000000b77_0,0.1968108732344319,0.32872027,0.04593249999999999,0.05932500000000002,0.09180250000000001,0.12441750000000001,0.24627,0.35803,0.26354,330.46609981999995,3,"{""geodesic"":false,""type"":""Point"",""coordinates"":[38.21162750159062,-3.567694144906547]}"
00000000000000000b78_0,0.2152400241623138,0.36189714,0.04279749999999999,0.05437500000000001,0.08940999999999999,0.11748750000000002,0.2507525,0.33039250000000003,0.256225,329.66286512,3,"{""geodesic"":false,""type"":""Point"",""coordinates"":[38.21054502985352,-3.570135660970951]}"
00000000000000000b79_0,0.16322692020303523,0.28294837,0.041917499999999996,0.05742750000000002,0.09658749999999999,0.1324475,0.236975,0.2961275,0.2378,334.09603705999996,3,"{""geodesic"":false,""type"":""Point"",""coordinates"":[38.21027516435362,-3.5698640451799633]}"
00000000000000000b7a_0,0.1734622451658063,0.29768282,0.04351250000000001,0.05839,0.09447,0.128625,0.2376625,0.33160249999999997,0.252265,329.99783107999997,3,"{""geodesic"":false,""type"":""Point"",""coordinates"":[38.21027446881624,-3.570678193846367]}"
00000000000000000b7b_0,0.16745390014143519,0.2992478,0.04032250000000001,0.05418250000000002,0.08726499999999998,0.12122749999999999,0.224765,0.319255,0.24591249999999998,334.69419056,3,"{""geodesic"":false,""type"":""Point"",""coordinates"":[38.21135485886864,-3.5706791251126515]}"
00000000000000000b7c_0,0.17752964352009698,0.34414876,0.03454750000000001,0.04519000000000001,0.07390000000000002,0.09823749999999998,0.201335,0.2583975,0.193965,334.56772381999997,3,"{""geodesic"":false,""type"":""Point"",""coordinates"":[38.21162518789317,-3.5704079747542092]}"
00000000000000000b7d_0,0.1855091989117027,0.3265939,0.03792999999999999,0.05154249999999999,0.08591749999999998,0.1202375,0.236865,0.32010750000000004,0.24195250000000001,334.22933983999997,3,"{""geodesic"":false,""type"":""Point"",""coordinates"":[38.21216561419339,-3.5701370567017245]}"
00000000000000000b7e_0,0.16062234647542478,0.29178557,0.036500000000000005,0.050992499999999996,0.08833750000000001,0.1234825,0.2252325,0.31524,0.2500375,334.00375052,3,"{""geodesic"":false,""type"":""Point"",""coordinates"":[38.210544102681055,-3.5712211925874295]}"
00000000000000000b7f_0,0.16023442858033532,0.28949487,0.03919500000000001,0.054017499999999996,0.0874025,0.12142000000000003,0.22036499999999998,0.325305,0.2503675,330.72928736,3,"{""geodesic"":false,""type"":""Point"",""coordinates"":[38.2108144320843,-3.5709500425598826]}"
00000000000000000b80_0,0.17177252329996548,0.30671337,0.03465750000000001,0.05096499999999998,0.0898775,0.12373,0.2332075,0.2955225,0.234995,333.7268909,3,"{""geodesic"":false,""type"":""Point"",""coordinates"":[38.21054363898844,-3.571763958385949]}"
00000000000000000b81_0,0.14905775075987848,0.25098014,0.04846249999999999,0.06149749999999998,0.10071249999999998,0.1509275,0.25207250000000003,0.3661425,0.3276425,332.57160014,3,"{""geodesic"":false,""type"":""Point"",""coordinates"":[38.214861052686196,-3.5766525726531295]}"
00000000000000000b82_0,0.17403815500260075,0.29027086,0.049947500000000006,0.06020500000000001,0.09732999999999997,0.1394875,0.253585,0.36427250000000005,0.31485500000000005,332.40069914000003,3,"{""geodesic"":false,""type"":""Point"",""coordinates"":[38.214321315780865,-3.5761093422378925]}"
00000000000000000b83_0,0.16735446264728113,0.2838024,0.04637250000000001,0.057867500000000016,0.0948,0.1398725,0.25072500000000003,0.3558575,0.306,332.33233873999995,3,"{""geodesic"":false,""type"":""Point"",""coordinates"":[38.21405121645979,-3.5761091100638245]}"
00000000000000000b84_0,0.13954602851013986,0.23893648,0.04538249999999999,0.05575000000000002,0.09699999999999998,0.16069,0.26158750000000003,0.3692775,0.3267625,331.49492383999996,3,"{""geodesic"":false,""type"":""Point"",""coordinates"":[38.21540148251433,-3.5763816533256567]}"
00000000000000000b85_0,0.1557431021745415,0.2711536,0.042192499999999994,0.05305500000000002,0.09001500000000001,0.14336500000000002,0.2500375,0.3479925,0.30080250000000003,332.6502146,3,"{""geodesic"":false,""type"":""Point"",""coordinates"":[38.2154019439512,-3.5758388869453963]}"
00000000000000000b86_0,0.16361357736346543,0.2800618,0.044694999999999985,0.05544749999999998,0.0937,0.14212750000000002,0.252705,0.3563525,0.3175775,332.40069914000003,3,"{""geodesic"":false,""type"":""Point"",""coordinates"":[38.213241612584014,-3.5752942639090786]}"
00000000000000000b87_0,0.17004909983633387,0.29196578,0.04321,0.05387999999999998,0.09053749999999999,0.13857999999999998,0.25287,0.34763499999999997,0.29841,332.36651894,3,"{""geodesic"":false,""type"":""Point"",""coordinates"":[38.212971513571766,-3.5752940314689416]}"
00000000000000000b88_0,0.16096405752769066,0.28029263,0.04222000000000001,0.05374249999999997,0.08902500000000002,0.13822250000000003,0.24588500000000002,0.34997249999999996,0.30099499999999996,332.70832094,3,"{""geodesic"":false,""type"":""Point"",""coordinates"":[38.2127016460278,-3.575022415929897]}"
00000000000000000b89_0,0.14028926540249168,0.2513043,0.036032499999999995,0.044749999999999984,0.08248,0.15480500000000003,0.2587275,0.363365,0.30910750000000004,333.1458275,3,"{""geodesic"":false,""type"":""Point"",""coordinates"":[38.22511343078819,-3.5902305202797917]}"
00000000000000000b8a_0,0.1439403886554622,0.27104405,0.0343,0.04386999999999999,0.07882250000000002,0.12972499999999998,0.22619499999999998,0.28092,0.2383225,332.7356651,3,"{""geodesic"":false,""type"":""Point"",""coordinates"":[38.222679738934914,-3.5934850512365566]}"
00000000000000000b8b_0,0.14788738186693431,0.27840263,0.034162499999999985,0.043237499999999984,0.0782175,0.12815749999999998,0.2270475,0.2812775,0.2370025,332.65705063999997,3,"{""geodesic"":false,""type"":""Point"",""coordinates"":[38.22294984391206,-3.593485281975597]}"
00000000000000000b8c_0,0.14570825896478984,0.28385058,0.030147499999999994,0.03683,0.06831749999999998,0.12461,0.22338999999999998,0.2861175,0.2434925,330.07644554,3,"{""geodesic"":false,""type"":""Point"",""coordinates"":[38.22322247270585,-3.5905002929911327]}"
00000000000000000b8d_0,0.13985334035571031,0.27452284,0.029982499999999995,0.03680249999999999,0.06674999999999998,0.12543500000000002,0.22036499999999998,0.291755,0.250285,333.54915386,3,"{""geodesic"":false,""type"":""Point"",""coordinates"":[38.224304492072264,-3.5886015282384496]}"
00000000000000000b8e_0,0.1372091150656252,0.27037865,0.03047749999999999,0.03617000000000001,0.06666749999999999,0.12645250000000002,0.2201725,0.2877125,0.24745250000000002,333.39534296,3,"{""geodesic"":false,""type"":""Point"",""coordinates"":[38.22457459571873,-3.5886017581826626]}"
00000000000000000b8f_0,0.1331656671180757,0.26300403,0.030175000000000007,0.03683,0.06729999999999997,0.127305,0.218165,0.305285,0.27157,333.59358812,3,"{""geodesic"":false,""type"":""Point"",""coordinates"":[38.22403484636666,-3.5880585308576305]}"
00000000000000000b90_0,0.15200585479108658,0.28704077,0.03663749999999999,0.043842500000000006,0.07590750000000002,0.12342750000000002,0.22281250000000002,0.25980000000000003,0.20320500000000002,330.4626818,3,"{""geodesic"":false,""type"":""Point"",""coordinates"":[38.26023866940986,-3.575876266131413]}"
00000000000000000b91_0,0.129259742047267,0.24547291,0.03528999999999999,0.0445575,0.079235,0.13495000000000001,0.2227575,0.2510825,0.1985575,331.6760789,3,"{""geodesic"":false,""type"":""Point"",""coordinates"":[38.259697812005996,-3.5766899868635558]}"
00000000000000000b92_0,0.14390192348340736,0.28098455,0.033997499999999986,0.04076250000000001,0.07073750000000001,0.11976999999999999,0.21338000000000001,0.2379925,0.18359750000000002,332.16485576,3,"{""geodesic"":false,""type"":""Point"",""coordinates"":[38.25888685100157,-3.5775034880491683]}"
00000000000000000b93_0,0.1415380081533751,0.26623458,0.03636249999999999,0.04436499999999999,0.07725500000000002,0.13104500000000002,0.22614,0.2667575,0.20724750000000003,329.36549737999997,3,"{""geodesic"":false,""type"":""Point"",""coordinates"":[38.25834926283481,-3.5742464187540386]}"
00000000000000000b94_0,0.13655574248081737,0.25889674,0.037022499999999986,0.0443925,0.07835500000000001,0.13099,0.22250999999999999,0.2642,0.20760499999999998,330.66092696,3,"{""geodesic"":false,""type"":""Point"",""coordinates"":[38.25834948080254,-3.573975032824379]}"
00000000000000000b95_0,0.15626433952661836,0.29583308,0.034464999999999996,0.0417525,0.07142500000000002,0.1226025,0.22561750000000003,0.2693975,0.20744,331.41630938000003,3,"{""geodesic"":false,""type"":""Point"",""coordinates"":[38.25564934160935,-3.572887295811827]}"
00000000000000000b96_0,0.14817543064369898,0.27930477,0.033585000000000004,0.041504999999999986,0.07279999999999998,0.12989,0.23056749999999998,0.2739625,0.21645999999999999,333.7781612,3,"{""geodesic"":false,""type"":""Point"",""coordinates"":[38.2545695946532,-3.57207225915258]}"
00000000000000000b97_0,0.12824986265571872,0.23104888,0.03729750000000001,0.046619999999999995,0.08622000000000002,0.158105,0.2531175,0.33097000000000004,0.2842475,333.14924552,3,"{""geodesic"":false,""type"":""Point"",""coordinates"":[38.25510738833642,-3.575057942039587]}"
00000000000000000b98_0,0.17190929041697142,0.3304508,0.0324575,0.0388375,0.067685,0.11130000000000001,0.22116249999999998,0.23892750000000001,0.1899225,332.3596829,3,"{""geodesic"":false,""type"":""Point"",""coordinates"":[38.25564518355516,-3.5780436251482337]}"
00000000000000000b99_0,0.15380766197087536,0.29594767,0.0343,0.0412025,0.07134249999999998,0.11864249999999998,0.218385,0.24396,0.19143500000000002,331.96661059999997,3,"{""geodesic"":false,""type"":""Point"",""coordinates"":[38.25591528607827,-3.578043845152558]}"
00000000000000000b9a_0,0.1197257814412797,0.23240441,0.0358675,0.04381499999999999,0.07687,0.133245,0.21393,0.2459675,0.19624750000000002,331.59746443999995,3,"{""geodesic"":false,""type"":""Point"",""coordinates"":[38.257536120006954,-3.577773777645157]}"
00000000000000000b9b_0,0.13436590992677788,0.2635776,0.03361249999999999,0.04106499999999999,0.07266250000000002,0.12351000000000001,0.2119225,0.23639749999999998,0.18615500000000001,331.86748802,3,"{""geodesic"":false,""type"":""Point"",""coordinates"":[38.25861653034902,-3.5777746548815528]}"
00000000000000000b9c_0,0.1241320662808266,0.2451183,0.03298000000000001,0.041147500000000004,0.07357000000000002,0.12733250000000002,0.21002500000000002,0.2381025,0.18973,332.40411716,3,"{""geodesic"":false,""type"":""Point"",""coordinates"":[38.25915651765741,-3.578046478977771]}"
00000000000000000b9d_0,0.12716445645747104,0.25890952,0.029762499999999997,0.03792999999999999,0.06999499999999997,0.11850500000000003,0.20130750000000003,0.21978750000000002,0.170755,332.52374785999996,3,"{""geodesic"":false,""type"":""Point"",""coordinates"":[38.25969650533351,-3.578318302819661]}"
00000000000000000b9e_0,0.11930807033584223,0.23191887,0.03589500000000001,0.043704999999999994,0.07763999999999999,0.1331075,0.21349,0.24497750000000001,0.19715500000000002,331.32402284,3,"{""geodesic"":false,""type"":""Point"",""coordinates"":[38.26104984496769,-3.574791377079643]}"
00000000000000000b9f_0,0.11582809224318658,0.22569542,0.03476750000000001,0.04299,0.0779975,0.13552750000000002,0.21453500000000003,0.2479475,0.20183,330.98905688,3,"{""geodesic"":false,""type"":""Point"",""coordinates"":[38.26077974308107,-3.5747911587914336]}"
00000000000000000ba0_0,0.12134809775397463,0.23217982,0.03595000000000001,0.0445025,0.07975749999999998,0.13723249999999998,0.22022750000000002,0.254795,0.20592749999999999,332.27081438,3,"{""geodesic"":false,""type"":""Point"",""coordinates"":[38.26132233436541,-3.5718063479952944]}"
00000000000000000ba1_0,0.164540628545201,0.32098538,0.031192499999999984,0.0387275,0.067795,0.11053000000000002,0.21503,0.230705,0.17589749999999998,331.43339948,3,"{""geodesic"":false,""type"":""Point"",""coordinates"":[38.26078213232119,-3.5718059118640517]}"
00000000000000000ba2_0,0.1512665539352743,0.28482383,0.035509999999999986,0.04403499999999999,0.0770075,0.12477500000000002,0.22416000000000003,0.24924000000000002,0.1967425,330.77713964,3,"{""geodesic"":false,""type"":""Point"",""coordinates"":[38.26024345083304,-3.5699057729546366]}"
00000000000000000ba3_0,0.15795471685464818,0.29572,0.03539999999999999,0.043594999999999995,0.07604499999999997,0.12345499999999998,0.22713,0.252045,0.199465,330.57547646,3,"{""geodesic"":false,""type"":""Point"",""coordinates"":[38.25970303271025,-3.5701767224559693]}"
00000000000000000ba4_0,0.1359540087010566,0.25515008,0.03672,0.045905,0.08217750000000001,0.133465,0.2249025,0.2539975,0.20667000000000002,330.86942618,3,"{""geodesic"":false,""type"":""Point"",""coordinates"":[38.26024366797939,-3.5696343868825346]}"
00000000000000000ba5_0,0.12799894975220713,0.24620153,0.0352625,0.04392499999999999,0.07796999999999998,0.1313475,0.2171475,0.2514675,0.19874999999999998,332.88605798000003,3,"{""geodesic"":false,""type"":""Point"",""coordinates"":[38.26186578653721,-3.5677359912313826]}"
00000000000000000ba6_0,0.14541065119030488,0.2717654,0.03449250000000001,0.042440000000000005,0.07593499999999997,0.1340425,0.2340875,0.2875475,0.23221750000000002,332.28790448,3,"{""geodesic"":false,""type"":""Point"",""coordinates"":[38.261326670121555,-3.5663786251431624]}"
00000000000000000ba7_0,0.16761502053316638,0.3041631,0.03589500000000001,0.04986499999999999,0.08875,0.12119999999999997,0.2271575,0.2580675,0.18249749999999998,323.9513537,3,"{""geodesic"":false,""type"":""Point"",""coordinates"":[38.270236106279626,-3.571270724794342]}"
00000000000000000ba8_0,0.1808453530224495,0.31716523,0.04106499999999999,0.05363249999999997,0.08861249999999998,0.12166749999999998,0.23469250000000003,0.3083925,0.22113500000000003,324.59735948,3,"{""geodesic"":false,""type"":""Point"",""coordinates"":[38.27050663612791,-3.5707281666932293]}"
00000000000000000ba9_0,0.16835989114360475,0.29883793,0.039745,0.0537975,0.08971249999999997,0.12414249999999999,0.22996250000000001,0.27322,0.19355250000000002,323.40105248,3,"{""geodesic"":false,""type"":""Point"",""coordinates"":[38.27023653485404,-3.5707279514425285]}"
00000000000000000baa_0,0.14668828847679583,0.26852235,0.039415000000000006,0.053027500000000005,0.08902500000000002,0.12603999999999999,0.21857749999999998,0.27718,0.20523999999999998,321.52114148,3,"{""geodesic"":false,""type"":""Point"",""coordinates"":[38.270236963362905,-3.570185178084244]}"
00000000000000000bab_0,0.1547330618416757,0.27151,0.043127499999999985,0.05718000000000001,0.09680749999999999,0.1328875,0.2319425,0.28972000000000003,0.21555249999999998,322.5499655,3,"{""geodesic"":false,""type"":""Point"",""coordinates"":[38.27023674911667,-3.5704565647641946]}"
00000000000000000bac_0,0.13135520824010874,0.23419687,0.039002499999999996,0.055337499999999984,0.10249999999999998,0.14517999999999998,0.2339775,0.27817000000000003,0.1985575,321.25453591999997,3,"{""geodesic"":false,""type"":""Point"",""coordinates"":[38.269966647938475,-3.5704563494502337]}"
00000000000000000bad_0,0.16729185530116847,0.29585472,0.042605000000000004,0.0534675,0.08899750000000001,0.126975,0.23367500000000002,0.3088325,0.22941250000000002,324.58368740000003,3,"{""geodesic"":false,""type"":""Point"",""coordinates"":[38.270776951522215,-3.570456995153136]}"
00000000000000000bae_0,0.14320319789089853,0.2519475,0.04675750000000001,0.05891249999999998,0.09576249999999997,0.1366,0.228615,0.30641250000000003,0.23199750000000002,323.42839663999996,3,"{""geodesic"":false,""type"":""Point"",""coordinates"":[38.27077716560989,-3.5701856084403905]}"
00000000000000000baf_0,0.13184279984917563,0.24371225,0.04106499999999999,0.05321999999999999,0.09053749999999999,0.13129249999999998,0.21591,0.269645,0.2036175,325.59883934,3,"{""geodesic"":false,""type"":""Point"",""coordinates"":[38.27050599347959,-3.571542326767725]}"
00000000000000000bb0_0,0.15576377993707038,0.2843232,0.03738,0.051102499999999995,0.09001500000000001,0.12439,0.223225,0.2585075,0.1848075,324.35809808,3,"{""geodesic"":false,""type"":""Point"",""coordinates"":[38.27023589196783,-3.571542111467822]}"
00000000000000000bb1_0,0.14257236956144909,0.26437286,0.036885,0.05135000000000001,0.08971249999999997,0.12587500000000001,0.21635,0.25177,0.17818,324.92890742,3,"{""geodesic"":false,""type"":""Point"",""coordinates"":[38.27023567763964,-3.571813498139684]}"
00000000000000000bb2_0,0.1555089788450949,0.30115548,0.029679999999999984,0.04403499999999999,0.08319500000000002,0.11174,0.20804499999999998,0.2310625,0.16233999999999998,323.34978218000003,3,"{""geodesic"":false,""type"":""Point"",""coordinates"":[38.26996579047246,-3.571541896088235]}"
00000000000000000bb3_0,0.16319117076146636,0.31846544,0.03314500000000001,0.04491500000000001,0.07626499999999997,0.10390250000000001,0.201005,0.24162250000000002,0.17776750000000002,319.9864505,3,"{""geodesic"":false,""type"":""Point"",""coordinates"":[38.27023717759275,-3.569913791402676]}"
00000000000000000bb4_0,0.15698822120557218,0.3081572,0.03628000000000001,0.04637250000000001,0.07549499999999998,0.10360000000000003,0.19589,0.2664,0.19424000000000002,320.92298798,3,"{""geodesic"":false,""type"":""Point"",""coordinates"":[38.27050727862877,-3.5699140066041757]}"
00000000000000000bb5_0,0.15846220866913524,0.31813288,0.02767249999999999,0.040185,0.07549499999999998,0.10291250000000002,0.19894250000000002,0.22627750000000002,0.162285,319.66173860000004,3,"{""geodesic"":false,""type"":""Point"",""coordinates"":[38.26996707657311,-3.569913576121528]}"
00000000000000000bb6_0,0.13134522101523538,0.24781379,0.035042500000000004,0.049754999999999994,0.09130749999999999,0.12837749999999998,0.21296749999999998,0.24924000000000002,0.17881249999999999,320.30774438000003,3,"{""geodesic"":false,""type"":""Point"",""coordinates"":[38.26996686226399,-3.5701849627866897]}"
00000000000000000bb7_0,0.17890055119541057,0.31455523,0.0413125,0.05225750000000001,0.08789750000000002,0.12389499999999998,0.23760750000000003,0.32063,0.23659000000000002,325.72530608,3,"{""geodesic"":false,""type"":""Point"",""coordinates"":[38.27077673741816,-3.570728381864264]}"
00000000000000000bb8_0,0.1621314237573715,0.28789312,0.04035,0.05201,0.08748499999999998,0.1309075,0.236755,0.33031000000000005,0.24814000000000003,326.4977786,3,"{""geodesic"":false,""type"":""Point"",""coordinates"":[38.270776523297734,-3.5709997685737744]}"
00000000000000000bb9_0,0.1621314237573715,0.28789312,0.04035,0.05201,0.08748499999999998,0.1309075,0.236755,0.33031000000000005,0.24814000000000003,326.4977786,3,"{""geodesic"":false,""type"":""Point"",""coordinates"":[38.270776523297734,-3.5709997685737744]}"
00000000000000000bba_0,0.17255279309268703,0.3081855,0.03842499999999999,0.05113000000000001,0.08811750000000002,0.12287749999999997,0.23235499999999998,0.2896925,0.2086225,325.2331112,3,"{""geodesic"":false,""type"":""Point"",""coordinates"":[38.27050642192819,-3.5709995533863452]}"
00000000000000000bbb_0,0.15158094014050869,0.27480516,0.04144999999999999,0.0532475,0.09026250000000002,0.12667250000000002,0.222675,0.27872,0.2052675,325.29463555999996,3,"{""geodesic"":false,""type"":""Point"",""coordinates"":[38.27050620771208,-3.571270940077844]}"
00000000000000000bbc_0,0.1035264337769983,0.19607466,0.04048750000000001,0.05258750000000001,0.09260000000000002,0.14111,0.20994249999999998,0.2673625,0.20950249999999998,326.01241976,3,"{""geodesic"":false,""type"":""Point"",""coordinates"":[38.27050577923072,-3.5718137134559873]}"
00000000000000000bbd_0,0.11565216643593558,0.22212046,0.03914000000000001,0.0508825,0.08935500000000002,0.1295325,0.2035075,0.24525249999999998,0.18101250000000002,326.23800908,3,"{""geodesic"":false,""type"":""Point"",""coordinates"":[38.27023546329507,-3.5720848848099287]}"
00000000000000000bbe_0,0.14323255334224239,0.27676335,0.03506999999999999,0.0477475,0.085065,0.114765,0.2026,0.2231975,0.16310999999999998,325.70137994000004,3,"{""geodesic"":false,""type"":""Point"",""coordinates"":[38.26996536164107,-3.5720846693975283]}"
00000000000000000bbf_0,0.14441712530734033,0.28690514,0.028359999999999996,0.0412025,0.07791500000000001,0.11281249999999998,0.20359,0.22294999999999998,0.16176249999999998,324.89472722,3,"{""geodesic"":false,""type"":""Point"",""coordinates"":[38.26969526000347,-3.572084453905431]}"
00000000000000000bc0_0,0.1506075878355758,0.31224367,0.025224999999999997,0.037022499999999986,0.06933499999999998,0.10082249999999998,0.19236999999999999,0.212005,0.15122999999999998,324.52558106000004,3,"{""geodesic"":false,""type"":""Point"",""coordinates"":[38.26942515838227,-3.572084238333637]}"
00000000000000000bc1_0,0.11930623231178,0.23801003,0.031247499999999984,0.0448875,0.08195750000000002,0.121365,0.19718249999999998,0.23312500000000003,0.175155,324.75117037999996,3,"{""geodesic"":false,""type"":""Point"",""coordinates"":[38.26915505677748,-3.5720840226821458]}"
00000000000000000bc2_0,0.08236764838924569,0.15958194,0.03729750000000001,0.053137500000000004,0.09785250000000001,0.14504250000000002,0.200125,0.24176000000000003,0.19165500000000002,323.38054436,3,"{""geodesic"":false,""type"":""Point"",""coordinates"":[38.26861506843762,-3.57181220456836]}"
00000000000000000bc3_0,0.11567975160789531,0.234226,0.03163250000000001,0.04565749999999999,0.0841575,0.11724000000000001,0.18896000000000002,0.22699249999999999,0.1727075,321.69546049999997,3,"{""geodesic"":false,""type"":""Point"",""coordinates"":[38.268615283241665,-3.5715408179950288]}"
00000000000000000bc4_0,0.09576552269329255,0.19226216,0.035977499999999996,0.04832500000000001,0.0891075,0.1287625,0.19006,0.22999000000000003,0.1770525,322.18423736,3,"{""geodesic"":false,""type"":""Point"",""coordinates"":[38.26834539671169,-3.5712692155788264]}"
00000000000000000bc5_0,0.12309827771994235,0.26016775,0.027232499999999993,0.04084499999999999,0.07445000000000002,0.10541499999999998,0.17955500000000002,0.2055975,0.1531,321.03236461999995,3,"{""geodesic"":false,""type"":""Point"",""coordinates"":[38.268345611562175,-3.570997829018702]}"
00000000000000000bc6_0,0.11118956748688333,0.23010308,0.03157750000000001,0.0441725,0.0813525,0.11446250000000002,0.1828825,0.207275,0.156785,321.67495238000004,3,"{""geodesic"":false,""type"":""Point"",""coordinates"":[38.26834647079982,-3.569912282762027]}"
00000000000000000bc7_0,0.13672446952488743,0.2581914,0.0327325,0.0417525,0.07695249999999998,0.13649,0.2315025,0.28664,0.22605750000000002,331.77178346,3,"{""geodesic"":false,""type"":""Point"",""coordinates"":[38.264567649078366,-3.5666526176172626]}"
00000000000000000bc8_0,0.14387895687756264,0.27104852,0.0351525,0.0442825,0.07687,0.1289825,0.2249025,0.267115,0.2095575,332.51007577999997,3,"{""geodesic"":false,""type"":""Point"",""coordinates"":[38.26564890948984,-3.565567938141825]}"
00000000000000000bca_0,0.1309605662285136,0.24727853,0.03680249999999999,0.045052499999999995,0.07904250000000002,0.13552750000000002,0.2245725,0.27872,0.22773500000000002,332.24005220000004,3,"{""geodesic"":false,""type"":""Point"",""coordinates"":[38.26646114294976,-3.563126108410191]}"
00000000000000000bcb_0,0.15495368588299857,0.28467083,0.037957500000000005,0.04538249999999999,0.07906999999999997,0.13074249999999998,0.23480250000000003,0.285155,0.2198425,331.67949692,3,"{""geodesic"":false,""type"":""Point"",""coordinates"":[38.2653816086222,-3.562039698278444]}"
00000000000000000bcc_0,0.13767767630295952,0.24948938,0.036610000000000004,0.04560249999999999,0.0830575,0.1492775,0.248525,0.30407500000000004,0.24566500000000002,331.39921928,3,"{""geodesic"":false,""type"":""Point"",""coordinates"":[38.26403111665087,-3.562038616304428]}"
00000000000000000bcd_0,0.15414143340803968,0.28381103,0.03471250000000001,0.042495000000000005,0.07750249999999997,0.1345925,0.241265,0.2967325,0.24569249999999998,332.22638012,3,"{""geodesic"":false,""type"":""Point"",""coordinates"":[38.263490704246,-3.56230956927496]}"
00000000000000000bce_0,0.13319257360120024,0.24534772,0.037434999999999996,0.047142500000000004,0.08324999999999999,0.14193499999999998,0.23422500000000002,0.2852925,0.23326249999999998,329.51589026,3,"{""geodesic"":false,""type"":""Point"",""coordinates"":[38.265113446768865,-3.559597004229028]}"
00000000000000000bcf_0,0.13069819331246704,0.23789805,0.038699999999999984,0.047774999999999984,0.08743000000000001,0.1486175,0.24140250000000002,0.290765,0.240715,329.65602908,3,"{""geodesic"":false,""type"":""Point"",""coordinates"":[38.26565407206881,-3.5590546633928013]}"
00000000000000000bd0_0,0.14605817909524504,0.26772502,0.0385625,0.04722499999999999,0.08217750000000001,0.13497750000000003,0.23367500000000002,0.2801775,0.2277075,331.00272896,3,"{""geodesic"":false,""type"":""Point"",""coordinates"":[38.26781506752401,-3.5587850017325917]}"
00000000000000000bd1_0,0.13190873516380452,0.24679415,0.03735250000000001,0.046345,0.08041749999999998,0.13693,0.2266625,0.28169,0.22594750000000002,328.23413275999997,3,"{""geodesic"":false,""type"":""Point"",""coordinates"":[38.26781463896936,-3.559327774930779]}"
00000000000000000bd2_0,0.10840716234907105,0.19816126,0.03925000000000001,0.04934250000000001,0.09023500000000001,0.16135,0.24109999999999998,0.294175,0.24882749999999998,330.92069648,3,"{""geodesic"":false,""type"":""Point"",""coordinates"":[38.265925243605956,-3.557697946849323]}"
00000000000000000bd3_0,0.1338274000270359,0.24738094,0.03729750000000001,0.04653750000000001,0.08242500000000003,0.14080749999999997,0.23337249999999998,0.277895,0.22553499999999999,331.69658702,3,"{""geodesic"":false,""type"":""Point"",""coordinates"":[38.26538590872373,-3.5566119692961715]}"
00000000000000000bd4_0,0.15552647056387153,0.28748512,0.036995,0.045217499999999994,0.08171,0.127965,0.23122750000000003,0.2536125,0.20356249999999998,331.25908046,3,"{""geodesic"":false,""type"":""Point"",""coordinates"":[38.265655576031605,-3.5571549580826396]}"
00000000000000000bd5_0,0.1211402841764697,0.22048031,0.03792999999999999,0.04678499999999999,0.08817249999999999,0.157995,0.24736999999999998,0.2988775,0.249075,331.37529314,3,"{""geodesic"":false,""type"":""Point"",""coordinates"":[38.2643053062721,-3.556882491596197]}"
00000000000000000bd6_0,0.13251007592089228,0.24229579,0.03803999999999999,0.04722499999999999,0.08591749999999998,0.145895,0.23920249999999998,0.2779225,0.230705,331.33769492,3,"{""geodesic"":false,""type"":""Point"",""coordinates"":[38.26457561823342,-3.5566113213414665]}"
00000000000000000bd7_0,0.11298935660884615,0.20501792,0.038947499999999996,0.04835249999999999,0.0902075,0.1635775,0.2479475,0.30157249999999997,0.2585075,331.47441572,3,"{""geodesic"":false,""type"":""Point"",""coordinates"":[38.26430573658407,-3.556339718797921]}"
00000000000000000bd8_0,0.11878798779893728,0.21546237,0.03908500000000001,0.04846249999999999,0.09023500000000001,0.15871000000000002,0.24588500000000002,0.2962375,0.25331,331.60771850000003,3,"{""geodesic"":false,""type"":""Point"",""coordinates"":[38.26403585509265,-3.556068116206493]}"
00000000000000000bd9_0,0.13383842398995124,0.24402891,0.03908500000000001,0.04893,0.084735,0.14342,0.23601250000000001,0.2843575,0.22325250000000002,332.034971,3,"{""geodesic"":false,""type"":""Point"",""coordinates"":[38.26565686449939,-3.5555266391825033]}"
00000000000000000bda_0,0.12577143373682081,0.21799594,0.05025000000000002,0.062377499999999975,0.10096,0.15098250000000002,0.23515999999999998,0.3298975,0.276795,333.68245664,3,"{""geodesic"":false,""type"":""Point"",""coordinates"":[38.26187378740726,-3.5576947013220392]}"
00000000000000000bdb_0,0.109051254089422,0.21563263,0.031494999999999995,0.04299,0.08168249999999999,0.1340425,0.2077425,0.22801,0.180875,331.09159748,3,"{""geodesic"":false,""type"":""Point"",""coordinates"":[38.26835911401628,-3.553900472474521]}"
00000000000000000bdc_0,0.1382519164662111,0.25188524,0.04200000000000001,0.05187249999999999,0.08470749999999999,0.13566499999999998,0.22702,0.2895,0.2329325,332.61261637999996,3,"{""geodesic"":false,""type"":""Point"",""coordinates"":[38.26673810823899,-3.554441955200348]}"
00000000000000000bdd_0,0.13236006311415224,0.2385688,0.040679999999999994,0.04986499999999999,0.08726499999999998,0.1487275,0.241925,0.341365,0.286365,333.01594274,3,"{""geodesic"":false,""type"":""Point"",""coordinates"":[38.26241592265671,-3.555252658534532]}"
00000000000000000bde_0,0.12804560684427962,0.22251986,0.048765,0.060645000000000004,0.09870499999999999,0.151285,0.2378825,0.3317125,0.2795725,333.34749067999996,3,"{""geodesic"":false,""type"":""Point"",""coordinates"":[38.2613342417273,-3.5568801085971837]}"
00000000000000000bdf_0,0.11920563610373691,0.21107283,0.040157499999999985,0.050744999999999985,0.09083999999999998,0.16800500000000002,0.2579025,0.38443,0.33196,334.427585,3,"{""geodesic"":false,""type"":""Point"",""coordinates"":[38.257821466332985,-3.5587769818988733]}"
00000000000000000be0_0,0.1680820522690275,0.2987341,0.03768250000000001,0.04637250000000001,0.08094000000000001,0.13530750000000002,0.2505875,0.31683500000000003,0.25155,331.54277612,3,"{""geodesic"":false,""type"":""Point"",""coordinates"":[38.25727996796471,-3.5604048609942]}"
00000000000000000be1_0,0.1666386836803224,0.30364344,0.03773750000000001,0.046345,0.07835500000000001,0.1251875,0.23436250000000003,0.31656,0.24500500000000003,328.39819772,3,"{""geodesic"":false,""type"":""Point"",""coordinates"":[38.25571419526334,-3.491471492523533]}"
00000000000000000be2_0,0.17409171409412127,0.3132603,0.039525000000000005,0.048875,0.08198499999999997,0.12208000000000002,0.23345500000000002,0.32266500000000004,0.24555500000000002,328.96900705999997,3,"{""geodesic"":false,""type"":""Point"",""coordinates"":[38.25517446796072,-3.4909282905165164]}"
00000000000000000be3_0,0.1554081000585485,0.2898506,0.03751750000000001,0.04587749999999999,0.07522000000000001,0.12340000000000001,0.2241325,0.32651500000000006,0.2558675,328.54517258,3,"{""geodesic"":false,""type"":""Point"",""coordinates"":[38.254094158935395,-3.490927430574845]}"
00000000000000000be4_0,0.15759925372495656,0.29616714,0.03768250000000001,0.044942499999999996,0.07480749999999997,0.1203475,0.22163,0.3229125,0.25218250000000003,329.32789916,3,"{""geodesic"":false,""type"":""Point"",""coordinates"":[38.25355379025627,-3.4911983862552267]}"
00000000000000000be5_0,0.17465554911490605,0.32917222,0.03663749999999999,0.0445575,0.07241500000000001,0.10976000000000002,0.2174775,0.2954125,0.2228675,328.6682213,3,"{""geodesic"":false,""type"":""Point"",""coordinates"":[38.25301363575608,-3.4911979554720176]}"
00000000000000000be6_0,0.17596978505041802,0.32928905,0.03768250000000001,0.045905,0.07257999999999998,0.10987000000000002,0.21775250000000002,0.30894249999999995,0.23362,327.84106046,3,"{""geodesic"":false,""type"":""Point"",""coordinates"":[38.25355421877334,-3.490655614016642]}"
00000000000000000be7_0,0.16374751133602888,0.30832633,0.038067500000000004,0.04549249999999999,0.0746425,0.11517749999999999,0.21786250000000001,0.31383750000000005,0.24407,329.74831561999997,3,"{""geodesic"":false,""type"":""Point"",""coordinates"":[38.254093944823495,-3.491198816726888]}"
00000000000000000be8_0,0.15718837343850584,0.28188267,0.039580000000000004,0.04862749999999999,0.08399250000000003,0.1351425,0.2412375,0.3412,0.272505,328.5315005,3,"{""geodesic"":false,""type"":""Point"",""coordinates"":[38.25490481838786,-3.4903853032385515]}"
00000000000000000be9_0,0.17261530946898337,0.32261363,0.03625249999999999,0.04430999999999999,0.07447749999999997,0.11426999999999998,0.223115,0.28906,0.21643250000000003,328.38452564,3,"{""geodesic"":false,""type"":""Point"",""coordinates"":[38.25652442777325,-3.4914721362950702]}"
00000000000000000bea_0,0.1653774567559722,0.30545917,0.03751750000000001,0.04585,0.07637500000000003,0.12111749999999999,0.22765249999999998,0.3036075,0.235325,328.26831296,3,"{""geodesic"":false,""type"":""Point"",""coordinates"":[38.25679471866346,-3.4912009644119903]}"
00000000000000000beb_0,0.1840324763193505,0.35932747,0.0294325,0.03842499999999999,0.06707999999999997,0.10002499999999998,0.212225,0.263815,0.19212250000000003,327.49925845999996,3,"{""geodesic"":false,""type"":""Point"",""coordinates"":[38.25652336036778,-3.492829067776832]}"
00000000000000000bec_0,0.20802624696876051,0.40139288,0.032704999999999984,0.04032250000000001,0.06625500000000001,0.08971249999999997,0.21002500000000002,0.249515,0.182085,328.93824487999996,3,"{""geodesic"":false,""type"":""Point"",""coordinates"":[38.25625285522596,-3.4933716257288436]}"
00000000000000000bed_0,0.17541531280032943,0.34564087,0.032072500000000004,0.040212499999999984,0.06696999999999997,0.09977750000000002,0.205185,0.2670325,0.19896999999999998,328.74683575999995,3,"{""geodesic"":false,""type"":""Point"",""coordinates"":[38.25652250614293,-3.4939146129337493]}"
00000000000000000bee_0,0.1939841166716767,0.38975036,0.03187999999999999,0.03933249999999999,0.06213000000000002,0.08613749999999998,0.19616499999999998,0.24420750000000002,0.17160750000000002,326.47385246,3,"{""geodesic"":false,""type"":""Point"",""coordinates"":[38.257062022250395,-3.4947292009772766]}"
00000000000000000bef_0,0.17736031101904134,0.36160102,0.02990000000000001,0.0382325,0.06314750000000002,0.09103250000000002,0.19415749999999998,0.2610375,0.19072,326.54563088,3,"{""geodesic"":false,""type"":""Point"",""coordinates"":[38.2573312469901,-3.495814960769552]}"
00000000000000000bf0_0,0.17979411957550034,0.3575305,0.0324575,0.040212499999999984,0.06597999999999998,0.09485500000000002,0.20042749999999998,0.26409,0.1890425,327.58812697999997,3,"{""geodesic"":false,""type"":""Point"",""coordinates"":[38.25760089899258,-3.4963579479179967]}"
00000000000000000bf1_0,0.16706422983828534,0.32596016,0.029157500000000003,0.039360000000000006,0.06980249999999999,0.10832999999999998,0.213105,0.2576825,0.1905,328.13501018,3,"{""geodesic"":false,""type"":""Point"",""coordinates"":[38.258140417111484,-3.4971725357956474]}"
00000000000000000bf2_0,0.16822017051729465,0.3275827,0.027892499999999987,0.040102499999999985,0.07335000000000003,0.1074775,0.21219749999999998,0.24561,0.18357,328.4289599,3,"{""geodesic"":false,""type"":""Point"",""coordinates"":[38.258410283122686,-3.4974441364961923]}"
00000000000000000bf3_0,0.1789004042503034,0.35210586,0.02239250000000001,0.0351525,0.06955499999999998,0.10368250000000001,0.2163775,0.2390375,0.175925,325.30830764,3,"{""geodesic"":false,""type"":""Point"",""coordinates"":[38.25922116026873,-3.4966306197264814]}"
00000000000000000bf4_0,0.17600818724800835,0.34013763,0.027837499999999987,0.03949749999999999,0.07268999999999998,0.10643249999999999,0.2161575,0.24649,0.18436750000000002,327.1813826,3,"{""geodesic"":false,""type"":""Point"",""coordinates"":[38.25868057565999,-3.4971729643525458]}"
00000000000000000bf5_0,0.19059656679777692,0.37376252,0.0296525,0.03757250000000001,0.06301000000000001,0.09622999999999998,0.2110975,0.2642275,0.188465,325.85177282,3,"{""geodesic"":false,""type"":""Point"",""coordinates"":[38.25814105700864,-3.4963583766868958]}"
00000000000000000bf6_0,0.1913620421593087,0.3714509,0.028579999999999994,0.03798499999999999,0.06380750000000002,0.0985125,0.2149475,0.25298,0.17831750000000002,325.82442865999997,3,"{""geodesic"":false,""type"":""Point"",""coordinates"":[38.2584109228369,-3.496629977342181]}"
00000000000000000bf7_0,0.1890992595369763,0.37853396,0.02901999999999999,0.037544999999999995,0.06204749999999998,0.09108749999999999,0.20205,0.25240250000000003,0.1782625,325.58516726,3,"{""geodesic"":false,""type"":""Point"",""coordinates"":[38.25814127027439,-3.4960869903141427]}"
00000000000000000bf8_0,0.18547826758279928,0.38034758,0.029624999999999985,0.03781999999999999,0.06191000000000002,0.08611000000000002,0.19182,0.2460775,0.17039749999999998,325.21602110000003,3,"{""geodesic"":false,""type"":""Point"",""coordinates"":[38.25787140466235,-3.495815389627711]}"
00000000000000000bf9_0,0.18875451210850458,0.39166024,0.028414999999999996,0.03647249999999999,0.05915999999999999,0.08286500000000002,0.18956499999999998,0.24497750000000001,0.16915999999999998,324.85029296,3,"{""geodesic"":false,""type"":""Point"",""coordinates"":[38.25760175257653,-3.4952724025509196]}"
00000000000000000bfa_0,0.1930686842690867,0.39337462,0.029624999999999985,0.03746250000000001,0.061524999999999996,0.084625,0.19437749999999998,0.24467500000000003,0.16960000000000003,325.06904624000003,3,"{""geodesic"":false,""type"":""Point"",""coordinates"":[38.257331887335866,-3.4950008017871834]}"
00000000000000000bfb_0,0.18665217681432975,0.37644634,0.03220999999999999,0.0386175,0.06353249999999999,0.08918999999999999,0.19688,0.248965,0.17914249999999998,326.75754812,3,"{""geodesic"":false,""type"":""Point"",""coordinates"":[38.25706159524805,-3.4952719736035496]}"
00000000000000000bfc_0,0.2047155903582165,0.42032143,0.0202475,0.03320000000000001,0.06466,0.08110499999999998,0.19872250000000002,0.21687250000000002,0.14815,326.0363459,3,"{""geodesic"":false,""type"":""Point"",""coordinates"":[38.25922030821489,-3.497716165461901]}"
00000000000000000bfd_0,0.18838904439370635,0.38401076,0.023107500000000003,0.037077499999999985,0.06796000000000002,0.08699000000000001,0.19545,0.2227575,0.15431,325.70479796,3,"{""geodesic"":false,""type"":""Point"",""coordinates"":[38.2594901747253,-3.497987765947111]}"
00000000000000000bfe_0,0.2036600569665753,0.39413393,0.022612500000000008,0.03658249999999999,0.07208500000000001,0.09460750000000001,0.2176975,0.236205,0.16547499999999998,327.8137163,3,"{""geodesic"":false,""type"":""Point"",""coordinates"":[38.26002990821212,-3.4985309667785027]}"
00000000000000000bff_0,0.11621348499447723,0.21187492,0.0351525,0.051817500000000016,0.0961475,0.1517525,0.23334500000000002,0.27608,0.23279500000000003,332.02471693999996,3,"{""geodesic"":false,""type"":""Point"",""coordinates"":[38.2597594025423,-3.499073525761257]}"
00000000000000000c00_0,0.1447049447082656,0.2744764,0.029514999999999986,0.043539999999999995,0.0827,0.12669999999999998,0.222565,0.24495,0.19501000000000002,330.64725488,3,"{""geodesic"":false,""type"":""Point"",""coordinates"":[38.25894958929571,-3.498530110580161]}"
00000000000000000c01_0,0.1817353866534194,0.35770077,0.027425000000000005,0.039580000000000004,0.07312999999999997,0.09755000000000003,0.2062025,0.2163775,0.16179,329.23561262,3,"{""geodesic"":false,""type"":""Point"",""coordinates"":[38.258679936078835,-3.497987123547042]}"
00000000000000000c02_0,0.21444239470616858,0.4104327,0.02442749999999999,0.03685749999999999,0.0709575,0.09229749999999998,0.22080500000000003,0.23513250000000002,0.15772000000000003,330.5139521,3,"{""geodesic"":false,""type"":""Point"",""coordinates"":[38.2616499622568,-3.4990750218823763]}"
00000000000000000c03_0,0.16403480780674592,0.31431404,0.027260000000000006,0.0412025,0.07549499999999998,0.11410500000000001,0.218715,0.2566375,0.1881625,332.03838901999995,3,"{""geodesic"":false,""type"":""Point"",""coordinates"":[38.26300015049979,-3.4993474748528866]}"
00000000000000000c04_0,0.17026218576705837,0.32344082,0.02781,0.04065250000000001,0.07865749999999999,0.11426999999999998,0.2235275,0.25452,0.19072,330.80790182,3,"{""geodesic"":false,""type"":""Point"",""coordinates"":[38.26408068308304,-3.499076939846107]}"
00000000000000000c05_0,0.1776333604115895,0.34573185,0.026544999999999985,0.04024,0.07467000000000001,0.1024175,0.2106575,0.249295,0.1843125,330.66092696,3,"{""geodesic"":false,""type"":""Point"",""coordinates"":[38.26300057458432,-3.4988047015423622]}"
00000000000000000c06_0,0.16865936061677067,0.33018038,0.02704000000000001,0.03993749999999999,0.07472499999999999,0.10569,0.2098875,0.2462975,0.18626500000000001,331.12919569999997,3,"{""geodesic"":false,""type"":""Point"",""coordinates"":[38.26246020238324,-3.499075661906191]}"
00000000000000000c07_0,0.19183179255121702,0.3636426,0.02453749999999999,0.03930500000000001,0.07670500000000002,0.1044525,0.22383000000000003,0.24569249999999998,0.17653000000000002,329.52956234,3,"{""geodesic"":false,""type"":""Point"",""coordinates"":[38.264081529876904,-3.497991392947528]}"
00000000000000000c08_0,0.18463064931350112,0.3523077,0.027287499999999992,0.04084499999999999,0.07632,0.10442499999999999,0.21802749999999999,0.248635,0.1777125,329.76882374,3,"{""geodesic"":false,""type"":""Point"",""coordinates"":[38.263540946524316,-3.4985337407984574]}"
00000000000000000c09_0,0.17693241953673983,0.3360093,0.025829999999999992,0.040404999999999996,0.07687,0.1108325,0.223005,0.24970750000000003,0.1817825,329.32106311999996,3,"{""geodesic"":false,""type"":""Point"",""coordinates"":[38.2638110265104,-3.4985339536382485]}"
00000000000000000c0a_0,0.17422281474812357,0.32767412,0.028827500000000006,0.04230249999999999,0.07681500000000002,0.11355500000000002,0.2242425,0.266125,0.19894250000000002,331.08476143999997,3,"{""geodesic"":false,""type"":""Point"",""coordinates"":[38.2632704426587,-3.4990763012274346]}"
00000000000000000c0b_0,0.17577697296386754,0.31706375,0.03757250000000001,0.046345,0.07607249999999999,0.12362000000000001,0.23840499999999998,0.3119675,0.23469250000000003,325.03828406,3,"{""geodesic"":false,""type"":""Point"",""coordinates"":[38.201720050148474,-3.4664597704964897]}"
00000000000000000c0c_0,0.1804537315449846,0.32774574,0.035922499999999996,0.04441999999999999,0.073185,0.12051250000000002,0.23802,0.3222525,0.24357499999999999,324.85029296,3,"{""geodesic"":false,""type"":""Point"",""coordinates"":[38.201450210842076,-3.4661881589118897]}"
00000000000000000c0d_0,0.14720617475302555,0.26231825,0.03809499999999999,0.048655000000000004,0.08292,0.1454275,0.248855,0.35033,0.270745,322.71744848000003,3,"{""geodesic"":false,""type"":""Point"",""coordinates"":[38.20415110668963,-3.4659190588956497]}"
00000000000000000c0e_0,0.14877217445193272,0.26201358,0.03930500000000001,0.049589999999999995,0.08743000000000001,0.14875500000000003,0.2543825,0.348625,0.2769875,322.71403046,3,"{""geodesic"":false,""type"":""Point"",""coordinates"":[38.20388081289836,-3.466190214027922]}"
00000000000000000c0f_0,0.15589858924555308,0.27790344,0.037654999999999994,0.04694999999999999,0.08193,0.14166,0.2506975,0.3434,0.2760525,323.63347783999995,3,"{""geodesic"":false,""type"":""Point"",""coordinates"":[38.20361119983493,-3.4656472198772312]}"
00000000000000000c10_0,0.15451372585845308,0.27569988,0.03781999999999999,0.046674999999999994,0.08116000000000001,0.14265,0.2512475,0.34829499999999997,0.2750625,324.08465648000004,3,"{""geodesic"":false,""type"":""Point"",""coordinates"":[38.203341133039984,-3.4656469917987804]}"
00000000000000000c11_0,0.15837342274486937,0.28860176,0.03647249999999999,0.04502500000000001,0.07807999999999998,0.1325575,0.24011,0.33534250000000004,0.2609,324.50165491999996,3,"{""geodesic"":false,""type"":""Point"",""coordinates"":[38.202800999503744,-3.465646535409944]}"
00000000000000000c12_0,0.16505873574985697,0.30971357,0.03680249999999999,0.04480500000000001,0.07321250000000001,0.11660749999999998,0.22124500000000002,0.30954750000000003,0.24052250000000003,324.19403312,3,"{""geodesic"":false,""type"":""Point"",""coordinates"":[38.20577196114697,-3.4653776585193787]}"
00000000000000000c13_0,0.1549581600440948,0.2888939,0.03663749999999999,0.044639999999999985,0.073625,0.1256,0.22765249999999998,0.33471,0.2634025,324.50165491999996,3,"{""geodesic"":false,""type"":""Point"",""coordinates"":[38.20577218743849,-3.46510627531557]}"
00000000000000000c14_0,0.15254736691726636,0.3017606,0.03506999999999999,0.04200000000000001,0.06625500000000001,0.108715,0.2026825,0.2988225,0.2324925,324.47431076,3,"{""geodesic"":false,""type"":""Point"",""coordinates"":[38.20739281432851,-3.4648362549254]}"
00000000000000000c15_0,0.1536162798046278,0.30455866,0.03490499999999999,0.04246749999999999,0.06520999999999999,0.10684500000000002,0.20042749999999998,0.297365,0.22999000000000003,324.48114680000003,3,"{""geodesic"":false,""type"":""Point"",""coordinates"":[38.20739304012288,-3.4645648716114543]}"
00000000000000000c16_0,0.14556104384316126,0.28548047,0.03465750000000001,0.04279749999999999,0.0683725,0.11459999999999998,0.206175,0.3094925,0.24330000000000002,324.32391787999995,3,"{""geodesic"":false,""type"":""Point"",""coordinates"":[38.207393491658244,-3.464022104978848]}"
00000000000000000c17_0,0.14679485495635117,0.28767422,0.034684999999999994,0.04279749999999999,0.0690325,0.11415999999999998,0.20636749999999998,0.3072925,0.2471775,323.45915881999997,3,"{""geodesic"":false,""type"":""Point"",""coordinates"":[38.20766378392331,-3.463750948454283]}"
00000000000000000c18_0,0.14310304961077,0.2771938,0.0355375,0.04334750000000001,0.07084750000000001,0.11982500000000001,0.21173000000000003,0.31463500000000005,0.24792000000000003,323.53777328,3,"{""geodesic"":false,""type"":""Point"",""coordinates"":[38.20739394312243,-3.463479338339955]}"
00000000000000000c19_0,0.16604669923363066,0.31240657,0.0385075,0.047032500000000005,0.07249749999999999,0.11212499999999997,0.2140125,0.30872249999999996,0.23884500000000003,323.71892834,3,"{""geodesic"":false,""type"":""Point"",""coordinates"":[38.20469373256091,-3.4629343000393136]}"
00000000000000000c1a_0,0.1350730185522885,0.23252729,0.04290749999999999,0.055035,0.09763250000000001,0.1626975,0.261285,0.35638,0.311665,329.73806156,3,"{""geodesic"":false,""type"":""Point"",""coordinates"":[38.23592684556502,-3.5791128872091136]}"
00000000000000000c1b_0,0.15312744331508985,0.26774585,0.040267499999999984,0.05069000000000001,0.0896575,0.14729750000000003,0.255015,0.35242,0.3099325,334.940288,3,"{""geodesic"":false,""type"":""Point"",""coordinates"":[38.23538686743001,-3.578841050707083]}"
00000000000000000c1c_0,0.1320941928544919,0.2339284,0.04013,0.0506625,0.09152749999999998,0.15705999999999998,0.25298,0.35115500000000005,0.308915,334.4104949,3,"{""geodesic"":false,""type"":""Point"",""coordinates"":[38.234576563060685,-3.5788403720990445]}"
00000000000000000c1d_0,0.11796455083016238,0.21710798,0.036142499999999994,0.04571249999999999,0.08478999999999998,0.15648250000000002,0.2432725,0.3555,0.32656999999999997,335.75377676,3,"{""geodesic"":false,""type"":""Point"",""coordinates"":[38.233766484328385,-3.5785683084124686]}"
00000000000000000c1e_0,0.11983794377609595,0.22914198,0.03383249999999999,0.0415875,0.07681500000000002,0.1431175,0.22820250000000003,0.33647,0.3076775,335.8973336,3,"{""geodesic"":false,""type"":""Point"",""coordinates"":[38.23322650738763,-3.578296470836177]}"
00000000000000000c1f_0,0.12218982292862754,0.22437939,0.03539999999999999,0.046015,0.08465250000000002,0.15376,0.2427225,0.35055,0.31446999999999997,335.5555316,3,"{""geodesic"":false,""type"":""Point"",""coordinates"":[38.23268675656481,-3.577753248712017]}"
00000000000000000c20_0,0.1160177166655649,0.20655772,0.04081750000000001,0.05104750000000002,0.09375499999999998,0.16685,0.2537225,0.3726875,0.3385875,335.43931892,3,"{""geodesic"":false,""type"":""Point"",""coordinates"":[38.232957308852114,-3.5772107068534176]}"
00000000000000000c21_0,0.1257217219612888,0.21720387,0.044529999999999986,0.05602499999999999,0.09900750000000003,0.1666025,0.2590575,0.3702675,0.33402250000000006,335.05650068,3,"{""geodesic"":false,""type"":""Point"",""coordinates"":[38.234847565054594,-3.577755060656744]}"
00000000000000000c22_0,0.12050795069452208,0.21034096,0.044007500000000005,0.054952500000000015,0.09697250000000002,0.16704249999999998,0.2560325,0.36881,0.33823,336.04089044,3,"{""geodesic"":false,""type"":""Point"",""coordinates"":[38.235387767349,-3.577755512844715]}"
00000000000000000c23_0,0.11844523609629913,0.21691936,0.037544999999999995,0.0475275,0.08693499999999998,0.15546500000000002,0.241595,0.355555,0.3154875,335.18980346,3,"{""geodesic"":false,""type"":""Point"",""coordinates"":[38.23565719384685,-3.5785698922697295]}"
00000000000000000c24_0,0.13937896965419905,0.26228923,0.033420000000000005,0.042935,0.0773375,0.13442749999999998,0.23001749999999999,0.319695,0.27531,334.56088778000003,3,"{""geodesic"":false,""type"":""Point"",""coordinates"":[38.234847114811636,-3.5782978295224015]}"
00000000000000000c25_0,0.11686256781193483,0.20618768,0.042935,0.054649999999999976,0.09622999999999998,0.16421000000000002,0.249515,0.3630625,0.33083250000000003,336.22546352,3,"{""geodesic"":false,""type"":""Point"",""coordinates"":[38.23565809337936,-3.577484354332137]}"
00000000000000000c26_0,0.11790295513637702,0.20710318,0.04089999999999999,0.05165249999999999,0.09529500000000002,0.17235,0.262385,0.37879250000000003,0.33866999999999997,331.75127534,3,"{""geodesic"":false,""type"":""Point"",""coordinates"":[38.23646727349617,-3.578841954399966]}"
00000000000000000c27_0,0.12695254936634243,0.22182818,0.04133999999999999,0.05228499999999997,0.0948,0.16621750000000002,0.2609825,0.3677375,0.32646000000000003,331.72393118,3,"{""geodesic"":false,""type"":""Point"",""coordinates"":[38.23619717195388,-3.578841728596513]}"
00000000000000000c28_0,0.1448141935288873,0.24405393,0.04576749999999999,0.05712499999999998,0.10211500000000001,0.1632475,0.26865500000000003,0.35681999999999997,0.31446999999999997,330.97538480000003,3,"{""geodesic"":false,""type"":""Point"",""coordinates"":[38.236196722368184,-3.5793844976210303]}"
00000000000000000c29_0,0.13106905064711605,0.23306325,0.039222499999999993,0.049095,0.08822750000000001,0.158545,0.254905,0.37527250000000006,0.3231875,329.41334966,3,"{""geodesic"":false,""type"":""Point"",""coordinates"":[38.237277353759474,-3.5791140159129444]}"
00000000000000000c2a_0,0.12208230958230962,0.22952756,0.0351525,0.04321,0.07689750000000001,0.146775,0.23422500000000002,0.34681,0.2994275,332.46564151999996,3,"{""geodesic"":false,""type"":""Point"",""coordinates"":[38.237817781464656,-3.578843082219544]}"
00000000000000000c2b_0,0.1296519152607797,0.2324517,0.038534999999999986,0.04884749999999999,0.08789750000000002,0.1555475,0.2497625,0.3675175,0.32134500000000005,329.67995522,3,"{""geodesic"":false,""type"":""Point"",""coordinates"":[38.237817332832655,-3.5793858514498655]}"
00000000000000000c2c_0,0.12291221540652927,0.22859104,0.03595000000000001,0.0447225,0.07995000000000002,0.1489475,0.2372225,0.34758000000000006,0.2994275,332.3084126,3,"{""geodesic"":false,""type"":""Point"",""coordinates"":[38.2375476798367,-3.5788428568153194]}"
00000000000000000c2d_0,0.13029866210189647,0.22803204,0.04144999999999999,0.052669999999999995,0.09317750000000002,0.16157,0.2570225,0.37733500000000003,0.32492000000000004,329.42360371999996,3,"{""geodesic"":false,""type"":""Point"",""coordinates"":[38.23727712927597,-3.579385400493018]}"
00000000000000000c2e_0,0.14053214634408853,0.23894572,0.04519000000000001,0.05770249999999999,0.10104249999999998,0.1601125,0.2606525,0.36042250000000003,0.32263749999999997,329.77224176,3,"{""geodesic"":false,""type"":""Point"",""coordinates"":[38.23592662068412,-3.5793842717033892]}"
00000000000000000c2f_0,0.13387012554581015,0.23096187,0.042935,0.055227499999999985,0.09653250000000002,0.16198250000000003,0.2592775,0.3704325,0.329045,329.54323442,3,"{""geodesic"":false,""type"":""Point"",""coordinates"":[38.23511654085423,-3.5791122090285956]}"
00000000000000000c30_0,0.1320941928544919,0.2339284,0.04013,0.0506625,0.09152749999999998,0.15705999999999998,0.25298,0.35115500000000005,0.308915,334.4104949,3,"{""geodesic"":false,""type"":""Point"",""coordinates"":[38.234576563060685,-3.5788403720990445]}"
00000000000000000c31_0,0.10410874718328404,0.19066702,0.037957500000000005,0.04821500000000001,0.08929999999999999,0.16610750000000002,0.2443725,0.3630075,0.32805500000000004,334.4959454,3,"{""geodesic"":false,""type"":""Point"",""coordinates"":[38.234306686961986,-3.578568761342311]}"
00000000000000000c33_0,0.16271278299214148,0.31200927,0.030395000000000005,0.03674749999999999,0.06586999999999998,0.12015500000000001,0.2291375,0.2884,0.23315249999999998,335.37095852,3,"{""geodesic"":false,""type"":""Point"",""coordinates"":[38.24132463545984,-3.584273701663653]}"
00000000000000000c34_0,0.1547276531746551,0.29748842,0.03133,0.037654999999999994,0.06716250000000001,0.1229325,0.2270475,0.2872725,0.23469250000000003,330.92753252,3,"{""geodesic"":false,""type"":""Point"",""coordinates"":[38.24078353339615,-3.585358791245573]}"
00000000000000000c66_0,0.13408454250731805,0.24630426,0.03773750000000001,0.046674999999999994,0.08143499999999998,0.14339249999999998,0.2371125,0.2889775,0.22636,332.14092962,3,"{""geodesic"":false,""type"":""Point"",""coordinates"":[38.26322814939812,-3.5528108310108806]}"
00000000000000000c67_0,0.11563902669501541,0.21853417,0.03757250000000001,0.04607,0.08176499999999998,0.14440999999999998,0.22517750000000003,0.296375,0.2521275,335.07359078,3,"{""geodesic"":false,""type"":""Point"",""coordinates"":[38.26295913017745,-3.551453682987661]}"
00000000000000000c68_0,0.11388520371465566,0.21603109,0.03740750000000001,0.04711499999999999,0.08220499999999997,0.14221,0.22058500000000003,0.29335,0.249185,336.40661858,3,"{""geodesic"":false,""type"":""Point"",""coordinates"":[38.26241980124089,-3.5503677050304825]}"
00000000000000000c69_0,0.11659482582344327,0.2236509,0.03658249999999999,0.04664750000000001,0.08044499999999999,0.13607750000000002,0.21448,0.28774,0.23637000000000002,337.30213982,3,"{""geodesic"":false,""type"":""Point"",""coordinates"":[38.26188025793941,-3.5495531132887095]}"
00000000000000000c6a_0,0.09865034425069172,0.19158755,0.03803999999999999,0.04722499999999999,0.08165499999999998,0.14232,0.2097775,0.274045,0.2306225,336.36218432,3,"{""geodesic"":false,""type"":""Point"",""coordinates"":[38.26269011134811,-3.550096535010645]}"
00000000000000000c6b_0,0.09753047319739166,0.1946114,0.03584000000000001,0.043952500000000005,0.07780500000000001,0.13668249999999998,0.20273750000000001,0.2546575,0.2128025,335.01206642,3,"{""geodesic"":false,""type"":""Point"",""coordinates"":[38.26403994094555,-3.5509117745852126]}"
00000000000000000c6c_0,0.1144562399907543,0.22392617,0.03685749999999999,0.044749999999999984,0.07741999999999999,0.132145,0.2084025,0.255125,0.205405,335.40513871999997,3,"{""geodesic"":false,""type"":""Point"",""coordinates"":[38.264579916470545,-3.5511835927059163]}"
00000000000000000c6d_0,0.10337314461025798,0.20005356,0.03694,0.04637250000000001,0.08063749999999997,0.14190750000000002,0.212885,0.2655475,0.2224,335.21372959999997,3,"{""geodesic"":false,""type"":""Point"",""coordinates"":[38.26484979702978,-3.551455194903219]}"
00000000000000000c6e_0,0.1094411984036581,0.20979385,0.0398,0.04851749999999999,0.08182,0.13833250000000002,0.211785,0.269865,0.22033750000000002,334.70786264000003,3,"{""geodesic"":false,""type"":""Point"",""coordinates"":[38.26565943965385,-3.55227000120828]}"
00000000000000000c6f_0,0.08790482485128884,0.1752227,0.0383425,0.047774999999999984,0.08173750000000002,0.1377275,0.19624750000000002,0.248855,0.2087325,332.69123084,3,"{""geodesic"":false,""type"":""Point"",""coordinates"":[38.26700948966398,-3.5528138510064617]}"
00000000000000000c70_0,0.09324256960504693,0.18512891,0.03523499999999999,0.046262499999999984,0.08335999999999999,0.13811250000000003,0.20086749999999998,0.23747000000000001,0.19635750000000002,332.15801971999997,3,"{""geodesic"":false,""type"":""Point"",""coordinates"":[38.26781977728414,-3.5528144961271013]}"
00000000000000000c71_0,0.07900110467646373,0.16962332,0.027095000000000008,0.0398,0.0778875,0.127085,0.17900500000000003,0.2103275,0.1716625,329.47829204,3,"{""geodesic"":false,""type"":""Point"",""coordinates"":[38.26944013953424,-3.553087170962184]}"
00000000000000000cc1_0,0.2427322085151713,0.4349752,0.02621499999999999,0.03484999999999999,0.06630999999999998,0.10093249999999998,0.256335,0.275255,0.200895,326.50803266,3,"{""geodesic"":false,""type"":""Point"",""coordinates"":[38.146596474992144,-3.5000625214148116]}"
00000000000000000cc2_0,0.23554594481019747,0.42667252,0.028277499999999983,0.036445000000000005,0.06812499999999999,0.09942000000000001,0.2473975,0.272285,0.20196750000000002,326.12521442,3,"{""geodesic"":false,""type"":""Point"",""coordinates"":[38.14632591089222,-3.500605032437855]}"
00000000000000000cc3_0,0.22443434883306607,0.4195829,0.027260000000000006,0.035454999999999987,0.066475,0.09584500000000001,0.2344175,0.2543825,0.188135,326.0705261,3,"{""geodesic"":false,""type"":""Point"",""coordinates"":[38.14605559224643,-3.50087616439791]}"
00000000000000000cc4_0,0.1900095912071959,0.3618995,0.02792,0.03680249999999999,0.06776749999999998,0.10662500000000003,0.22757,0.2713225,0.20457999999999998,326.28927938,3,"{""geodesic"":false,""type"":""Point"",""coordinates"":[38.14605534642396,-3.5011475432997]}"
00000000000000000cc5_0,0.21741869863815153,0.40762615,0.028524999999999995,0.03746250000000001,0.0656775,0.09653250000000002,0.229385,0.2580675,0.1927275,326.86008872,3,"{""geodesic"":false,""type"":""Point"",""coordinates"":[38.145514954488505,-3.501418427963787]}"
00000000000000000cc6_0,0.18226455687417592,0.35015076,0.029624999999999985,0.037489999999999996,0.06650250000000002,0.10722999999999999,0.222785,0.28752,0.22157500000000002,326.76096614,3,"{""geodesic"":false,""type"":""Point"",""coordinates"":[38.14551470847221,-3.5016898068239986]}"
00000000000000000cc7_0,0.13366969544769647,0.25043583,0.030505000000000004,0.04024,0.07590750000000002,0.144575,0.24118250000000002,0.33812000000000003,0.2847425,326.7712202,3,"{""geodesic"":false,""type"":""Point"",""coordinates"":[38.14551446243675,-3.501961185682619]}"
00000000000000000cc8_0,0.13079208874595213,0.24193749,0.031962500000000005,0.04081750000000001,0.07813500000000001,0.1520825,0.24915750000000003,0.35662750000000004,0.29885,326.63791742,3,"{""geodesic"":false,""type"":""Point"",""coordinates"":[38.14632517365797,-3.5014191692007968]}"
00000000000000000cc9_0,0.18459588348963785,0.34819916,0.031384999999999996,0.04183500000000001,0.07054500000000002,0.10720249999999998,0.22174,0.29137,0.2216575,327.48558638,3,"{""geodesic"":false,""type"":""Point"",""coordinates"":[38.145244881470376,-3.50141818072857]}"
00000000000000000cca_0,0.18459588348963785,0.34819916,0.031384999999999996,0.04183500000000001,0.07054500000000002,0.10720249999999998,0.22174,0.29137,0.2216575,327.48558638,3,"{""geodesic"":false,""type"":""Point"",""coordinates"":[38.145244881470376,-3.50141818072857]}"
00000000000000000ccb_0,0.21194902253190376,0.38955477,0.026709999999999984,0.037022499999999986,0.07092999999999999,0.10657,0.242585,0.28125,0.2097775,327.31126736,3,"{""geodesic"":false,""type"":""Point"",""coordinates"":[38.14578551934539,-3.500875917357298]}"
00000000000000000ccc_0,0.17457931437638313,0.32922438,0.028937500000000005,0.0384525,0.0706,0.11713000000000001,0.23210750000000002,0.30787000000000003,0.24681999999999998,327.57787292,3,"{""geodesic"":false,""type"":""Point"",""coordinates"":[38.1457857652264,-3.500604538473112]}"
00000000000000000ccd_0,0.21858233865189355,0.40393862,0.028085,0.036610000000000004,0.0684825,0.10150999999999999,0.23909249999999999,0.27047,0.20669749999999998,326.19357482,3,"{""geodesic"":false,""type"":""Point"",""coordinates"":[38.146055838049726,-3.5006047854945277]}"
00000000000000000cce_0,0.22312502118141453,0.40103415,0.028277499999999983,0.037215,0.06994,0.10816500000000001,0.2530075,0.278555,0.206615,326.35422176,3,"{""geodesic"":false,""type"":""Point"",""coordinates"":[38.14632615659864,-3.5003336535136933]}"
00000000000000000ccf_0,0.19956765820339786,0.3621571,0.028799999999999992,0.037847500000000006,0.07211250000000002,0.11759750000000002,0.2511375,0.306715,0.2365625,326.50461464,3,"{""geodesic"":false,""type"":""Point"",""coordinates"":[38.146596229382595,-3.5003339003597476]}"
00000000000000000cd0_0,0.15134440801916527,0.28331086,0.0295425,0.039470000000000005,0.07301999999999997,0.1336025,0.23923,0.3314925,0.266125,326.55246692000003,3,"{""geodesic"":false,""type"":""Point"",""coordinates"":[38.14686630218571,-3.500334147127719]}"
00000000000000000cd1_0,0.15134440801916527,0.28331086,0.0295425,0.039470000000000005,0.07301999999999997,0.1336025,0.23923,0.3314925,0.266125,326.55246692000003,3,"{""geodesic"":false,""type"":""Point"",""coordinates"":[38.14686630218571,-3.500334147127719]}"
00000000000000000cd2_0,0.16763991061379613,0.31474072,0.029239999999999988,0.038479999999999986,0.07219500000000001,0.12307000000000001,0.2361225,0.30880500000000005,0.24489500000000003,326.43283622,3,"{""geodesic"":false,""type"":""Point"",""coordinates"":[38.14686654771755,-3.500062768163606]}"
00000000000000000cd3_0,0.12364098208888992,0.23586859,0.030450000000000005,0.03993749999999999,0.07500000000000001,0.14397,0.23285,0.34647999999999995,0.29923500000000003,327.27708716,3,"{""geodesic"":false,""type"":""Point"",""coordinates"":[38.14605657534459,-3.4997906487748405]}"
00000000000000000cd4_0,0.1391626493148733,0.2659497,0.03064249999999999,0.039167499999999994,0.073515,0.1334375,0.23012749999999998,0.33482000000000006,0.2821575,326.9763014,3,"{""geodesic"":false,""type"":""Point"",""coordinates"":[38.146056329598814,-3.5000620276829935]}"
00000000000000000cd5_0,0.16047765607798076,0.30046916,0.029679999999999984,0.039167499999999994,0.07241500000000001,0.127855,0.23769,0.33086,0.2647775,327.97094522,3,"{""geodesic"":false,""type"":""Point"",""coordinates"":[38.145244143130746,-3.5022323172468077]}"
00000000000000000cd6_0,0.1661794559480308,0.311029,0.029982499999999995,0.03892000000000001,0.07147999999999999,0.12466500000000003,0.2372225,0.3186775,0.2569675,327.85815056,3,"{""geodesic"":false,""type"":""Point"",""coordinates"":[38.14497382366925,-3.502503448692857]}"
00000000000000000cd7_0,0.1300526029662866,0.24781972,0.02990000000000001,0.0386725,0.07335000000000003,0.14177,0.2351875,0.340925,0.291425,328.15893632,3,"{""geodesic"":false,""type"":""Point"",""coordinates"":[38.144433677107024,-3.502502953678103]}"
00000000000000000cd8_0,0.2228677144388541,0.4080229,0.028579999999999994,0.03617000000000001,0.06553999999999999,0.10285749999999999,0.24464750000000002,0.281415,0.2099975,325.540733,3,"{""geodesic"":false,""type"":""Point"",""coordinates"":[38.14794781950348,-3.49897823819906]}"
00000000000000000cd9_0,0.2044540217400749,0.38227388,0.027865,0.037187499999999984,0.06694250000000002,0.1045625,0.2339775,0.285265,0.2124725,325.59542132,3,"{""geodesic"":false,""type"":""Point"",""coordinates"":[38.14821838209013,-3.4984357263435717]}"
00000000000000000cda_0,0.22521216593748355,0.4122196,0.02979000000000001,0.03727,0.06716250000000001,0.10052,0.24151250000000002,0.2751175,0.20221499999999998,325.82101064,3,"{""geodesic"":false,""type"":""Point"",""coordinates"":[38.147677747012246,-3.4989779918391863]}"
00000000000000000cdb_0,0.20516120405809696,0.37594143,0.02855250000000001,0.036555000000000004,0.06785000000000002,0.11207,0.247095,0.3036075,0.23546250000000002,325.97823956,3,"{""geodesic"":false,""type"":""Point"",""coordinates"":[38.147137111312944,-3.4995202568629824]}"
00000000000000000cdc_0,0.21184108693782788,0.39480606,0.027535000000000004,0.03512499999999999,0.06493500000000002,0.10384749999999998,0.23934,0.2794625,0.2147,325.6945439,3,"{""geodesic"":false,""type"":""Point"",""coordinates"":[38.14740742924028,-3.499249124410071]}"
00000000000000000cdd_0,0.19069936902770643,0.35046482,0.029404999999999987,0.03836999999999999,0.06972,0.11737750000000002,0.2440425,0.31876,0.252265,325.88253499999996,3,"{""geodesic"":false,""type"":""Point"",""coordinates"":[38.14875877171167,-3.498164839487188]}"
00000000000000000cde_0,0.1935555318572963,0.3533893,0.028937500000000005,0.037957500000000005,0.06955499999999998,0.11872500000000002,0.24849749999999998,0.30036250000000003,0.23307,325.32197972,3,"{""geodesic"":false,""type"":""Point"",""coordinates"":[38.14848820951337,-3.498707351597649]}"
00000000000000000cdf_0,0.20175775702183835,0.36958972,0.02890999999999999,0.037325,0.06774000000000002,0.11327999999999999,0.24610500000000002,0.296265,0.22663500000000003,325.35957794,3,"{""geodesic"":false,""type"":""Point"",""coordinates"":[38.14821789201385,-3.498978484480881]}"
00000000000000000ce0_0,0.19308209869293105,0.35839012,0.028744999999999993,0.037434999999999996,0.06807000000000002,0.1133075,0.23989,0.28686,0.22283999999999998,325.40743022000004,3,"{""geodesic"":false,""type"":""Point"",""coordinates"":[38.14821813706155,-3.4987071054130214]}"
00000000000000000ce1_0,0.19518612776603544,0.36879933,0.028689999999999993,0.03680249999999999,0.06625500000000001,0.10648750000000001,0.230925,0.28455,0.21744999999999998,325.66378172,3,"{""geodesic"":false,""type"":""Point"",""coordinates"":[38.14794806462886,-3.4987068591503476]}"
00000000000000000ce2_0,0.19025818691742963,0.35081062,0.029102500000000003,0.037544999999999995,0.06895000000000001,0.11737750000000002,0.24423499999999998,0.311665,0.2451975,326.61740929999996,3,"{""geodesic"":false,""type"":""Point"",""coordinates"":[38.14686703872377,-3.4995200102306083]}"
00000000000000000ce3_0,0.16662928721539697,0.31663987,0.030175000000000007,0.0384525,0.06988499999999997,0.11905500000000002,0.229385,0.30319500000000005,0.2426125,327.9675272,3,"{""geodesic"":false,""type"":""Point"",""coordinates"":[38.14443293783722,-3.5033170900042623]}"
00000000000000000ce4_0,0.16197822141560797,0.30971143,0.029294999999999988,0.03781999999999999,0.06875749999999997,0.1203475,0.22834,0.31051,0.24882749999999998,327.88891274,3,"{""geodesic"":false,""type"":""Point"",""coordinates"":[38.144162371253486,-3.5038595998263418]}"
00000000000000000ce5_0,0.15989656639717192,0.30587298,0.02838750000000001,0.037434999999999996,0.06994,0.12194250000000001,0.22941250000000002,0.31367249999999997,0.25856250000000003,327.90600284,3,"{""geodesic"":false,""type"":""Point"",""coordinates"":[38.14362173054267,-3.5044018615714028]}"
00000000000000000ce6_0,0.14709267907649806,0.28495097,0.029927499999999996,0.038699999999999984,0.06991249999999999,0.12345499999999998,0.22185,0.31161,0.25452,327.83422442,3,"{""geodesic"":false,""type"":""Point"",""coordinates"":[38.143621236979584,-3.5049446189860487]}"
00000000000000000ce7_0,0.17474916387959866,0.32875732,0.02979000000000001,0.03892000000000001,0.06980249999999999,0.11735000000000001,0.2323,0.30204000000000003,0.2395875,327.9162569,3,"{""geodesic"":false,""type"":""Point"",""coordinates"":[38.143891804300964,-3.50440210948695]}"
00000000000000000ce8_0,0.1804176122729529,0.3345262,0.0295425,0.03746250000000001,0.06851000000000002,0.12133749999999999,0.24332750000000003,0.3067425,0.242365,325.70479796,3,"{""geodesic"":false,""type"":""Point"",""coordinates"":[38.15038384575722,-3.4930101087005485]}"
00000000000000000ce9_0,0.24673626920887887,0.4480946,0.028167499999999984,0.03523499999999999,0.06463249999999998,0.09397499999999998,0.24657250000000003,0.2585075,0.18508249999999998,325.09297238,3,"{""geodesic"":false,""type"":""Point"",""coordinates"":[38.15011304243437,-3.4938240011637784]}"
00000000000000000cea_0,0.22045519876900183,0.40290353,0.027425000000000005,0.03479499999999999,0.06422,0.10626750000000001,0.24968,0.2741825,0.21035500000000001,324.77851454,3,"{""geodesic"":false,""type"":""Point"",""coordinates"":[38.150112309895555,-3.4946381388499543]}"
00000000000000000ceb_0,0.16933813817731175,0.3213542,0.028112499999999985,0.03628000000000001,0.06864749999999997,0.12062250000000002,0.2348575,0.3102075,0.2494325,325.61934746,3,"{""geodesic"":false,""type"":""Point"",""coordinates"":[38.14957118950425,-3.4957231646522553]}"
00000000000000000dc8_0,0.1686635944700461,0.31787795,0.035922499999999996,0.0443925,0.06991249999999999,0.11338999999999999,0.2190725,0.30446,0.23648000000000002,324.01287806,3,"{""geodesic"":false,""type"":""Point"",""coordinates"":[38.20388285420768,-3.4637477663054095]}"
00000000000000000dc9_0,0.17568184211450033,0.32812825,0.035454999999999987,0.04430999999999999,0.07202999999999998,0.11273,0.22283999999999998,0.30149,0.22553499999999999,324.48456482,3,"{""geodesic"":false,""type"":""Point"",""coordinates"":[38.19092406805808,-3.45858047861219]}"
00000000000000000dca_0,0.16573721790795848,0.31587976,0.034877500000000006,0.042330000000000007,0.07153500000000002,0.1136375,0.21857749999999998,0.3009675,0.23359249999999998,324.42304046,3,"{""geodesic"":false,""type"":""Point"",""coordinates"":[38.1914644259266,-3.458309558570651]}"
00000000000000000dcb_0,0.19327076292703432,0.34083334,0.028167499999999984,0.049699999999999994,0.08883249999999998,0.11740499999999998,0.23881750000000002,0.30292,0.211345,329.62184888,3,"{""geodesic"":false,""type"":""Point"",""coordinates"":[38.22654992031308,-3.4865629302612815]}"
00000000000000000dcc_0,0.18590782565801062,0.3312785,0.0327325,0.05003000000000002,0.08721000000000001,0.11715750000000003,0.23323500000000003,0.3070725,0.219375,329.69704532000003,3,"{""geodesic"":false,""type"":""Point"",""coordinates"":[38.22682021621063,-3.4862917685744064]}"
00000000000000000dcd_0,0.1722339119761528,0.30792633,0.033062499999999995,0.05195499999999997,0.08951999999999999,0.12142000000000003,0.2294675,0.30094000000000004,0.218715,330.14138792,3,"{""geodesic"":false,""type"":""Point"",""coordinates"":[38.227360143122844,-3.4865635983314807]}"
00000000000000000dce_0,0.19206375589400848,0.329221,0.03473999999999999,0.05467749999999999,0.09147250000000001,0.12301499999999999,0.24376750000000003,0.31821000000000005,0.22462749999999998,327.59496302,3,"{""geodesic"":false,""type"":""Point"",""coordinates"":[38.223310588830834,-3.484660561348898]}"
00000000000000000dcf_0,0.18926747201096147,0.32444978,0.036500000000000005,0.05456749999999999,0.0925725,0.12496750000000001,0.24500500000000003,0.32016249999999996,0.22528750000000003,328.03930562,3,"{""geodesic"":false,""type"":""Point"",""coordinates"":[38.22331036628424,-3.4849319455866823]}"
00000000000000000144_0,0.12533425073105128,0.21664292,0.04873749999999999,0.05937999999999999,0.09405750000000002,0.15939750000000003,0.24756250000000002,0.4035975,0.33300500000000005,330.60282062,4,"{""geodesic"":false,""type"":""Point"",""coordinates"":[38.21679542704863,-3.524819959797485]}"
00000000000000000145_0,0.12053366279201158,0.2123629,0.043897500000000006,0.054017499999999996,0.08913500000000002,0.16319250000000002,0.2511925,0.3941925,0.33190500000000006,329.55007046000003,4,"{""geodesic"":false,""type"":""Point"",""coordinates"":[38.21949921312595,-3.5212942477610514]}"
00000000000000000146_0,0.13715423801437793,0.22958589,0.05288999999999999,0.06383499999999998,0.09887000000000001,0.15950750000000002,0.254575,0.403515,0.32164750000000003,332.90998412,4,"{""geodesic"":false,""type"":""Point"",""coordinates"":[38.233274616705316,-3.519948803044046]}"
00000000000000000147_0,0.13849303849303854,0.24499176,0.0448875,0.05564000000000002,0.08756750000000002,0.14331,0.236315,0.38167999999999996,0.30688,332.40411716,4,"{""geodesic"":false,""type"":""Point"",""coordinates"":[38.230305917942026,-3.5172325005738583]}"
00000000000000000148_0,0.12697889182058048,0.23339151,0.0383425,0.04805000000000001,0.08044499999999999,0.14606000000000002,0.234995,0.37150500000000003,0.3085575,330.34988713999996,4,"{""geodesic"":false,""type"":""Point"",""coordinates"":[38.22220320263606,-3.517497139062075]}"
00000000000000000149_0,0.13083044437440905,0.23421061,0.042082499999999995,0.05217499999999997,0.08578000000000002,0.14930500000000002,0.24063250000000003,0.38291749999999997,0.31900750000000005,332.76642728,4,"{""geodesic"":false,""type"":""Point"",""coordinates"":[38.232724883331606,-3.531617894940059]}"
0000000000000000014a_0,0.13866158227226602,0.24066961,0.048077499999999995,0.05893999999999999,0.09339750000000002,0.1470225,0.24022,0.395155,0.32459,330.88309826,4,"{""geodesic"":false,""type"":""Point"",""coordinates"":[38.23488491785242,-3.53243383758042]}"
0000000000000000014b_0,0.13051737886392423,0.22930259,0.0442275,0.05508999999999997,0.09139000000000003,0.15431,0.24613250000000003,0.3888575,0.33234500000000006,331.55986622,4,"{""geodesic"":false,""type"":""Point"",""coordinates"":[38.233530245312465,-3.5375890275310553]}"
0000000000000000014c_0,0.13144022202583067,0.22117797,0.05091000000000001,0.06251499999999999,0.09961249999999999,0.1641825,0.257435,0.41666,0.34320750000000005,330.82840994000003,4,"{""geodesic"":false,""type"":""Point"",""coordinates"":[38.23676909781332,-3.540305557979449]}"
0000000000000000014d_0,0.12163853822602293,0.21304213,0.04419999999999999,0.05497999999999997,0.09381,0.1638525,0.2525675,0.3986475,0.3492025,330.5823125,4,"{""geodesic"":false,""type"":""Point"",""coordinates"":[38.234066634021495,-3.5422030137538187]}"
0000000000000000014e_0,0.12566519452550762,0.22440448,0.04274249999999999,0.05305500000000002,0.08710000000000001,0.1530725,0.24165000000000003,0.37835250000000004,0.31295750000000006,331.39238323999996,4,"{""geodesic"":false,""type"":""Point"",""coordinates"":[38.217615641431564,-3.5128797622078887]}"
0000000000000000014f_0,0.12990547829959917,0.23506506,0.04408999999999999,0.05415500000000001,0.085395,0.140945,0.22757,0.35352,0.2868325,329.45094788,4,"{""geodesic"":false,""type"":""Point"",""coordinates"":[38.21842972042889,-3.5082669189711155]}"
00000000000000000150_0,0.13159242998683676,0.23984405,0.039745,0.04879249999999999,0.08341500000000002,0.14551000000000003,0.2373325,0.36930500000000005,0.3045425,331.12919569999997,4,"{""geodesic"":false,""type"":""Point"",""coordinates"":[38.22653413363783,-3.505831221263809]}"
00000000000000000151_0,0.11082379017362398,0.20691773,0.03641749999999999,0.04554749999999999,0.08000499999999999,0.15494249999999998,0.23579250000000002,0.36347500000000005,0.31537750000000003,336.42029066,4,"{""geodesic"":false,""type"":""Point"",""coordinates"":[38.26216367282014,-3.5327273755012887]}"
00000000000000000152_0,0.09861666486544904,0.19130631,0.0358125,0.04381499999999999,0.07750249999999997,0.14850750000000001,0.21877000000000002,0.3316575,0.2849625,334.67368244,4,"{""geodesic"":false,""type"":""Point"",""coordinates"":[38.26513209806462,-3.5359863786430985]}"
00000000000000000153_0,0.13031784651021786,0.2231533,0.04749999999999999,0.05957249999999997,0.1018675,0.16049750000000002,0.252705,0.35830500000000004,0.3102075,333.11848334,4,"{""geodesic"":false,""type"":""Point"",""coordinates"":[38.25701790739702,-3.5503633620401294]}"
00000000000000000154_0,0.12991227109950435,0.22695692,0.04508000000000001,0.05630000000000002,0.09598250000000003,0.15563,0.24701250000000002,0.3583875,0.30267249999999996,335.78453894,4,"{""geodesic"":false,""type"":""Point"",""coordinates"":[38.25809676910113,-3.5522639355130936]}"
00000000000000000155_0,0.12374754118514872,0.23337966,0.03383249999999999,0.042330000000000007,0.07527499999999998,0.14548250000000001,0.23406,0.34873499999999996,0.294285,334.86509156,4,"{""geodesic"":false,""type"":""Point"",""coordinates"":[38.235937619667425,-3.5660864295780024]}"
00000000000000000158_0,0.13530255099655603,0.22915705,0.049177499999999985,0.060699999999999976,0.09702749999999999,0.16063500000000003,0.2561425,0.39248750000000004,0.32148250000000006,332.3938631,4,"{""geodesic"":false,""type"":""Point"",""coordinates"":[38.21894612702171,-3.536762664264679]}"
00000000000000000159_0,0.12958214695666426,0.22467706,0.0441725,0.05409999999999998,0.09075749999999999,0.16498000000000002,0.2605975,0.4013975,0.32753250000000006,330.77713964,4,"{""geodesic"":false,""type"":""Point"",""coordinates"":[38.20868117761887,-3.538653615302508]}"
0000000000000000015a_0,0.1237198060147813,0.21935992,0.04386999999999999,0.05426500000000001,0.08979500000000001,0.15628999999999998,0.24412499999999998,0.34854250000000003,0.28257,330.20974832,4,"{""geodesic"":false,""type"":""Point"",""coordinates"":[38.205982607405694,-3.5359374698061905]}"
0000000000000000015b_0,0.14141414141414138,0.24084724,0.0479125,0.059709999999999985,0.09485500000000002,0.15411750000000002,0.2519075,0.3980425,0.32082249999999995,327.61205312,4,"{""geodesic"":false,""type"":""Point"",""coordinates"":[38.209231919305196,-3.526170457900731]}"
0000000000000000015d_0,0.11975084919943825,0.21284835,0.04480500000000001,0.05572250000000001,0.09254499999999999,0.15524500000000002,0.23920249999999998,0.36133,0.30929999999999996,333.02277877999995,4,"{""geodesic"":false,""type"":""Point"",""coordinates"":[38.245442584955164,-3.502318700541506]}"
0000000000000000015e_0,0.12301077504585521,0.21906239,0.039745,0.050167499999999976,0.09243499999999999,0.162395,0.2535025,0.4172925,0.34881750000000006,332.22979813999996,4,"{""geodesic"":false,""type"":""Point"",""coordinates"":[38.24328630089032,-3.496889242742577]}"
0000000000000000015f_0,0.13135407972656096,0.24195534,0.03776499999999999,0.0476925,0.08149,0.14237499999999997,0.23326249999999998,0.3681775,0.3124075,331.76494742,4,"{""geodesic"":false,""type"":""Point"",""coordinates"":[38.23680925123499,-3.4909135020408306]}"
00000000000000000160_0,0.12890397749460078,0.2368654,0.039002499999999996,0.04890249999999999,0.0840475,0.14331,0.2322725,0.3789025,0.32338000000000006,330.76004953999995,4,"{""geodesic"":false,""type"":""Point"",""coordinates"":[38.232221483254165,-3.486567592052017]}"
00000000000000000161_0,0.13552114258204284,0.23418416,0.0477475,0.05899500000000002,0.09260000000000002,0.15189000000000002,0.24478500000000003,0.4001875,0.3233525,329.6936273,4,"{""geodesic"":false,""type"":""Point"",""coordinates"":[38.227057533744734,-3.5261854916146573]}"
00000000000000000162_0,0.11553353748306934,0.20673695,0.04024,0.050360000000000016,0.08715499999999998,0.1656125,0.251935,0.3878675,0.3302,328.81177814,4,"{""geodesic"":false,""type"":""Point"",""coordinates"":[38.22732111518226,-3.5340558595292006]}"
00000000000000000163_0,0.11741637831603227,0.19941826,0.051927500000000015,0.06345,0.09991499999999998,0.16858250000000002,0.2525675,0.366115,0.30041750000000006,332.83136966,4,"{""geodesic"":false,""type"":""Point"",""coordinates"":[38.215700048006205,-3.5427303551252565]}"
00000000000000000164_0,0.12338690553596432,0.2263773,0.03751750000000001,0.046977500000000005,0.08355249999999997,0.1515875,0.24030250000000003,0.36705000000000004,0.322775,332.55109202,4,"{""geodesic"":false,""type"":""Point"",""coordinates"":[38.22191188901279,-3.543006998067514]}"
00000000000000000165_0,0.11405817891421052,0.20616771,0.03881000000000001,0.04915,0.08748499999999998,0.16332999999999998,0.24816749999999999,0.39072750000000006,0.33575499999999997,335.34019634000003,4,"{""geodesic"":false,""type"":""Point"",""coordinates"":[38.25513658128312,-3.5386922405940724]}"
00000000000000000166_0,0.09855667292663725,0.19045117,0.0351525,0.04277,0.07697999999999999,0.15213749999999998,0.22372000000000003,0.337185,0.29995,330.23709248,4,"{""geodesic"":false,""type"":""Point"",""coordinates"":[38.265128035454076,-3.541142723199616]}"
00000000000000000167_0,0.10894902919521282,0.19885144,0.035922499999999996,0.04513500000000001,0.084625,0.16984749999999998,0.2541625,0.39386250000000006,0.35486750000000006,329.05787558,4,"{""geodesic"":false,""type"":""Point"",""coordinates"":[38.24836081324255,-3.5677250128493196]}"
00000000000000000168_0,0.11540026523599983,0.21607634,0.03495999999999999,0.04386999999999999,0.07951000000000003,0.15279749999999998,0.23703000000000002,0.37389750000000005,0.32227999999999996,327.86156858,4,"{""geodesic"":false,""type"":""Point"",""coordinates"":[38.24215453634621,-3.5603925015556754]}"
00000000000000000169_0,0.11215657042017826,0.20375104,0.04073499999999999,0.05102000000000001,0.08732000000000001,0.1584625,0.23956,0.37857250000000003,0.33220750000000004,333.43977722,4,"{""geodesic"":false,""type"":""Point"",""coordinates"":[38.24134912909768,-3.5544213631442227]}"
0000000000000000016a_0,0.11184969343774666,0.2085375,0.037022499999999986,0.046125,0.08275500000000002,0.1538425,0.23491250000000002,0.37442000000000003,0.32846749999999997,329.68337324000004,4,"{""geodesic"":false,""type"":""Point"",""coordinates"":[38.24405338949463,-3.5503528095927837]}"
0000000000000000016b_0,0.12238234631839678,0.21440484,0.042027499999999995,0.05437500000000001,0.0955975,0.1642925,0.25397000000000003,0.3932575,0.33339,337.51747508,4,"{""geodesic"":false,""type"":""Point"",""coordinates"":[38.25270380506261,-3.5411327494433356]}"
0000000000000000016c_0,0.11280466553590927,0.20695467,0.04081750000000001,0.0505525,0.08690750000000003,0.15348499999999998,0.23359249999999998,0.364685,0.31158250000000004,334.34897054,4,"{""geodesic"":false,""type"":""Point"",""coordinates"":[38.26027132555299,-3.5348969563426986]}"
0000000000000000016d_0,0.13042209923262052,0.22788501,0.04727999999999999,0.05885750000000001,0.09284749999999997,0.14996500000000001,0.23848750000000002,0.39741,0.3253875,331.693169,4,"{""geodesic"":false,""type"":""Point"",""coordinates"":[38.25488378197328,-3.5169811438371377]}"
0000000000000000016e_0,0.12563529955336517,0.22802961,0.038122500000000004,0.048985,0.08412999999999998,0.15189000000000002,0.24162250000000002,0.377775,0.31683500000000003,332.0007908,4,"{""geodesic"":false,""type"":""Point"",""coordinates"":[38.25298821621194,-3.523221502351267]}"
0000000000000000016f_0,0.11882269923288792,0.21078779,0.042660000000000003,0.0536875,0.09260000000000002,0.16124,0.24736999999999998,0.39202,0.3331975,329.56716056,4,"{""geodesic"":false,""type"":""Point"",""coordinates"":[38.227315496388016,-3.540840464280625]}"
00000000000000000170_0,0.13350957384748297,0.22072272,0.04967250000000001,0.06215749999999998,0.10541499999999998,0.17554000000000003,0.27498,0.4331875,0.35566499999999995,328.5315005,4,"{""geodesic"":false,""type"":""Point"",""coordinates"":[38.22380839418714,-3.535952607751544]}"
00000000000000000171_0,0.12882289310650014,0.2239236,0.04447499999999999,0.054952500000000015,0.091775,0.16231250000000003,0.2559775,0.40048999999999996,0.33380250000000006,330.65409092,4,"{""geodesic"":false,""type"":""Point"",""coordinates"":[38.21868012599173,-3.531877530299571]}"
00000000000000000172_0,0.12069570487567594,0.21236822,0.04205500000000001,0.058609999999999995,0.09859499999999999,0.15436499999999997,0.23760750000000003,0.3350125,0.26552,329.64577502,4,"{""geodesic"":false,""type"":""Point"",""coordinates"":[38.213007622406856,-3.532686874905058]}"
00000000000000000173_0,0.1237583137294746,0.21489331,0.048380000000000006,0.05885750000000001,0.09337000000000001,0.159095,0.2461875,0.39424750000000003,0.327285,331.00614698,4,"{""geodesic"":false,""type"":""Point"",""coordinates"":[38.21490824654639,-3.5207476091808294]}"
00000000000000000174_0,0.1352517869532246,0.23494302,0.047142500000000004,0.058499999999999996,0.09094999999999998,0.15012999999999999,0.24233749999999998,0.380195,0.30105,328.35034543999996,4,"{""geodesic"":false,""type"":""Point"",""coordinates"":[38.20842556506366,-3.5215562547357244]}"
00000000000000000175_0,0.13949383895464626,0.2386667,0.049287499999999984,0.06058999999999998,0.09326000000000001,0.1511475,0.24591249999999998,0.3953475,0.31614749999999997,327.591545,4,"{""geodesic"":false,""type"":""Point"",""coordinates"":[38.21329138883869,-3.51640410327976]}"
00000000000000000176_0,0.13298951376318588,0.2347223,0.042715,0.053495000000000015,0.0867425,0.152825,0.24657250000000003,0.396145,0.32525,330.24392852,4,"{""geodesic"":false,""type"":""Point"",""coordinates"":[38.21815354466402,-3.515594053537457]}"
00000000000000000177_0,0.13170348268283683,0.23785819,0.041559999999999986,0.051844999999999974,0.0834975,0.144685,0.234995,0.37345750000000005,0.30160000000000003,330.22000238,4,"{""geodesic"":false,""type"":""Point"",""coordinates"":[38.22220702443848,-3.512883611230012]}"
00000000000000000178_0,0.13903572000640715,0.24408513,0.045052499999999995,0.055145,0.08875,0.14784750000000002,0.24332750000000003,0.38608000000000003,0.3151025,329.10572786,4,"{""geodesic"":false,""type"":""Point"",""coordinates"":[38.22976842326372,-3.5139754393734983]}"
00000000000000000179_0,0.13327161095409798,0.23144385,0.048077499999999995,0.05948999999999999,0.09389249999999999,0.14985500000000002,0.24011,0.3793975,0.30784249999999996,329.33473519999995,4,"{""geodesic"":false,""type"":""Point"",""coordinates"":[38.23328038063297,-3.5128928009843245]}"
0000000000000000017a_0,0.13103680132600493,0.23708238,0.03955249999999999,0.04956250000000001,0.0832775,0.14831499999999997,0.24049500000000001,0.37783000000000005,0.3110875,330.20974832,4,"{""geodesic"":false,""type"":""Point"",""coordinates"":[38.22599218864894,-3.508001847288062]}"
0000000000000000017b_0,0.14467380037056085,0.24591509,0.05049749999999997,0.06122250000000001,0.09416750000000002,0.14947,0.2469575,0.39386250000000006,0.30844750000000004,329.08180172,4,"{""geodesic"":false,""type"":""Point"",""coordinates"":[38.22221039242569,-3.5088128509958048]}"
0000000000000000017c_0,0.0988439726624982,0.18713593,0.0343,0.042715,0.07926250000000001,0.162395,0.23716750000000003,0.3628425,0.33548000000000006,334.51987154,4,"{""geodesic"":false,""type"":""Point"",""coordinates"":[38.229988917288956,-3.5739515987038915]}"
0000000000000000017d_0,0.12190262548148584,0.21825083,0.03993749999999999,0.048875,0.085395,0.162725,0.253585,0.3989225,0.33976999999999996,335.01548444,4,"{""geodesic"":false,""type"":""Point"",""coordinates"":[38.20244211775474,-3.5701286393068066]}"
0000000000000000017e_0,0.11792399617950314,0.21390745,0.039580000000000004,0.04895749999999999,0.08363500000000001,0.1584625,0.2447025,0.39853750000000004,0.3358925,330.36697724,4,"{""geodesic"":false,""type"":""Point"",""coordinates"":[38.20163697930893,-3.564157521799645]}"
0000000000000000017f_0,0.13339241856377826,0.22534432,0.04659250000000001,0.058967500000000006,0.09843000000000002,0.16789500000000002,0.265575,0.406375,0.330915,330.69168914,4,"{""geodesic"":false,""type"":""Point"",""coordinates"":[38.19164537109011,-3.561977715341884]}"
00000000000000000180_0,0.12556250685983972,0.22721638,0.036087499999999995,0.045162499999999994,0.0814625,0.16049750000000002,0.2548775,0.3870425,0.32514000000000004,331.12235966000003,4,"{""geodesic"":false,""type"":""Point"",""coordinates"":[38.20191291622277,-3.5573731970487255]}"
00000000000000000181_0,0.1077374393185811,0.20183358,0.0354825,0.044584999999999986,0.08085750000000003,0.15736250000000002,0.23694749999999998,0.31468999999999997,0.26376,332.94416432,4,"{""geodesic"":false,""type"":""Point"",""coordinates"":[38.209754623902256,-3.546796030602083]}"
00000000000000000182_0,0.10405575817985491,0.203597,0.03242999999999999,0.039002499999999996,0.07153500000000002,0.1482325,0.2240225,0.348625,0.31199499999999997,340.29974336,4,"{""geodesic"":false,""type"":""Point"",""coordinates"":[38.24915897011273,-3.5826518715707505]}"
00000000000000000183_0,0.10217000285628262,0.1984028,0.03471250000000001,0.04279749999999999,0.07854749999999999,0.14705000000000001,0.2198425,0.31458,0.2716525,329.58766868,4,"{""geodesic"":false,""type"":""Point"",""coordinates"":[38.28053043938378,-3.5319276750915605]}"
00000000000000000184_0,0.11033378431607616,0.21027216,0.040459999999999996,0.05288999999999999,0.08781499999999998,0.13307999999999998,0.2039475,0.27443,0.2260025,327.24632498,4,"{""geodesic"":false,""type"":""Point"",""coordinates"":[38.27351735666606,-3.5199811556206546]}"
00000000000000000185_0,0.12744642843090193,0.2395082,0.034822500000000006,0.0442275,0.08000499999999999,0.1414125,0.230485,0.3498625,0.295935,330.49686199999996,4,"{""geodesic"":false,""type"":""Point"",""coordinates"":[38.22817567149746,-3.4800510362686863]}"
00000000000000000186_0,0.1423788265306122,0.24797729,0.04403499999999999,0.055475,0.09103250000000002,0.1489475,0.2471775,0.3715325,0.295605,329.642357,4,"{""geodesic"":false,""type"":""Point"",""coordinates"":[38.22277578147591,-3.4781468926151295]}"
00000000000000000187_0,0.13690986430315877,0.2376383,0.04648250000000001,0.058445000000000025,0.09430499999999997,0.14936,0.242475,0.36691250000000003,0.297475,329.76198769999996,4,"{""geodesic"":false,""type"":""Point"",""coordinates"":[38.217914271772415,-3.478414243595919]}"
00000000000000000188_0,0.12942305385630326,0.24977727,0.03231999999999999,0.04070750000000001,0.0721675,0.133685,0.22270250000000003,0.33374750000000003,0.28213,330.13796990000003,4,"{""geodesic"":false,""type"":""Point"",""coordinates"":[38.23087639728255,-3.480053251624062]}"
00000000000000000189_0,0.12413936126088765,0.2327454,0.04024,0.04991999999999999,0.08184750000000002,0.13566499999999998,0.2179725,0.32651500000000006,0.267555,330.68143508,4,"{""geodesic"":false,""type"":""Point"",""coordinates"":[38.24813861777212,-3.5082913654580925]}"
0000000000000000018a_0,0.11218378849896,0.21380253,0.03836999999999999,0.05080000000000001,0.08514749999999999,0.1352525,0.20881500000000003,0.29159,0.23978,328.36743554,4,"{""geodesic"":false,""type"":""Point"",""coordinates"":[38.2448952399948,-3.5112739847493475]}"
0000000000000000018b_0,0.1403390881836038,0.24182512,0.05316500000000002,0.06356,0.09578999999999999,0.14045000000000002,0.230045,0.37733500000000003,0.3116925,330.82840994000003,4,"{""geodesic"":false,""type"":""Point"",""coordinates"":[38.24084882253443,-3.5053002151114105]}"
0000000000000000018c_0,0.1193963062403384,0.2119203,0.04722499999999999,0.05882999999999999,0.09400249999999999,0.15007500000000001,0.23078749999999998,0.34571,0.2913425,330.84550004,4,"{""geodesic"":false,""type"":""Point"",""coordinates"":[38.23895562595117,-3.5085552954947934]}"
0000000000000000018d_0,0.14208843420589945,0.2510195,0.044749999999999984,0.054952500000000015,0.08558749999999998,0.1425675,0.23813,0.3778575,0.2993725,329.33473519999995,4,"{""geodesic"":false,""type"":""Point"",""coordinates"":[38.22733902245193,-3.5123451176032985]}"
0000000000000000018e_0,0.13592530972879552,0.23824109,0.045685,0.056794999999999984,0.08869500000000002,0.14798499999999998,0.24054999999999999,0.38233999999999996,0.30743000000000004,330.2063303,4,"{""geodesic"":false,""type"":""Point"",""coordinates"":[38.225718979898204,-3.511801002383427]}"
0000000000000000018f_0,0.13923437512827463,0.24568057,0.04596,0.05610749999999998,0.08726499999999998,0.1432,0.23648000000000002,0.3803325,0.30050000000000004,329.43385778,4,"{""geodesic"":false,""type"":""Point"",""coordinates"":[38.22787985473505,-3.5115314127678534]}"
00000000000000000190_0,0.12847697126162363,0.2330524,0.04340250000000001,0.05253249999999998,0.08481749999999999,0.1436675,0.23098000000000002,0.37387,0.30792500000000006,329.19117836,4,"{""geodesic"":false,""type"":""Point"",""coordinates"":[38.23193107884607,-3.5115347641705505]}"
00000000000000000191_0,0.12701768780472414,0.23339176,0.03927749999999999,0.048490000000000005,0.08074749999999997,0.1454275,0.2339775,0.36562,0.30113249999999997,328.9929332,4,"{""geodesic"":false,""type"":""Point"",""coordinates"":[38.22760687258123,-3.515059185260421]}"
00000000000000000192_0,0.1361938961566329,0.23571084,0.0473625,0.057977500000000015,0.09216000000000002,0.1525225,0.24659999999999999,0.39771249999999997,0.31997000000000003,329.97732296000004,4,"{""geodesic"":false,""type"":""Point"",""coordinates"":[38.23300786040579,-3.5158778099939605]}"
00000000000000000193_0,0.12733737777015336,0.22569986,0.04425499999999999,0.05398999999999998,0.08831,0.1540625,0.24387750000000002,0.38855500000000004,0.3199975,332.61261637999996,4,"{""geodesic"":false,""type"":""Point"",""coordinates"":[38.23219627920667,-3.5175054489798936]}"
00000000000000000194_0,0.13736725433549143,0.23585513,0.04926,0.05957249999999997,0.09295750000000003,0.152935,0.24734250000000002,0.39708000000000004,0.3169175,332.23321616,4,"{""geodesic"":false,""type"":""Point"",""coordinates"":[38.23030391384051,-3.51967496100828]}"
00000000000000000195_0,0.12140896407262611,0.21723033,0.04111999999999999,0.05115750000000002,0.0864125,0.159095,0.2473975,0.38894,0.3291,332.43146132,4,"{""geodesic"":false,""type"":""Point"",""coordinates"":[38.23003115462294,-3.5229313506445026]}"
00000000000000000196_0,0.12666802405713568,0.22391346,0.04425499999999999,0.05497999999999997,0.0899875,0.1541725,0.243135,0.38476000000000005,0.31405750000000004,331.8811601,4,"{""geodesic"":false,""type"":""Point"",""coordinates"":[38.22895081517764,-3.522930453557627]}"
00000000000000000197_0,0.12890322883057428,0.22776614,0.04351250000000001,0.05434749999999999,0.08795249999999999,0.1538425,0.2445925,0.38825250000000006,0.32051999999999997,330.92069648,4,"{""geodesic"":false,""type"":""Point"",""coordinates"":[38.22571024705625,-3.5223849864059513]}"
00000000000000000198_0,0.12910044625381667,0.22535719,0.04631750000000001,0.05674000000000001,0.09097749999999999,0.1558775,0.24657250000000003,0.398785,0.32635,328.64087714,4,"{""geodesic"":false,""type"":""Point"",""coordinates"":[38.22354979679135,-3.522111797157489]}"
00000000000000000199_0,0.12433784579164212,0.22005893,0.0445575,0.05442999999999998,0.08968500000000001,0.15648250000000002,0.24478500000000003,0.39270750000000004,0.32775250000000006,328.93482686,4,"{""geodesic"":false,""type"":""Point"",""coordinates"":[38.22273706697068,-3.525096342690121]}"
0000000000000000019a_0,0.12649526729137378,0.22078882,0.048655000000000004,0.05806,0.09202250000000001,0.15538249999999998,0.24343750000000003,0.38723500000000005,0.32197749999999997,331.48125175999996,4,"{""geodesic"":false,""type"":""Point"",""coordinates"":[38.22111791122785,-3.523466679816522]}"
0000000000000000019b_0,0.12762685395841428,0.22120634,0.04868249999999999,0.059352499999999975,0.09342499999999998,0.1558775,0.24442750000000002,0.39793249999999997,0.32712,328.66138526,4,"{""geodesic"":false,""type"":""Point"",""coordinates"":[38.22219869993602,-3.522924818274203]}"
0000000000000000019c_0,0.1254471795114786,0.21826732,0.0476375,0.05885750000000001,0.09293000000000001,0.156455,0.2438225,0.38145999999999997,0.3143875,329.74147958000003,4,"{""geodesic"":false,""type"":""Point"",""coordinates"":[38.220848729561034,-3.522380917605467]}"
0000000000000000019d_0,0.1281991040942267,0.21987106,0.049205,0.06031500000000001,0.09496500000000002,0.15972750000000002,0.2497625,0.39620000000000005,0.32456250000000003,329.63210294,4,"{""geodesic"":false,""type"":""Point"",""coordinates"":[38.22247058562952,-3.520753972880621]}"
0000000000000000019e_0,0.12496447630174617,0.21891029,0.047032500000000005,0.057674999999999976,0.09196749999999998,0.1553275,0.2423925,0.38564000000000004,0.32197749999999997,329.63552096,4,"{""geodesic"":false,""type"":""Point"",""coordinates"":[38.22112039240225,-3.5204814571337653]}"
0000000000000000019f_0,0.12415392805536546,0.21781848,0.0446125,0.054705000000000004,0.0904275,0.16121249999999998,0.251,0.39807,0.335095,329.70388135999997,4,"{""geodesic"":false,""type"":""Point"",""coordinates"":[38.218960402207856,-3.5196654909623146]}"
000000000000000001a0_0,0.12569189092129807,0.21607047,0.04950750000000001,0.06023250000000002,0.09458,0.16063500000000003,0.249185,0.40062749999999997,0.329595,330.03884732,4,"{""geodesic"":false,""type"":""Point"",""coordinates"":[38.21814720953282,-3.523192797206874]}"
000000000000000001a1_0,0.13015277952064255,0.21847679,0.0533575,0.06411,0.09856749999999997,0.1632475,0.25452,0.40821749999999996,0.33405,331.03349114,4,"{""geodesic"":false,""type"":""Point"",""coordinates"":[38.216528519799276,-3.521020361602905]}"
000000000000000001a2_0,0.12552699267917758,0.2258422,0.040459999999999996,0.049644999999999995,0.08682499999999999,0.15549249999999998,0.24621500000000002,0.3800575,0.32637750000000004,327.64965134,4,"{""geodesic"":false,""type"":""Point"",""coordinates"":[38.23945602023284,-3.5574050350778137]}"
000000000000000001a3_0,0.11235623709820114,0.20409058,0.0386725,0.048380000000000006,0.0870725,0.16343999999999997,0.24725999999999998,0.39438500000000004,0.34969750000000005,328.0700678,4,"{""geodesic"":false,""type"":""Point"",""coordinates"":[38.243237358624675,-3.557408156785586]}"
000000000000000001a4_0,0.1081587651598677,0.19699395,0.039057499999999995,0.048655000000000004,0.08886,0.1649525,0.24588500000000002,0.395925,0.35484,327.53343866,4,"{""geodesic"":false,""type"":""Point"",""coordinates"":[38.24458739545224,-3.5579520382499985]}"
000000000000000001a5_0,0.12398506945780582,0.22229052,0.04133999999999999,0.05159750000000002,0.0893275,0.1549975,0.2436025,0.383715,0.3278075,337.2303614,4,"{""geodesic"":false,""type"":""Point"",""coordinates"":[38.251081510803665,-3.543302521528569]}"
000000000000000001a6_0,0.12247046973720353,0.22030747,0.040075,0.050634999999999986,0.08833750000000001,0.1562075,0.2444825,0.38003000000000003,0.32316000000000006,337.37050022,4,"{""geodesic"":false,""type"":""Point"",""coordinates"":[38.25405339423583,-3.542219385064479]}"
000000000000000001a7_0,0.11472429516032077,0.20107223,0.043237499999999984,0.05431999999999998,0.09713749999999999,0.1710025,0.2570775,0.4132225,0.35654500000000006,336.32458610000003,4,"{""geodesic"":false,""type"":""Point"",""coordinates"":[38.25784137678824,-3.5338094642295133]}"
000000000000000001a8_0,0.1247981040650897,0.2188393,0.04296249999999999,0.05404500000000001,0.0951575,0.16231250000000003,0.253255,0.40324,0.34408750000000005,333.89437388,4,"{""geodesic"":false,""type"":""Point"",""coordinates"":[38.25676080183517,-3.5340799829210643]}"
000000000000000001a9_0,0.104145498882341,0.20011196,0.037242499999999984,0.04524500000000001,0.078795,0.1464725,0.21976,0.34147500000000003,0.2926625,331.60771850000003,4,"{""geodesic"":false,""type"":""Point"",""coordinates"":[38.26621203487765,-3.536530010041923]}"
000000000000000001aa_0,0.10340296836491139,0.1974972,0.03716,0.04598749999999999,0.07937250000000001,0.1486175,0.2217675,0.34876250000000003,0.299675,336.37927442,4,"{""geodesic"":false,""type"":""Point"",""coordinates"":[38.26297287140705,-3.534084953491054]}"
000000000000000001ab_0,0.11479131831743217,0.21428223,0.04252249999999999,0.051734999999999975,0.0838275,0.14122,0.21824749999999998,0.33393999999999996,0.2768775,333.8807018,4,"{""geodesic"":false,""type"":""Point"",""coordinates"":[38.26432439119222,-3.5327290958481674]}"
000000000000000001ac_0,0.10852938177082924,0.20858547,0.036087499999999995,0.0445025,0.0781075,0.144355,0.22044750000000002,0.33847750000000004,0.29777750000000003,328.52466446,4,"{""geodesic"":false,""type"":""Point"",""coordinates"":[38.27513199663775,-3.5275812648861837]}"
000000000000000001ad_0,0.10235679963389518,0.18988937,0.03944249999999999,0.049754999999999994,0.08894249999999998,0.157445,0.231255,0.34210749999999995,0.30283750000000004,328.16919038000003,4,"{""geodesic"":false,""type"":""Point"",""coordinates"":[38.276483491102816,-3.5262253836676685]}"
000000000000000001af_0,0.1303735837736807,0.22641441,0.04554749999999999,0.056052500000000005,0.09400249999999999,0.15926,0.252485,0.39818000000000003,0.329045,334.49252737999996,4,"{""geodesic"":false,""type"":""Point"",""coordinates"":[38.24677230246286,-3.5281014190945217]}"
000000000000000001b0_0,0.12593269492191037,0.214669,0.0475275,0.05937999999999999,0.097605,0.1677575,0.25947,0.40565999999999997,0.33553499999999997,332.7698453,4,"{""geodesic"":false,""type"":""Point"",""coordinates"":[38.2440692350615,-3.530813072550347]}"
000000000000000001b1_0,0.12291609936159267,0.21136087,0.04722499999999999,0.058499999999999996,0.09796250000000001,0.16674,0.256115,0.396805,0.33009000000000005,334.09261904,4,"{""geodesic"":false,""type"":""Point"",""coordinates"":[38.24515090203861,-3.5291856417985596]}"
000000000000000001b2_0,0.13367672308069656,0.22138728,0.04991999999999999,0.062212500000000004,0.10304999999999997,0.17394500000000002,0.2728625,0.43624,0.35363000000000006,329.0100233,4,"{""geodesic"":false,""type"":""Point"",""coordinates"":[38.23245813716,-3.527546902539122]}"
000000000000000001b3_0,0.1294452780464769,0.22032021,0.048985,0.059462499999999974,0.097055,0.1653925,0.258865,0.40414750000000005,0.3344075,328.40161574,4,"{""geodesic"":false,""type"":""Point"",""coordinates"":[38.227053721366644,-3.5307990234491267]}"
000000000000000001b4_0,0.12581168831168832,0.2159288,0.0478575,0.05839,0.09427750000000001,0.1656125,0.25683,0.399885,0.33212500000000006,328.92457279999996,4,"{""geodesic"":false,""type"":""Point"",""coordinates"":[38.22462248902811,-3.531339759020418]}"
000000000000000001b5_0,0.12685029903436024,0.216599,0.048875,0.0598475,0.09730250000000001,0.16476000000000002,0.2558675,0.40698000000000006,0.336965,329.7278075,4,"{""geodesic"":false,""type"":""Point"",""coordinates"":[38.22867379563225,-3.5313431435575606]}"
000000000000000001b6_0,0.11908333958442728,0.20985429,0.04367750000000001,0.05398999999999998,0.09075749999999999,0.164375,0.2516875,0.39845500000000006,0.3361675,327.29759528,4,"{""geodesic"":false,""type"":""Point"",""coordinates"":[38.221923652791595,-3.5288950378516173]}"
000000000000000001b7_0,0.13591501189550795,0.22632562,0.05275249999999998,0.06441249999999998,0.09942000000000001,0.162725,0.25793,0.41311250000000005,0.33751499999999995,331.34453096,4,"{""geodesic"":false,""type"":""Point"",""coordinates"":[38.2173321916762,-3.528891169904794]}"
000000000000000001b8_0,0.13188473158261682,0.22431502,0.049177499999999985,0.06025999999999998,0.096615,0.1619,0.25553750000000003,0.408685,0.3331975,330.90702439999995,4,"{""geodesic"":false,""type"":""Point"",""coordinates"":[38.21625093881017,-3.5299757905738165]}"
000000000000000001b9_0,0.13446082501684195,0.22610003,0.05118499999999998,0.06268000000000001,0.09832000000000002,0.16157,0.2559775,0.4065675,0.3296775,331.47441572,4,"{""geodesic"":false,""type"":""Point"",""coordinates"":[38.21624911834301,-3.532146858658344]}"
000000000000000001ba_0,0.13208698234826652,0.22532538,0.048022499999999996,0.062212500000000004,0.09980499999999998,0.15557500000000002,0.2460775,0.365345,0.29890500000000003,331.05058124,4,"{""geodesic"":false,""type"":""Point"",""coordinates"":[38.21462837053688,-3.5324168683069184]}"
000000000000000001bb_0,0.12796890851584414,0.2185692,0.047032500000000005,0.05756499999999998,0.0954875,0.168665,0.2630175,0.41121500000000005,0.33957750000000003,330.2576006,4,"{""geodesic"":false,""type"":""Point"",""coordinates"":[38.21732946516039,-3.5321477729150024]}"
000000000000000001bc_0,0.12506954659431282,0.21394286,0.04846249999999999,0.05957249999999997,0.097055,0.16580499999999998,0.25606,0.40026999999999996,0.3287425,330.40457546,4,"{""geodesic"":false,""type"":""Point"",""coordinates"":[38.215172644282866,-3.527532424537499]}"
000000000000000001bd_0,0.12479858456288905,0.21545632,0.04675750000000001,0.06047999999999998,0.10016249999999999,0.158215,0.24511500000000003,0.35756250000000006,0.295495,330.48318992,4,"{""geodesic"":false,""type"":""Point"",""coordinates"":[38.21355350136085,-3.5259027505402116]}"
000000000000000001be_0,0.1315841576317227,0.22587702,0.04744499999999999,0.060177499999999995,0.09774250000000001,0.15659250000000002,0.247975,0.35871749999999997,0.284935,330.16873208,4,"{""geodesic"":false,""type"":""Point"",""coordinates"":[38.21138985067367,-3.529428896960108]}"
000000000000000001bf_0,0.13418472672469958,0.22790985,0.050002500000000005,0.06094749999999999,0.09562500000000002,0.15926,0.2532825,0.392075,0.31656,329.2151045,4,"{""geodesic"":false,""type"":""Point"",""coordinates"":[38.209767961267445,-3.5310558143104354]}"
000000000000000001c0_0,0.14492577269408616,0.24061343,0.0539075,0.06515500000000002,0.09856749999999997,0.15505249999999998,0.25331,0.40755749999999996,0.32461750000000006,328.40503376000004,4,"{""geodesic"":false,""type"":""Point"",""coordinates"":[38.207877820124715,-3.5305114326608265]}"
000000000000000001c1_0,0.13375366801490995,0.23151031,0.04689499999999999,0.05822499999999997,0.09240749999999998,0.1539525,0.24670999999999998,0.3780225,0.3085575,328.19995256,4,"{""geodesic"":false,""type"":""Point"",""coordinates"":[38.209230543322754,-3.5277987563478046]}"
000000000000000001c2_0,0.14130590539271104,0.24057122,0.04744499999999999,0.05987500000000001,0.09433249999999999,0.15409,0.251715,0.39521,0.31339750000000005,327.45824222,4,"{""geodesic"":false,""type"":""Point"",""coordinates"":[38.20761026375403,-3.527525989050409]}"
000000000000000001c3_0,0.12918093128806607,0.22403988,0.04659250000000001,0.05764750000000002,0.09545999999999999,0.157775,0.2488825,0.378435,0.31155499999999997,327.93676502,4,"{""geodesic"":false,""type"":""Point"",""coordinates"":[38.21328706377991,-3.521560387643711]}"
000000000000000001c4_0,0.1297353803906884,0.21857786,0.05214750000000001,0.06312000000000001,0.09810000000000002,0.163495,0.25496,0.41509250000000003,0.33847750000000004,328.28198504,4,"{""geodesic"":false,""type"":""Point"",""coordinates"":[38.21517673899992,-3.522647521982842]}"
000000000000000001c5_0,0.1222552186070709,0.20365244,0.04961750000000001,0.06182749999999998,0.10566249999999999,0.18194749999999998,0.2750075,0.42898,0.34537999999999996,330.59256656,4,"{""geodesic"":false,""type"":""Point"",""coordinates"":[38.23354181564522,-3.5234770268360127]}"
000000000000000001c6_0,0.13642233788596256,0.23483373,0.04722499999999999,0.05764750000000002,0.09205000000000002,0.15617999999999999,0.252045,0.39875750000000004,0.3208775,332.08965932,4,"{""geodesic"":false,""type"":""Point"",""coordinates"":[38.23489445806193,-3.520764293845792]}"
000000000000000001c7_0,0.13563644794806398,0.24400337,0.04106499999999999,0.05137750000000002,0.08368999999999999,0.1445475,0.23785499999999998,0.37901250000000003,0.30875,332.06231516,4,"{""geodesic"":false,""type"":""Point"",""coordinates"":[38.22679282362781,-3.519672044604854]}"
000000000000000001c8_0,0.13271534083262745,0.23791033,0.04224749999999999,0.05187249999999999,0.08401999999999998,0.1476825,0.23989,0.38030500000000006,0.309355,330.62674676,4,"{""geodesic"":false,""type"":""Point"",""coordinates"":[38.223284657112934,-3.516141122358605]}"
000000000000000001c9_0,0.09942311517803853,0.18241481,0.04367750000000001,0.05583250000000001,0.09469,0.15400750000000002,0.22272999999999998,0.2944775,0.2472875,334.48227332,4,"{""geodesic"":false,""type"":""Point"",""coordinates"":[38.26296579455152,-3.543040705458841]}"
000000000000000001ca_0,0.10478959352668193,0.20086773,0.037654999999999994,0.046207499999999985,0.0801425,0.14551000000000003,0.21866000000000002,0.3437575,0.2995925,335.66832625999996,4,"{""geodesic"":false,""type"":""Point"",""coordinates"":[38.26134975370263,-3.5373402969288947]}"
000000000000000001cb_0,0.11348146382522288,0.19944303,0.0445025,0.055337499999999984,0.09677999999999998,0.16817,0.2519625,0.4031025,0.34537999999999996,334.43783906,4,"{""geodesic"":false,""type"":""Point"",""coordinates"":[38.25810931001309,-3.536523542317785]}"
000000000000000001cc_0,0.11642510960603468,0.2098823,0.04345750000000001,0.05247750000000001,0.08946500000000002,0.1564275,0.23953249999999998,0.38583249999999997,0.330915,335.22398366,4,"{""geodesic"":false,""type"":""Point"",""coordinates"":[38.25864862874319,-3.5376095203736244]}"
000000000000000001cd_0,0.12527481004358393,0.21632357,0.04705999999999999,0.05858249999999998,0.09650500000000001,0.16179,0.25111,0.40106749999999997,0.33680000000000004,333.92855408,4,"{""geodesic"":false,""type"":""Point"",""coordinates"":[38.23839207797696,-3.537321662264091]}"
000000000000000001ce_0,0.14363820979457936,0.24079277,0.049754999999999994,0.060919999999999974,0.09887000000000001,0.1594525,0.2605975,0.42361750000000004,0.3412825,332.05547912,4,"{""geodesic"":false,""type"":""Point"",""coordinates"":[38.23623447029715,-3.533520492249241]}"
000000000000000001d0_0,0.11018072810076965,0.20078073,0.03716,0.046345,0.08569749999999998,0.16737249999999998,0.2514675,0.38775750000000003,0.34073250000000005,334.96763216,4,"{""geodesic"":false,""type"":""Point"",""coordinates"":[38.23810219810712,-3.5614746876562524]}"
000000000000000001d1_0,0.10230617052659542,0.18923494,0.034877500000000006,0.04274249999999999,0.08088499999999998,0.1724325,0.252925,0.38811500000000004,0.35335500000000003,331.36503908,4,"{""geodesic"":false,""type"":""Point"",""coordinates"":[38.24511984735261,-3.567450963282785]}"
000000000000000001d2_0,0.10878103268115158,0.20468427,0.0328425,0.04054250000000001,0.07670500000000002,0.16129500000000002,0.24431750000000002,0.37959000000000004,0.34095250000000005,331.34794897999996,4,"{""geodesic"":false,""type"":""Point"",""coordinates"":[38.245118961452356,-3.5685365038504933]}"
000000000000000001d3_0,0.11905101269972491,0.20146476,0.04587749999999999,0.05828,0.103325,0.182085,0.2739625,0.41281000000000007,0.343235,332.03838901999995,4,"{""geodesic"":false,""type"":""Point"",""coordinates"":[38.1970427771437,-3.5671387161375203]}"
000000000000000001d4_0,0.13183589981089117,0.23535012,0.0415325,0.0507725,0.08456999999999998,0.152605,0.24654500000000001,0.393395,0.3184025,331.84014386,4,"{""geodesic"":false,""type"":""Point"",""coordinates"":[38.19623814356337,-3.5606248379516594]}"
000000000000000001d5_0,0.1369185087429891,0.23935215,0.04502500000000001,0.05676749999999997,0.08907999999999999,0.1487,0.2422825,0.3843475,0.30655000000000004,328.55884466,4,"{""geodesic"":false,""type"":""Point"",""coordinates"":[38.196548897232226,-3.513404576261608]}"
000000000000000001d6_0,0.12570677709644024,0.23214011,0.039635000000000004,0.04871,0.08088499999999998,0.14358500000000002,0.2304025,0.34793749999999996,0.28697,326.1388865,4,"{""geodesic"":false,""type"":""Point"",""coordinates"":[38.197093692661404,-3.5079773952737234]}"
000000000000000001d7_0,0.12473139526267688,0.2326734,0.04054250000000001,0.050002500000000005,0.08121499999999998,0.1373975,0.2207225,0.34122749999999996,0.277455,326.84299862,4,"{""geodesic"":false,""type"":""Point"",""coordinates"":[38.199793323758676,-3.5093366312465135]}"
000000000000000001d8_0,0.13334591959023517,0.23684995,0.044997499999999996,0.05624499999999999,0.08770499999999998,0.14394250000000003,0.23329,0.36696750000000006,0.2934325,328.14868226,4,"{""geodesic"":false,""type"":""Point"",""coordinates"":[38.20222150234442,-3.5123239259937957]}"
000000000000000001d9_0,0.12875348117174845,0.23858558,0.03762750000000001,0.0475825,0.079235,0.14160499999999998,0.23034749999999998,0.35566499999999995,0.2928,327.17454655999995,4,"{""geodesic"":false,""type"":""Point"",""coordinates"":[38.196828475317254,-3.502278132566468]}"
000000000000000001da_0,0.13745412119297049,0.24598461,0.043484999999999996,0.05297249999999998,0.08470749999999999,0.1430075,0.236315,0.374585,0.29995,325.73556013999996,4,"{""geodesic"":false,""type"":""Point"",""coordinates"":[38.194943034193614,-3.4963060934805505]}"
000000000000000001db_0,0.09617384843982166,0.18775094,0.030945,0.0398,0.07428499999999999,0.15400750000000002,0.225205,0.349725,0.32656999999999997,330.13113386,4,"{""geodesic"":false,""type"":""Point"",""coordinates"":[38.22972379357621,-3.5679809200597767]}"
000000000000000001dc_0,0.11343901267413076,0.21628027,0.0324025,0.03927749999999999,0.07346000000000003,0.1529625,0.23738750000000003,0.36193500000000006,0.31834750000000006,334.6326662,4,"{""geodesic"":false,""type"":""Point"",""coordinates"":[38.23674388173308,-3.57097202754387]}"
000000000000000001dd_0,0.11388275064249545,0.19799422,0.04076250000000001,0.05165249999999999,0.09669749999999999,0.18313000000000001,0.27355,0.38913250000000005,0.33905500000000005,337.99257986,4,"{""geodesic"":false,""type"":""Point"",""coordinates"":[38.24214052476022,-3.577489753357225]}"
000000000000000001de_0,0.11736557568673295,0.21695466,0.03366749999999999,0.04299,0.079015,0.1594525,0.24781000000000003,0.37937000000000004,0.33468250000000005,334.02425863999997,4,"{""geodesic"":false,""type"":""Point"",""coordinates"":[38.242685624937764,-3.5715197322982166]}"
000000000000000001df_0,0.10577228516540867,0.20713079,0.0321275,0.038589999999999985,0.0710675,0.14721499999999998,0.2241325,0.32615750000000004,0.283615,341.32856738,4,"{""geodesic"":false,""type"":""Point"",""coordinates"":[38.24726979814807,-3.5807506175135444]}"
000000000000000001e0_0,0.1134657802830709,0.22205493,0.030945,0.03803999999999999,0.06969249999999999,0.14273249999999998,0.224215,0.31900750000000005,0.27311,339.88274492,4,"{""geodesic"":false,""type"":""Point"",""coordinates"":[38.246190496687575,-3.5793928004336095]}"
000000000000000001e1_0,0.10381409969186653,0.18859719,0.036197499999999994,0.0447225,0.08487250000000002,0.17818,0.26101,0.3991425,0.3642175,327.75902798,4,"{""geodesic"":false,""type"":""Point"",""coordinates"":[38.24673800859449,-3.5704375344425356]}"
000000000000000001e2_0,0.12435793457691266,0.23296799,0.0328425,0.04128499999999999,0.07533000000000001,0.1499375,0.2410175,0.36639000000000005,0.30916250000000006,336.57751958,4,"{""geodesic"":false,""type"":""Point"",""coordinates"":[38.24080027298677,-3.5650049292407524]}"
000000000000000001e4_0,0.11101841989616926,0.20925839,0.03408,0.04268749999999999,0.07728249999999998,0.1548875,0.236865,0.3555,0.3059175,336.55359344,4,"{""geodesic"":false,""type"":""Point"",""coordinates"":[38.23485633105289,-3.5671710664808347]}"
000000000000000001e5_0,0.11018434617270015,0.20903867,0.03383249999999999,0.04144999999999999,0.07579750000000002,0.15436499999999997,0.2359575,0.3628425,0.31807250000000004,334.98130424,4,"{""geodesic"":false,""type"":""Point"",""coordinates"":[38.23566483111815,-3.5693428189735874]}"
000000000000000001e6_0,0.11608449357460554,0.21557021,0.03397,0.041669999999999985,0.07794250000000003,0.16036,0.24849749999999998,0.36925,0.31878750000000006,334.44125708,4,"{""geodesic"":false,""type"":""Point"",""coordinates"":[38.237284976006435,-3.5698869392258628]}"
000000000000000001e7_0,0.11394837016911236,0.20909597,0.0352625,0.04356750000000001,0.08105000000000001,0.16533750000000003,0.25276,0.3774175,0.3264875,334.09945508,4,"{""geodesic"":false,""type"":""Point"",""coordinates"":[38.238366042725296,-3.569073684300839]}"
000000000000000001ea_0,0.11717281885376976,0.21030988,0.040075,0.04945250000000001,0.08924500000000002,0.1641825,0.2516325,0.39455,0.34293250000000003,333.060377,4,"{""geodesic"":false,""type"":""Point"",""coordinates"":[38.23675640555412,-3.555774487677588]}"
000000000000000001eb_0,0.11290673020011543,0.20688407,0.03814999999999999,0.047967499999999996,0.08649499999999999,0.158875,0.24176000000000003,0.38803250000000006,0.34502249999999995,329.5739966,4,"{""geodesic"":false,""type"":""Point"",""coordinates"":[38.24216207008848,-3.5511654106185317]}"
000000000000000001ec_0,0.11529207824618552,0.21141988,0.03776499999999999,0.04700499999999999,0.0837175,0.15827000000000002,0.243135,0.38410000000000005,0.33534250000000004,331.25908046,4,"{""geodesic"":false,""type"":""Point"",""coordinates"":[38.247296272728306,-3.548184381703706]}"
000000000000000001ed_0,0.11524155085461316,0.21385399,0.03705,0.04637250000000001,0.08173750000000002,0.15315499999999999,0.23648000000000002,0.3701575,0.32090500000000005,332.28790448,4,"{""geodesic"":false,""type"":""Point"",""coordinates"":[38.24837576872275,-3.5492708055401407]}"
000000000000000001ee_0,0.0775889022363376,0.1623267,0.033062499999999995,0.042330000000000007,0.07557750000000002,0.1338225,0.1856875,0.23367500000000002,0.1928375,338.32754581999995,4,"{""geodesic"":false,""type"":""Point"",""coordinates"":[38.262153796126476,-3.5452111485732507]}"
000000000000000001ef_0,0.09519078219900323,0.18192196,0.040569999999999995,0.050360000000000016,0.08575250000000001,0.1469125,0.2122525,0.29258,0.253035,336.39978254,4,"{""geodesic"":false,""type"":""Point"",""coordinates"":[38.261617266311184,-3.5405971488222523]}"
000000000000000001f0_0,0.1140848588659315,0.19686511,0.04408999999999999,0.05555749999999998,0.10126249999999998,0.17933500000000002,0.2672525,0.414075,0.35852500000000004,334.58139589999996,4,"{""geodesic"":false,""type"":""Point"",""coordinates"":[38.25459921747744,-3.5351637879704083]}"
000000000000000001f1_0,0.12831262047673522,0.22534075,0.04519000000000001,0.05586000000000002,0.09064749999999999,0.15480500000000003,0.24486750000000002,0.3892975,0.32527750000000005,332.26739636,4,"{""geodesic"":false,""type"":""Point"",""coordinates"":[38.24406813751828,-3.5321699990024595]}"
000000000000000001f2_0,0.14198028638758614,0.24193637,0.0476925,0.05830750000000001,0.09463500000000002,0.15626250000000003,0.256005,0.4057975,0.32866,333.01594274,4,"{""geodesic"":false,""type"":""Point"",""coordinates"":[38.237316153098554,-3.531893074384713]}"
000000000000000001f3_0,0.13381166646398313,0.23990618,0.043539999999999995,0.05352249999999997,0.08715499999999998,0.14380500000000002,0.23458250000000003,0.38088249999999996,0.318375,333.22785998,4,"{""geodesic"":false,""type"":""Point"",""coordinates"":[38.237048058625284,-3.52945038812446]}"
000000000000000001f4_0,0.14005958585369463,0.23721907,0.05247750000000001,0.0633125,0.098045,0.15089999999999998,0.24475750000000002,0.3874825,0.320575,333.402179,4,"{""geodesic"":false,""type"":""Point"",""coordinates"":[38.235696957218465,-3.530263429038247]}"
000000000000000001f5_0,0.1271173319295203,0.2179085,0.048655000000000004,0.059819999999999984,0.09746749999999998,0.16206500000000001,0.252375,0.41011500000000006,0.34183250000000004,333.22785998,4,"{""geodesic"":false,""type"":""Point"",""coordinates"":[38.23758225278758,-3.5367782244568056]}"
000000000000000001f6_0,0.12633642854500382,0.21505654,0.046015,0.05803249999999999,0.0985125,0.17138750000000003,0.2653,0.41666,0.3529425,331.56328424000003,4,"{""geodesic"":false,""type"":""Point"",""coordinates"":[38.23487935661528,-3.539218454670082]}"
000000000000000001f7_0,0.12249745503902276,0.21488741,0.043127499999999985,0.05445749999999999,0.09353499999999998,0.16321999999999998,0.2525675,0.395815,0.339165,329.55348848,4,"{""geodesic"":false,""type"":""Point"",""coordinates"":[38.23190769798055,-3.540030142259598]}"
000000000000000001f8_0,0.12377096151526124,0.21972293,0.04211000000000001,0.051844999999999974,0.08918999999999999,0.16030499999999998,0.2505875,0.3896825,0.3324,329.95339681999997,4,"{""geodesic"":false,""type"":""Point"",""coordinates"":[38.22920657490304,-3.5402992760861713]}"
000000000000000001f9_0,0.13199220448725182,0.22928616,0.048490000000000005,0.05910500000000002,0.0954875,0.151505,0.24165000000000003,0.39169000000000004,0.33795500000000006,331.25908046,4,"{""geodesic"":false,""type"":""Point"",""coordinates"":[38.23055478366052,-3.543014246125919]}"
000000000000000001fa_0,0.11310749980926221,0.20225729,0.0431,0.05398999999999998,0.09293000000000001,0.1608,0.24233749999999998,0.3791225,0.33779,334.50961748,4,"{""geodesic"":false,""type"":""Point"",""coordinates"":[38.22650139578446,-3.5454533155566743]}"
000000000000000001fb_0,0.11367677210928098,0.20877413,0.039415000000000006,0.048187499999999994,0.08478999999999998,0.15659250000000002,0.23923,0.3665825,0.31689000000000006,329.69704532000003,4,"{""geodesic"":false,""type"":""Point"",""coordinates"":[38.22488468800663,-3.540838426660927]}"
000000000000000001fc_0,0.12945419313166107,0.22228023,0.04788500000000001,0.058445000000000025,0.09326000000000001,0.16198250000000003,0.254575,0.4015625,0.3287425,327.14720239999997,4,"{""geodesic"":false,""type"":""Point"",""coordinates"":[38.22435397820036,-3.5294398444721176]}"
000000000000000001fd_0,0.1426418766726575,0.2348867,0.05398999999999998,0.0650175,0.10214250000000002,0.1628075,0.26277,0.4241675,0.339,329.42360371999996,4,"{""geodesic"":false,""type"":""Point"",""coordinates"":[38.2313766768365,-3.5289029296294774]}"
000000000000000001fe_0,0.1302528997908348,0.23452714,0.04419999999999999,0.055117499999999986,0.0891075,0.1414125,0.22806500000000002,0.35572,0.3043775,331.49150582,4,"{""geodesic"":false,""type"":""Point"",""coordinates"":[38.242452663123856,-3.5259268142887796]}"
000000000000000001ff_0,0.1300936068512249,0.2261061,0.04816000000000001,0.05863750000000001,0.0930125,0.15370499999999998,0.24352000000000001,0.3933125,0.32104249999999995,330.0012491,4,"{""geodesic"":false,""type"":""Point"",""coordinates"":[38.225708676823935,-3.524284675588927]}"
00000000000000000200_0,0.12728311861500727,0.22487044,0.045575000000000004,0.05599749999999998,0.09061999999999998,0.15200000000000002,0.24019250000000003,0.363805,0.294395,330.72928736,4,"{""geodesic"":false,""type"":""Point"",""coordinates"":[38.20869885427681,-3.5177571218599826]}"
00000000000000000201_0,0.13605712334098471,0.23403965,0.04832500000000001,0.058967500000000006,0.0927925,0.1541725,0.24838749999999998,0.3919375,0.3226925,329.51930828,4,"{""geodesic"":false,""type"":""Point"",""coordinates"":[38.216262291211734,-3.51640661272637]}"
00000000000000000202_0,0.13663669717372895,0.23551822,0.04882,0.05957249999999997,0.0925725,0.1512575,0.24445499999999998,0.39301,0.31702749999999996,330.17215009999995,4,"{""geodesic"":false,""type"":""Point"",""coordinates"":[38.213293208008295,-3.514233036006828]}"
00000000000000000203_0,0.134354013431404,0.23990786,0.042715,0.05299999999999999,0.08569749999999998,0.14641749999999998,0.23884500000000003,0.37871000000000005,0.31119749999999996,329.66286512,4,"{""geodesic"":false,""type"":""Point"",""coordinates"":[38.229767087659496,-3.515603746251272]}"
00000000000000000204_0,0.1319734360644111,0.24234943,0.04013,0.04926,0.0808025,0.14078000000000002,0.2308425,0.36078000000000005,0.2980525,329.74147958000003,4,"{""geodesic"":false,""type"":""Point"",""coordinates"":[38.228685864724355,-3.51668838833049]}"
00000000000000000205_0,0.135472689844837,0.24560156,0.04257749999999999,0.05148750000000002,0.0830575,0.1406425,0.23221750000000002,0.37464000000000003,0.30358,330.53787824,4,"{""geodesic"":false,""type"":""Point"",""coordinates"":[38.228414665943674,-3.5180450860717287]}"
00000000000000000206_0,0.12345317235720621,0.2257427,0.043704999999999994,0.05497999999999997,0.084955,0.139075,0.2201725,0.35671,0.29247,331.00272896,4,"{""geodesic"":false,""type"":""Point"",""coordinates"":[38.21977471364075,-3.5147812632172712]}"
00000000000000000207_0,0.11985566453130715,0.22277135,0.03925000000000001,0.048765,0.08195750000000002,0.144685,0.22762500000000002,0.3635025,0.30597250000000004,331.31376878000003,4,"{""geodesic"":false,""type"":""Point"",""coordinates"":[38.22058315680044,-3.516953013638522]}"
00000000000000000208_0,0.13284588434310637,0.22663632,0.05091000000000001,0.06193749999999998,0.0957075,0.15549249999999998,0.2466275,0.389875,0.31502,327.89233076,4,"{""geodesic"":false,""type"":""Point"",""coordinates"":[38.21301971366321,-3.518303558333842]}"
00000000000000000209_0,0.10430619282396197,0.19234627,0.035097500000000004,0.044529999999999986,0.08333249999999998,0.16904999999999998,0.24957000000000001,0.3876475,0.3500825,328.00854344,4,"{""geodesic"":false,""type"":""Point"",""coordinates"":[38.244584299708535,-3.561751430440165]}"
0000000000000000020a_0,0.10283749927168909,0.1971166,0.03176999999999999,0.039580000000000004,0.07491750000000003,0.15816000000000002,0.23582000000000003,0.37486,0.341145,329.04078547999995,4,"{""geodesic"":false,""type"":""Point"",""coordinates"":[38.24620267388793,-3.564466615188627]}"
0000000000000000020b_0,0.10566991693752256,0.19898608,0.033007499999999995,0.04139499999999999,0.07772249999999997,0.16195500000000002,0.24242000000000002,0.37810499999999997,0.33597499999999997,328.14184622,4,"{""geodesic"":false,""type"":""Point"",""coordinates"":[38.245931691731066,-3.5655519340001502]}"
0000000000000000020c_0,0.11436380111659986,0.2154676,0.0327325,0.040185,0.07428499999999999,0.15670250000000002,0.24277749999999998,0.35646249999999996,0.31004250000000005,336.97742791999997,4,"{""geodesic"":false,""type"":""Point"",""coordinates"":[38.23755328394413,-3.5720582413174413]}"
0000000000000000020d_0,0.11332845111680707,0.21449047,0.0325675,0.0398,0.07472499999999999,0.15585,0.24096250000000002,0.36713250000000003,0.32098750000000004,336.58777364,4,"{""geodesic"":false,""type"":""Point"",""coordinates"":[38.238903335189505,-3.5726021348480645]}"
0000000000000000020e_0,0.1063592699327569,0.21122442,0.03064249999999999,0.03757250000000001,0.06944499999999998,0.14212750000000002,0.21824749999999998,0.31403,0.268545,339.48283658,4,"{""geodesic"":false,""type"":""Point"",""coordinates"":[38.24889350975185,-3.5769525578068992]}"
0000000000000000020f_0,0.10205299594175225,0.1987138,0.03292500000000001,0.03919500000000001,0.07169999999999999,0.15169749999999999,0.22693750000000001,0.3558575,0.32139999999999996,340.86713468,4,"{""geodesic"":false,""type"":""Point"",""coordinates"":[38.24834843835431,-3.5829225897267167]}"
00000000000000000210_0,0.09763206098944699,0.19005965,0.032594999999999985,0.03977249999999999,0.07332250000000001,0.1542825,0.22669,0.34947750000000005,0.31039999999999995,339.98528552,4,"{""geodesic"":false,""type"":""Point"",""coordinates"":[38.250778708181436,-3.5837387452389193]}"
00000000000000000211_0,0.10136108037649487,0.1997529,0.031659999999999994,0.038754999999999984,0.07123249999999998,0.1473525,0.22091500000000003,0.31821000000000005,0.282185,340.4262101,4,"{""geodesic"":false,""type"":""Point"",""coordinates"":[38.24510919864594,-3.580477448385494]}"
00000000000000000212_0,0.11634371924235701,0.2246556,0.03135750000000001,0.037847500000000006,0.07057249999999998,0.14696750000000003,0.23213499999999998,0.350165,0.3092175,333.01936076,4,"{""geodesic"":false,""type"":""Point"",""coordinates"":[38.238359105257835,-3.5774866095130013]}"
00000000000000000213_0,0.11480061914940667,0.2181442,0.031384999999999996,0.03930500000000001,0.073295,0.1535125,0.23917500000000003,0.359845,0.31777000000000005,336.15026708,4,"{""geodesic"":false,""type"":""Point"",""coordinates"":[38.239172093718125,-3.574230667868393]}"
00000000000000000215_0,0.1616524664059965,0.3103705,0.023684999999999984,0.040459999999999996,0.08322249999999998,0.11570000000000003,0.2198425,0.24475750000000002,0.17999500000000002,326.86008872,4,"{""geodesic"":false,""type"":""Point"",""coordinates"":[38.28594466862488,-3.5156485845456644]}"
000000000000000007fe_0,0.1534793915990228,0.2500073,0.052092499999999986,0.06493500000000002,0.0993925,0.16066249999999999,0.267775,0.41792500000000005,0.324425,330.50369804,4,"{""geodesic"":false,""type"":""Point"",""coordinates"":[38.19949749511321,-3.539459850680412]}"
000000000000000007ff_0,0.15240645973823072,0.24692401,0.05478749999999999,0.067025,0.1017575,0.16036,0.26552,0.41564249999999997,0.31777000000000005,330.12771584,4,"{""geodesic"":false,""type"":""Point"",""coordinates"":[38.199498659770086,-3.538102938875442]}"
00000000000000000800_0,0.1552244314990452,0.25491604,0.05242249999999998,0.06416499999999997,0.09777000000000002,0.15549249999999998,0.26189,0.41019750000000005,0.31760499999999997,330.2234204,4,"{""geodesic"":false,""type"":""Point"",""coordinates"":[38.19733819550696,-3.537829682102914]}"
00000000000000000801_0,0.15784147296944373,0.2601465,0.05275249999999998,0.06405499999999997,0.0955975,0.1512575,0.2576275,0.41391000000000006,0.31463500000000005,329.5739966,4,"{""geodesic"":false,""type"":""Point"",""coordinates"":[38.19625831495505,-3.537285978701604]}"
00000000000000000802_0,0.15380793758093547,0.2535998,0.05299999999999999,0.06474249999999998,0.09721999999999997,0.1528525,0.25672,0.4192725,0.321675,329.03736746,4,"{""geodesic"":false,""type"":""Point"",""coordinates"":[38.195178435876315,-3.53674227432031]}"
00000000000000000803_0,0.15258148960635443,0.25863,0.04895749999999999,0.059902500000000025,0.090895,0.14749,0.250395,0.40838250000000004,0.316065,329.80300394,4,"{""geodesic"":false,""type"":""Point"",""coordinates"":[38.194909285654596,-3.5356565108273013]}"
00000000000000000804_0,0.14920298244051722,0.2528373,0.049067499999999986,0.060177499999999995,0.09218749999999998,0.14977249999999998,0.2511375,0.40687,0.31812749999999995,328.67163932,4,"{""geodesic"":false,""type"":""Point"",""coordinates"":[38.19517960591514,-3.535385363878368]}"
00000000000000000805_0,0.14756226170195505,0.24656808,0.05170750000000002,0.06334000000000001,0.09639500000000001,0.1528525,0.2528975,0.40436750000000005,0.3148825,329.28688292,4,"{""geodesic"":false,""type"":""Point"",""coordinates"":[38.19490998775072,-3.5348423646019738]}"
00000000000000000806_0,0.168921719809647,0.27639213,0.05286249999999998,0.06405499999999997,0.0952675,0.1466925,0.258755,0.4049725,0.30412999999999996,329.29371896,4,"{""geodesic"":false,""type"":""Point"",""coordinates"":[38.19382659604305,-3.538369389390345]}"
00000000000000000807_0,0.15215611353711794,0.25311223,0.0505525,0.06240499999999999,0.09523999999999999,0.15381499999999998,0.2580675,0.40175500000000003,0.31224250000000003,328.93482686,4,"{""geodesic"":false,""type"":""Point"",""coordinates"":[38.19409738639036,-3.5375554790154493]}"
00000000000000000808_0,0.16038511977974543,0.26446313,0.051734999999999975,0.06325750000000002,0.09507500000000002,0.1505975,0.2588925,0.4206475,0.3206575,328.8049421,4,"{""geodesic"":false,""type"":""Point"",""coordinates"":[38.19463709141241,-3.538098714032199]}"
00000000000000000809_0,0.1637843418781357,0.26998556,0.05104750000000002,0.06185499999999999,0.09471750000000001,0.15098250000000002,0.26266,0.41877749999999997,0.31807250000000004,328.84254032,4,"{""geodesic"":false,""type"":""Point"",""coordinates"":[38.19517586020048,-3.539727477151322]}"
0000000000000000080a_0,0.16171109264029368,0.2670101,0.051680000000000004,0.06342249999999999,0.09458,0.1483425,0.2564175,0.414955,0.3143875,327.35911964,4,"{""geodesic"":false,""type"":""Point"",""coordinates"":[38.194366066792284,-3.5391840066442066]}"
0000000000000000080b_0,0.16541643412888613,0.2745624,0.049315,0.061415,0.09512999999999999,0.146445,0.2572975,0.405055,0.30448749999999997,327.70092164,4,"{""geodesic"":false,""type"":""Point"",""coordinates"":[38.191665900680306,-3.5383675014338896]}"
0000000000000000080c_0,0.15809191218664434,0.25769088,0.0535775,0.06641999999999998,0.10052,0.15277000000000002,0.2588375,0.41487250000000003,0.312765,327.55052876,4,"{""geodesic"":false,""type"":""Point"",""coordinates"":[38.189505678065174,-3.5378228450352136]}"
0000000000000000080d_0,0.1526792912258765,0.24945322,0.05242249999999998,0.06741000000000003,0.10205999999999998,0.15356750000000002,0.2556475,0.422765,0.32032750000000004,327.50267648,4,"{""geodesic"":false,""type"":""Point"",""coordinates"":[38.18761601784682,-3.5367356584748975]}"
0000000000000000080e_0,0.17045734663358042,0.28662133,0.0444475,0.05795,0.09273749999999997,0.14199,0.2560875,0.37978249999999997,0.28221250000000003,327.31126736,4,"{""geodesic"":false,""type"":""Point"",""coordinates"":[38.189236770567895,-3.5364656996777466]}"
0000000000000000080f_0,0.14110536985382666,0.23689276,0.048380000000000006,0.059435000000000016,0.0964775,0.16401749999999998,0.26585000000000003,0.414295,0.32615750000000004,328.81519616,4,"{""geodesic"":false,""type"":""Point"",""coordinates"":[38.2035471894003,-3.5413630315375264]}"
00000000000000000810_0,0.13989412136536034,0.23084126,0.05489749999999999,0.06570500000000001,0.10117999999999999,0.16222999999999999,0.2596075,0.41608249999999997,0.3256625,330.13796990000003,4,"{""geodesic"":false,""type"":""Point"",""coordinates"":[38.203007940602554,-3.5402770349822137]}"
00000000000000000811_0,0.1309911586784551,0.22771172,0.04538249999999999,0.05635499999999999,0.09185749999999998,0.1575275,0.2504225,0.37332000000000004,0.2996475,331.49834186,4,"{""geodesic"":false,""type"":""Point"",""coordinates"":[38.20543989100254,-3.538922216113713]}"
00000000000000000812_0,0.13978401998480783,0.23317263,0.05151499999999998,0.0629825,0.09697250000000002,0.16143249999999998,0.2596075,0.40720000000000006,0.3267625,331.07450738,4,"{""geodesic"":false,""type"":""Point"",""coordinates"":[38.210302395545106,-3.5378408527744196]}"
00000000000000000813_0,0.13640913429083543,0.22949575,0.05107499999999998,0.06144250000000001,0.09611999999999998,0.16231250000000003,0.2590025,0.40208499999999997,0.3246725,331.21806422,4,"{""geodesic"":false,""type"":""Point"",""coordinates"":[38.21057294274312,-3.5372983173614267]}"
00000000000000000814_0,0.14527642042732586,0.23906903,0.0537975,0.06570500000000001,0.09922750000000002,0.15926,0.2593325,0.4036525,0.31425,330.19949426,4,"{""geodesic"":false,""type"":""Point"",""coordinates"":[38.20895241632624,-3.5372969316588825]}"
00000000000000000815_0,0.1330562123407825,0.22789703,0.04576749999999999,0.05745499999999998,0.09309499999999998,0.16253250000000002,0.25848,0.4028,0.32700999999999997,330.08328158,4,"{""geodesic"":false,""type"":""Point"",""coordinates"":[38.208141923029316,-3.537567620683942]}"
00000000000000000816_0,0.13258189448996285,0.22726153,0.048022499999999996,0.05828,0.09298499999999998,0.16069,0.25520750000000003,0.399005,0.32316000000000006,330.65409092,4,"{""geodesic"":false,""type"":""Point"",""coordinates"":[38.2089514958493,-3.538382463629425]}"
00000000000000000817_0,0.14543030283674918,0.23638123,0.0563825,0.06809749999999998,0.1016475,0.1618175,0.262,0.417375,0.32387499999999997,329.89187246,4,"{""geodesic"":false,""type"":""Point"",""coordinates"":[38.20868324915906,-3.536211168507172]}"
00000000000000000818_0,0.14142350220194536,0.23484853,0.0533575,0.06427499999999997,0.097935,0.15997499999999998,0.2581775,0.40568750000000003,0.3188975,329.26295677999997,4,"{""geodesic"":false,""type"":""Point"",""coordinates"":[38.208143534953386,-3.5356679400585183]}"
00000000000000000819_0,0.14012136618332025,0.23220353,0.052669999999999995,0.06347750000000002,0.09859499999999999,0.1644025,0.2638425,0.41341500000000003,0.32739500000000005,329.84060216,4,"{""geodesic"":false,""type"":""Point"",""coordinates"":[38.20760266948307,-3.5364816260087903]}"
0000000000000000081a_0,0.13921689023238243,0.23477411,0.050360000000000016,0.061360000000000026,0.09540500000000002,0.15851749999999998,0.255785,0.408025,0.3269,329.02711339999996,4,"{""geodesic"":false,""type"":""Point"",""coordinates"":[38.20841454251506,-3.5345826394437725]}"
0000000000000000081b_0,0.1324487823131374,0.22740436,0.0478575,0.05877500000000002,0.09262749999999997,0.15873749999999998,0.25218250000000003,0.39257000000000003,0.31986,330.38406734,4,"{""geodesic"":false,""type"":""Point"",""coordinates"":[38.210846012985215,-3.5337705673380535]}"
0000000000000000081c_0,0.13470077409721395,0.22725245,0.052092499999999986,0.062212500000000004,0.096835,0.16027750000000002,0.2545475,0.39875750000000004,0.317495,330.29178079999997,4,"{""geodesic"":false,""type"":""Point"",""coordinates"":[38.211656502484104,-3.533499875000832]}"
0000000000000000081d_0,0.13326073478212483,0.22386846,0.0508825,0.06416499999999997,0.09969499999999998,0.15983750000000002,0.252045,0.3849525,0.3054225,329.38258748,4,"{""geodesic"":false,""type"":""Point"",""coordinates"":[38.21246699165389,-3.533229181846226]}"
0000000000000000081e_0,0.13549378404805137,0.22355174,0.05387999999999998,0.06553999999999999,0.1017575,0.1667675,0.2627975,0.4094825,0.32673500000000005,330.4626818,4,"{""geodesic"":false,""type"":""Point"",""coordinates"":[38.21246607632261,-3.534314714835519]}"
0000000000000000081f_0,0.131418140795638,0.22105023,0.05228499999999997,0.06334000000000001,0.09730250000000001,0.16255999999999998,0.2548225,0.39757499999999996,0.32173,330.0183392,4,"{""geodesic"":false,""type"":""Point"",""coordinates"":[38.2116555861405,-3.534585407771191]}"
00000000000000000820_0,0.13479670584171402,0.228013,0.04997499999999999,0.06160749999999998,0.0960375,0.15986499999999998,0.2543,0.38816999999999996,0.31383750000000005,330.20291227999996,4,"{""geodesic"":false,""type"":""Point"",""coordinates"":[38.21030515098617,-3.5345842556813736]}"
00000000000000000821_0,0.13683963738668328,0.22957091,0.05041499999999999,0.06240499999999999,0.09708250000000002,0.1615975,0.2579025,0.39248750000000004,0.31565250000000006,332.22979813999996,4,"{""geodesic"":false,""type"":""Point"",""coordinates"":[38.21111426541289,-3.5359418629214425]}"
00000000000000000822_0,0.13331753952908992,0.22739203,0.04664750000000001,0.058362499999999984,0.09488249999999998,0.16299999999999998,0.2589475,0.40038,0.32390250000000004,331.90166822000003,4,"{""geodesic"":false,""type"":""Point"",""coordinates"":[38.21273524808091,-3.5354004777970953]}"
00000000000000000823_0,0.13253652473676386,0.22508313,0.05025000000000002,0.06105749999999999,0.0955975,0.16052500000000003,0.2537775,0.39730000000000004,0.32139999999999996,332.34601082,4,"{""geodesic"":false,""type"":""Point"",""coordinates"":[38.21192475691162,-3.535671170768162]}"
00000000000000000824_0,0.13099206716671302,0.22227976,0.050470000000000015,0.060645000000000004,0.09688999999999998,0.16332999999999998,0.2566925,0.39642000000000005,0.32351749999999996,332.41778924,4,"{""geodesic"":false,""type"":""Point"",""coordinates"":[38.213003962461414,-3.537029007325847]}"
00000000000000000825_0,0.12642451499790372,0.2195301,0.045355000000000006,0.056327499999999975,0.09240749999999998,0.1621475,0.253365,0.3919925,0.32324250000000004,332.60236232,4,"{""geodesic"":false,""type"":""Point"",""coordinates"":[38.21327336383256,-3.5378433871083987]}"
00000000000000000826_0,0.139715232099967,0.23343427,0.05195499999999997,0.06284499999999998,0.09777000000000002,0.16074500000000003,0.258645,0.40733749999999996,0.32239,331.60771850000003,4,"{""geodesic"":false,""type"":""Point"",""coordinates"":[38.213542307824625,-3.5392005334788808]}"
00000000000000000827_0,0.13909229775909043,0.23022968,0.0533575,0.06504500000000002,0.09983249999999999,0.16242250000000003,0.25958000000000003,0.40348750000000005,0.3164775,332.37335498,4,"{""geodesic"":false,""type"":""Point"",""coordinates"":[38.21435143010302,-3.5405581397065777]}"
00000000000000000828_0,0.1250057272019182,0.21788108,0.04618,0.05608000000000002,0.090785,0.1615975,0.2516325,0.39567749999999996,0.328165,333.32014652,4,"{""geodesic"":false,""type"":""Point"",""coordinates"":[38.21434799724831,-3.544628889490408]}"
00000000000000000829_0,0.1284775963100711,0.21859685,0.04939750000000001,0.06056250000000002,0.09545999999999999,0.16401749999999998,0.255785,0.3999675,0.32775250000000006,332.4964037,4,"{""geodesic"":false,""type"":""Point"",""coordinates"":[38.21380896247707,-3.5432715127831353]}"
0000000000000000082a_0,0.13082878693707173,0.22436358,0.0478025,0.05819750000000001,0.09271000000000001,0.16209250000000003,0.2558675,0.39985750000000003,0.32934749999999996,332.03838901999995,4,"{""geodesic"":false,""type"":""Point"",""coordinates"":[38.213269699772226,-3.542185519324364]}"
0000000000000000082b_0,0.13464665849692098,0.22970906,0.04884749999999999,0.05863750000000001,0.09326000000000001,0.16110249999999998,0.2571875,0.396145,0.32010750000000004,332.54083796,4,"{""geodesic"":false,""type"":""Point"",""coordinates"":[38.21300006881222,-3.541642522572882]}"
0000000000000000082c_0,0.13684505420106927,0.23224416,0.049644999999999995,0.0598475,0.09458,0.15986499999999998,0.2565825,0.40128749999999996,0.32439750000000006,331.54961216000004,4,"{""geodesic"":false,""type"":""Point"",""coordinates"":[38.211919712129486,-3.541641600794883]}"
0000000000000000082d_0,0.12976511359260687,0.22625732,0.044942499999999996,0.055530000000000024,0.09015250000000002,0.1584625,0.2511375,0.39881249999999996,0.32439750000000006,330.98905688,4,"{""geodesic"":false,""type"":""Point"",""coordinates"":[38.2108393557299,-3.541640677752697]}"
0000000000000000082e_0,0.1390987987098986,0.23893407,0.04670250000000001,0.05707000000000001,0.090895,0.15639999999999998,0.2546025,0.40236,0.32310500000000003,330.93095054,4,"{""geodesic"":false,""type"":""Point"",""coordinates"":[38.21002908861627,-3.5416399846414355]}"
0000000000000000082f_0,0.12922908827897175,0.22568548,0.0448875,0.05528250000000001,0.0902075,0.1584625,0.25083500000000003,0.3953475,0.32241749999999997,331.9324304,4,"{""geodesic"":false,""type"":""Point"",""coordinates"":[38.20948821991734,-3.542453671182082]}"
00000000000000000830_0,0.13092664092664097,0.22728574,0.04653750000000001,0.05630000000000002,0.09169250000000001,0.15851749999999998,0.25177,0.397245,0.3223075,331.9837007,4,"{""geodesic"":false,""type"":""Point"",""coordinates"":[38.209757388254914,-3.5435394345712328]}"
00000000000000000831_0,0.13008460288753337,0.2254983,0.046235,0.05619000000000002,0.090895,0.1603325,0.253695,0.4058525,0.329815,331.33769492,4,"{""geodesic"":false,""type"":""Point"",""coordinates"":[38.211107146528946,-3.5443547396734387]}"
00000000000000000832_0,0.12568031545646732,0.22027987,0.043539999999999995,0.053385000000000016,0.09028999999999998,0.16319250000000002,0.2554,0.40645749999999997,0.3350675,334.15756142,4,"{""geodesic"":false,""type"":""Point"",""coordinates"":[38.211646636946526,-3.545169350936557]}"
00000000000000000833_0,0.12492699800835591,0.21948828,0.04241249999999999,0.05299999999999999,0.08875,0.163165,0.2549325,0.40038,0.330035,335.57603972,4,"{""geodesic"":false,""type"":""Point"",""coordinates"":[38.21218589850395,-3.5462553452380328]}"
00000000000000000834_0,0.12785149843447144,0.22798961,0.039002499999999996,0.04904,0.08467999999999998,0.1597,0.254025,0.3949075,0.32294000000000006,336.06139856,4,"{""geodesic"":false,""type"":""Point"",""coordinates"":[38.212455299984896,-3.5470697255361463]}"
00000000000000000835_0,0.11960998062015502,0.2155151,0.04048750000000001,0.050360000000000016,0.08776,0.15816000000000002,0.24506,0.349725,0.289335,335.72301458,4,"{""geodesic"":false,""type"":""Point"",""coordinates"":[38.211643877931145,-3.548425948341835]}"
00000000000000000836_0,0.12579750659422412,0.22360927,0.04100999999999999,0.050827500000000025,0.08553250000000001,0.15983750000000002,0.2519075,0.39642000000000005,0.33110750000000005,336.36902036000004,4,"{""geodesic"":false,""type"":""Point"",""coordinates"":[38.214346622994924,-3.5462571893026706]}"
00000000000000000837_0,0.12463699806905779,0.22013293,0.042605000000000004,0.05327500000000002,0.08855750000000001,0.15972750000000002,0.2499,0.39655750000000006,0.32409499999999997,332.39044508,4,"{""geodesic"":false,""type"":""Point"",""coordinates"":[38.20732404139257,-3.5465225604149557]}"
00000000000000000838_0,0.13405501141299783,0.22905524,0.04574,0.05775750000000002,0.09436,0.16253250000000002,0.2591125,0.40973,0.330915,327.54711074,4,"{""geodesic"":false,""type"":""Point"",""coordinates"":[38.20597451643811,-3.545435867099925]}"
00000000000000000839_0,0.13202879822780134,0.22960542,0.04100999999999999,0.05214750000000001,0.09092250000000002,0.16498000000000002,0.26332,0.40029750000000003,0.32514000000000004,330.05593741999996,4,"{""geodesic"":false,""type"":""Point"",""coordinates"":[38.20489485250883,-3.5446207880566014]}"
0000000000000000083a_0,0.1339285714285714,0.23949271,0.04321,0.05426500000000001,0.08616499999999999,0.14369500000000002,0.2341975,0.3713125,0.30149,329.37575144,4,"{""geodesic"":false,""type"":""Point"",""coordinates"":[38.22032207911665,-3.5060974315552005]}"
0000000000000000083b_0,0.13906374715083886,0.2443866,0.044942499999999996,0.057042499999999996,0.08734750000000002,0.14369500000000002,0.236645,0.3782425,0.2995375,326.06369006,4,"{""geodesic"":false,""type"":""Point"",""coordinates"":[38.19602194709254,-3.4979353173197207]}"
0000000000000000083c_0,0.1340146548399537,0.24392125,0.03971749999999999,0.05008499999999999,0.08195750000000002,0.1421825,0.23392249999999998,0.36804,0.3000325,326.56955702,4,"{""geodesic"":false,""type"":""Point"",""coordinates"":[38.197099476833266,-3.5011928352694373]}"
0000000000000000083d_0,0.13174268893887914,0.23238397,0.043704999999999994,0.05564000000000002,0.0874025,0.15002,0.24085250000000002,0.3778025,0.30668750000000006,326.84641664000003,4,"{""geodesic"":false,""type"":""Point"",""coordinates"":[38.19493236892087,-3.508789677786787]}"
0000000000000000083e_0,0.14131539658841835,0.23787649,0.04871,0.06185499999999999,0.09675250000000002,0.156785,0.2546575,0.39342250000000006,0.31122500000000003,327.68724956,4,"{""geodesic"":false,""type"":""Point"",""coordinates"":[38.19384763260517,-3.5139450043221436]}"
0000000000000000083f_0,0.14884689223890027,0.24794985,0.050827500000000025,0.06353249999999999,0.09865000000000002,0.15326499999999998,0.2543275,0.402195,0.311445,327.35570162,4,"{""geodesic"":false,""type"":""Point"",""coordinates"":[38.193306073935254,-3.515572828592504]}"
00000000000000000840_0,0.11322746430580272,0.20619431,0.0414775,0.05137750000000002,0.08831,0.15557500000000002,0.23639749999999998,0.3601475,0.31150000000000005,327.97436324,4,"{""geodesic"":false,""type"":""Point"",""coordinates"":[38.190876754285284,-3.513942425050988]}"
00000000000000000841_0,0.14213820451975606,0.24929218,0.042715,0.05415500000000001,0.08586250000000001,0.14782,0.24599500000000002,0.38531,0.30412999999999996,327.94360106,4,"{""geodesic"":false,""type"":""Point"",""coordinates"":[38.19276474625799,-3.516929270019198]}"
00000000000000000842_0,0.1527382402038661,0.2561442,0.04991999999999999,0.06105749999999999,0.0959275,0.1512575,0.25542750000000003,0.4028825,0.310235,328.39819772,4,"{""geodesic"":false,""type"":""Point"",""coordinates"":[38.19222341663848,-3.5182857107292893]}"
00000000000000000843_0,0.1484460812819022,0.2501949,0.04904,0.061195,0.09455249999999998,0.1514775,0.2525675,0.40543999999999997,0.3110325,328.69214744,4,"{""geodesic"":false,""type"":""Point"",""coordinates"":[38.19222178041105,-3.520185384647357]}"
00000000000000000844_0,0.15882123150544467,0.2642242,0.050167499999999976,0.06185499999999999,0.09414,0.14944249999999998,0.25677500000000003,0.40412,0.31128000000000006,328.14868226,4,"{""geodesic"":false,""type"":""Point"",""coordinates"":[38.191936927808456,-3.5372822102629566]}"
00000000000000000845_0,0.17163175248937815,0.29055345,0.0444475,0.05630000000000002,0.09125250000000001,0.140505,0.2555925,0.37255,0.27929750000000003,327.82055234,4,"{""geodesic"":false,""type"":""Point"",""coordinates"":[38.190856111018974,-3.5378240285754825]}"
00000000000000000846_0,0.12223320582799672,0.22581203,0.04502500000000001,0.05561250000000001,0.08795249999999999,0.13407000000000002,0.21228000000000002,0.32734,0.28015,334.52670758,4,"{""geodesic"":false,""type"":""Point"",""coordinates"":[38.237881450324295,-3.500955630867802]}"
00000000000000000847_0,0.14378939435461774,0.258138,0.041917499999999996,0.055420000000000025,0.08940999999999999,0.132695,0.22504000000000002,0.330915,0.2690125,330.10037167999997,4,"{""geodesic"":false,""type"":""Point"",""coordinates"":[38.23275348253486,-3.4966092720465802]}"
00000000000000000848_0,0.09288879872663153,0.18327303,0.03473999999999999,0.043265,0.07851999999999998,0.145895,0.21137250000000002,0.2956875,0.25688500000000003,332.45196943999997,4,"{""geodesic"":false,""type"":""Point"",""coordinates"":[38.28296104725672,-3.5322009491262514]}"
00000000000000000849_0,0.0943456087056529,0.18540245,0.03595000000000001,0.045052499999999995,0.079785,0.14372249999999998,0.20914500000000003,0.2829,0.240935,333.7952513,4,"{""geodesic"":false,""type"":""Point"",""coordinates"":[38.28485043692923,-3.5338307386662637]}"
0000000000000000084a_0,0.1102122418679983,0.21826756,0.037022499999999986,0.045685,0.07684249999999998,0.12868000000000002,0.20053749999999998,0.289445,0.23807499999999998,331.53935809999996,4,"{""geodesic"":false,""type"":""Point"",""coordinates"":[38.2859289346469,-3.536274063717429]}"
0000000000000000084b_0,0.08379038392249497,0.17312479,0.0326225,0.04032250000000001,0.07381749999999998,0.13745249999999998,0.19501000000000002,0.253585,0.217615,331.03690916,4,"{""geodesic"":false,""type"":""Point"",""coordinates"":[38.280801574141734,-3.530570947269438]}"
0000000000000000084c_0,0.10123464440072504,0.19844304,0.03366749999999999,0.041724999999999984,0.07579750000000002,0.14517999999999998,0.217065,0.31339750000000005,0.2736325,330.00808514,4,"{""geodesic"":false,""type"":""Point"",""coordinates"":[38.27999088544031,-3.5311130925432286]}"
0000000000000000084d_0,0.10249424819555303,0.19806516,0.03641749999999999,0.049892500000000006,0.08778750000000002,0.1373975,0.2052675,0.26752750000000003,0.22000750000000002,328.85279438,4,"{""geodesic"":false,""type"":""Point"",""coordinates"":[38.27216860791672,-3.5178090014433905]}"
0000000000000000084e_0,0.10590091299677759,0.20439655,0.036775,0.05019499999999999,0.08655000000000002,0.13508750000000003,0.2044975,0.27773000000000003,0.2280375,330.10037167999997,4,"{""geodesic"":false,""type"":""Point"",""coordinates"":[38.27135792832954,-3.5183511405714745]}"
0000000000000000084f_0,0.11183753421676051,0.21313687,0.039965,0.05071749999999997,0.08616499999999999,0.13563750000000002,0.2091175,0.2818275,0.23560000000000003,330.09353564,4,"{""geodesic"":false,""type"":""Point"",""coordinates"":[38.27027737277906,-3.518621679686769]}"
00000000000000000850_0,0.11373330743046345,0.21548231,0.040102499999999985,0.05198249999999999,0.08644000000000002,0.1348125,0.20887,0.2934875,0.242145,330.11404375999996,4,"{""geodesic"":false,""type"":""Point"",""coordinates"":[38.26973762303242,-3.518078481338059]}"
00000000000000000851_0,0.1132002905858723,0.21984231,0.035619999999999985,0.049177499999999985,0.08412999999999998,0.12925750000000003,0.20210499999999998,0.2828175,0.22842250000000003,329.62184888,4,"{""geodesic"":false,""type"":""Point"",""coordinates"":[38.270278428196136,-3.5172647447376133]}"
00000000000000000852_0,0.1081559980140727,0.21083729,0.036197499999999994,0.04980999999999999,0.08545000000000003,0.13005499999999998,0.1995475,0.27616250000000003,0.22583750000000002,330.04568336,4,"{""geodesic"":false,""type"":""Point"",""coordinates"":[38.27000855355329,-3.51699314566095]}"
00000000000000000853_0,0.10561947086431032,0.20296028,0.03622500000000001,0.050112500000000004,0.08803499999999997,0.13731500000000002,0.20724750000000003,0.275915,0.2263325,330.14138792,4,"{""geodesic"":false,""type"":""Point"",""coordinates"":[38.27189915363692,-3.5169946285875464]}"
00000000000000000854_0,0.11725595299453663,0.22598317,0.040212499999999984,0.04991999999999999,0.08041749999999998,0.12857000000000002,0.20364500000000002,0.29923500000000003,0.24646250000000003,330.78055766,4,"{""geodesic"":false,""type"":""Point"",""coordinates"":[38.27217029162154,-3.5156379045500703]}"
00000000000000000855_0,0.12793943141744518,0.23898453,0.04002,0.05030499999999999,0.08107750000000002,0.13407000000000002,0.218275,0.32943000000000006,0.264915,326.67893366,4,"{""geodesic"":false,""type"":""Point"",""coordinates"":[38.19898724433651,-3.5044510496103287]}"
00000000000000000856_0,0.1315530315464662,0.23624696,0.043127499999999985,0.054705000000000004,0.0869625,0.1425125,0.23067749999999998,0.35066,0.2830925,326.36447582,4,"{""geodesic"":false,""type"":""Point"",""coordinates"":[38.19898516628896,-3.5068934922901938]}"
00000000000000000857_0,0.13502424468481908,0.24377933,0.04373250000000001,0.0537975,0.08569749999999998,0.138965,0.22855999999999999,0.3522,0.2809475,326.08078016,4,"{""geodesic"":false,""type"":""Point"",""coordinates"":[38.198445703109584,-3.5060788805151115]}"
00000000000000000858_0,0.1308307287937121,0.23876612,0.043237499999999984,0.05418250000000002,0.08622000000000002,0.13616,0.22157500000000002,0.33168500000000006,0.2656025,327.49584044,4,"{""geodesic"":false,""type"":""Point"",""coordinates"":[38.20141448941829,-3.508523873955411]}"
00000000000000000859_0,0.1279405362699731,0.2335447,0.041092500000000004,0.05124000000000001,0.08357999999999999,0.1432275,0.2305125,0.3547575,0.28983000000000003,326.20041086000003,4,"{""geodesic"":false,""type"":""Point"",""coordinates"":[38.19709600768219,-3.5052635713912945]}"
0000000000000000085a_0,0.14650968146920115,0.24251434,0.052917500000000006,0.06482500000000002,0.0988425,0.15637250000000003,0.2565,0.4013975,0.3077325,329.0783837,4,"{""geodesic"":false,""type"":""Point"",""coordinates"":[38.19924622589557,-3.5174776418323948]}"
0000000000000000085b_0,0.14065292694114487,0.24878396,0.042605000000000004,0.052395000000000025,0.08478999999999998,0.1476825,0.2455,0.38360500000000003,0.3045425,329.50221818,4,"{""geodesic"":false,""type"":""Point"",""coordinates"":[38.19600385578405,-3.5191031370970296]}"
0000000000000000085c_0,0.14656153214082546,0.24155933,0.05025000000000002,0.06438500000000003,0.10335250000000001,0.16016750000000002,0.2621925,0.40843750000000006,0.31301249999999997,328.17602641999997,4,"{""geodesic"":false,""type"":""Point"",""coordinates"":[38.19708278791542,-3.520732365386757]}"
0000000000000000085d_0,0.15802776085488943,0.256146,0.05544749999999998,0.067795,0.10038249999999999,0.1532925,0.258865,0.4134975,0.31345249999999997,328.28198504,4,"{""geodesic"":false,""type"":""Point"",""coordinates"":[38.1962769591979,-3.5155754012974216]}"
0000000000000000085e_0,0.13825598196281416,0.23814496,0.046867500000000006,0.05817,0.09232499999999999,0.15321,0.2489925,0.38635500000000006,0.3047625,326.41232809999997,4,"{""geodesic"":false,""type"":""Point"",""coordinates"":[38.19331003554307,-3.5109593329609154]}"
0000000000000000085f_0,0.1491336196405718,0.25256714,0.0471975,0.05803249999999999,0.09216000000000002,0.15458500000000003,0.2590575,0.41173750000000003,0.31958499999999995,330.80448379999996,4,"{""geodesic"":false,""type"":""Point"",""coordinates"":[38.199225542421615,-3.541630675208304]}"
00000000000000000860_0,0.15341779871135472,0.25373998,0.052037500000000014,0.0632025,0.09631250000000002,0.15464,0.25980000000000003,0.41660500000000006,0.32227999999999996,330.54129625999997,4,"{""geodesic"":false,""type"":""Point"",""coordinates"":[38.197605947502566,-3.540543739004871]}"
00000000000000000861_0,0.15724589740693523,0.26139066,0.04895749999999999,0.061744999999999994,0.09441500000000003,0.15145000000000003,0.258645,0.4134975,0.315625,328.55200862000004,4,"{""geodesic"":false,""type"":""Point"",""coordinates"":[38.196526063939146,-3.540000035193367]}"
00000000000000000863_0,0.14563643834750456,0.24907853,0.04694999999999999,0.05745499999999998,0.090675,0.15279749999999998,0.2541625,0.41231500000000004,0.32280250000000005,329.97390494,4,"{""geodesic"":false,""type"":""Point"",""coordinates"":[38.20030356601262,-3.544345435740812]}"
00000000000000000864_0,0.14199608610567513,0.24961221,0.043155,0.052395000000000025,0.08520250000000001,0.14996500000000001,0.24973499999999998,0.4009025,0.322555,331.28642462,4,"{""geodesic"":false,""type"":""Point"",""coordinates"":[38.201923868667215,-3.5446182218849542]}"
00000000000000000865_0,0.14475933065702132,0.246672,0.04890249999999999,0.05880249999999998,0.09183000000000002,0.152935,0.25309,0.410445,0.32148250000000006,327.51976658,4,"{""geodesic"":false,""type"":""Point"",""coordinates"":[38.20084444299774,-3.5435317566811126]}"
00000000000000000866_0,0.17899111143640156,0.28921434,0.049425,0.0628725,0.09746749999999998,0.14875500000000003,0.26981,0.3832475,0.2839725,329.7107174,4,"{""geodesic"":false,""type"":""Point"",""coordinates"":[38.19355110771614,-3.5446109384673274]}"
00000000000000000867_0,0.1660859373131235,0.28416404,0.03982749999999999,0.0533575,0.09050999999999998,0.14429999999999998,0.258865,0.3549225,0.2748425,329.80983998,4,"{""geodesic"":false,""type"":""Point"",""coordinates"":[38.19409269434421,-3.5429831188372867]}"
00000000000000000868_0,0.16816017697696412,0.28178954,0.0447775,0.05723499999999998,0.09361750000000002,0.14705000000000001,0.26244,0.36837000000000003,0.277345,329.82351206,4,"{""geodesic"":false,""type"":""Point"",""coordinates"":[38.195441026065524,-3.5454267359128533]}"
00000000000000000869_0,0.15968363415128772,0.26874554,0.04846249999999999,0.059242499999999976,0.09293000000000001,0.14729750000000003,0.255565,0.38649249999999996,0.2949175,330.0012491,4,"{""geodesic"":false,""type"":""Point"",""coordinates"":[38.196251293584666,-3.5454274425830135]}"
0000000000000000086a_0,0.14804834297866126,0.23939292,0.056630000000000014,0.06958249999999999,0.10525000000000001,0.15937,0.25969000000000003,0.419795,0.322555,328.98267913999996,4,"{""geodesic"":false,""type"":""Point"",""coordinates"":[38.18652833126422,-3.5451475341069814]}"
0000000000000000086b_0,0.13668781307539546,0.22723407,0.05165249999999999,0.06617250000000002,0.10178500000000001,0.158985,0.252485,0.4183925,0.3240675,327.86840462,4,"{""geodesic"":false,""type"":""Point"",""coordinates"":[38.18436738633677,-3.5454170067438473]}"
0000000000000000086c_0,0.13598751483426266,0.22377461,0.0539075,0.06900499999999998,0.10393000000000002,0.15959,0.251605,0.42675250000000003,0.33292249999999995,330.23025644,4,"{""geodesic"":false,""type"":""Point"",""coordinates"":[38.18625634453528,-3.5473183472230603]}"
0000000000000000086d_0,0.13571193607137413,0.22778775,0.05198249999999999,0.06441249999999998,0.09870499999999999,0.1576925,0.25072500000000003,0.411765,0.32307749999999996,328.97926112,4,"{""geodesic"":false,""type"":""Point"",""coordinates"":[38.187607500967374,-3.5465053941513016]}"
0000000000000000086e_0,0.13618187864483208,0.22808556,0.04934250000000001,0.0654575,0.10139999999999999,0.15626250000000003,0.24860749999999998,0.4127825,0.3193925,328.8049421,4,"{""geodesic"":false,""type"":""Point"",""coordinates"":[38.18598720506146,-3.5462325830655166]}"
0000000000000000086f_0,0.14198643591007923,0.23433208,0.0519,0.06672250000000002,0.10205999999999998,0.15783000000000003,0.2544375,0.421665,0.327725,329.60475878,4,"{""geodesic"":false,""type"":""Point"",""coordinates"":[38.18490827595889,-3.544603340391433]}"
00000000000000000870_0,0.15028892177205347,0.24988754,0.05143249999999999,0.06496249999999998,0.09845749999999998,0.15007500000000001,0.250065,0.4056325,0.309355,328.40503376000004,4,"{""geodesic"":false,""type"":""Point"",""coordinates"":[38.1840994379322,-3.5429743361454076]}"
00000000000000000871_0,0.14678449093803775,0.2424698,0.05297249999999998,0.06509999999999999,0.10008,0.15683999999999998,0.2572425,0.42295750000000004,0.32717500000000005,327.80688025999996,4,"{""geodesic"":false,""type"":""Point"",""coordinates"":[38.187881613379105,-3.5418921458115005]}"
00000000000000000872_0,0.1415541065052011,0.24346533,0.04574,0.05597000000000002,0.08946500000000002,0.15582249999999997,0.256115,0.41157250000000006,0.33102499999999996,330.03542930000003,4,"{""geodesic"":false,""type"":""Point"",""coordinates"":[38.189772934955144,-3.541079662364854]}"
00000000000000000873_0,0.14899520456768936,0.25158176,0.049589999999999995,0.06020500000000001,0.0937,0.15200000000000002,0.25419,0.4186125,0.324645,329.37916945999996,4,"{""geodesic"":false,""type"":""Point"",""coordinates"":[38.189774114300384,-3.539722753866409]}"
00000000000000000874_0,0.14555603607066775,0.24383625,0.051102499999999995,0.06240499999999999,0.09655999999999998,0.1549975,0.25496,0.419135,0.3287425,328.44605,4,"{""geodesic"":false,""type"":""Point"",""coordinates"":[38.18707348067679,-3.5394489988567805]}"
00000000000000000875_0,0.14671338294961123,0.24027649,0.05387999999999998,0.0656775,0.1023075,0.16129500000000002,0.26332,0.42606499999999997,0.3344075,328.26147692,4,"{""geodesic"":false,""type"":""Point"",""coordinates"":[38.185452011492615,-3.540533096723367]}"
00000000000000000876_0,0.14373270067220248,0.23696922,0.05234,0.06504500000000002,0.10225250000000002,0.1609375,0.2609,0.42235249999999996,0.3296775,328.30249316,4,"{""geodesic"":false,""type"":""Point"",""coordinates"":[38.18599100052215,-3.541890480306607]}"
00000000000000000877_0,0.18250778572298482,0.30725193,0.0447225,0.05937999999999999,0.0921325,0.1300825,0.24547249999999998,0.37562999999999996,0.2750625,334.9744682,4,"{""geodesic"":false,""type"":""Point"",""coordinates"":[38.21055636469398,-3.556837896568604]}"
00000000000000000879_0,0.15097435076627588,0.25356957,0.0502225,0.06061749999999999,0.09367249999999999,0.152715,0.2564725,0.41138,0.318815,329.3689154,4,"{""geodesic"":false,""type"":""Point"",""coordinates"":[38.197875101162325,-3.541629502640448]}"
0000000000000000087a_0,0.1520864959142147,0.25834024,0.04711499999999999,0.05888500000000002,0.09150000000000003,0.1487,0.25229250000000003,0.398565,0.3121875,328.59986089999995,4,"{""geodesic"":false,""type"":""Point"",""coordinates"":[38.19625199645269,-3.5446132962599766]}"
0000000000000000087b_0,0.1774736297159128,0.29066253,0.04629,0.06020500000000001,0.09650500000000001,0.1472425,0.2679125,0.37395249999999997,0.2788575,331.56328424000003,4,"{""geodesic"":false,""type"":""Point"",""coordinates"":[38.194631932426546,-3.544069118526915]}"
0000000000000000087c_0,0.17921307575103268,0.29587936,0.04629,0.05880249999999998,0.09386499999999998,0.14394250000000003,0.264915,0.38036,0.28086500000000003,331.10526956,4,"{""geodesic"":false,""type"":""Point"",""coordinates"":[38.19274319339531,-3.541896410759868]}"
0000000000000000087d_0,0.17127559616381546,0.2919059,0.04274249999999999,0.05415500000000001,0.09001500000000001,0.14105499999999999,0.2573525,0.35891,0.271405,330.96854876,4,"{""geodesic"":false,""type"":""Point"",""coordinates"":[38.192473810928796,-3.5410820288647185]}"
0000000000000000087e_0,0.17946017222387492,0.296443,0.04397999999999999,0.05764750000000002,0.09425,0.145675,0.268435,0.381075,0.2806725,331.32744086,4,"{""geodesic"":false,""type"":""Point"",""coordinates"":[38.19382331051031,-3.5421687370120076]}"
0000000000000000087f_0,0.14806332369013175,0.2524051,0.04783000000000001,0.05877500000000002,0.0924625,0.15007500000000001,0.2514125,0.4087125,0.32120750000000003,328.27856701999997,4,"{""geodesic"":false,""type"":""Point"",""coordinates"":[38.18842438752814,-3.538907423264777]}"
00000000000000000880_0,0.11463715895719288,0.21176565,0.0353175,0.043842500000000006,0.08052749999999997,0.1605525,0.24681999999999998,0.39543,0.3381475,328.16235434,4,"{""geodesic"":false,""type"":""Point"",""coordinates"":[38.18249932659246,-3.519634113411376]}"
00000000000000000881_0,0.11374706110700136,0.21212159,0.03383249999999999,0.04246749999999999,0.07849250000000002,0.15862749999999998,0.2440425,0.38533750000000005,0.329045,327.420644,4,"{""geodesic"":false,""type"":""Point"",""coordinates"":[38.18357894111715,-3.5204492078866716]}"
00000000000000000882_0,0.12308274217079514,0.22688554,0.0385075,0.046977500000000005,0.07981250000000001,0.14941500000000002,0.2371125,0.37257750000000006,0.31161,328.71265556000003,4,"{""geodesic"":false,""type"":""Point"",""coordinates"":[38.1854685661917,-3.5215363943219873]}"
00000000000000000883_0,0.12984293193717278,0.23226538,0.0414775,0.05126750000000002,0.08531250000000001,0.152165,0.24423499999999998,0.3807725,0.3101525,327.933347,4,"{""geodesic"":false,""type"":""Point"",""coordinates"":[38.18681920972402,-3.5212661966826033]}"
00000000000000000884_0,0.1296108991157495,0.2264763,0.043952500000000005,0.054759999999999975,0.09141749999999998,0.158875,0.2519075,0.3894625,0.313645,327.64965134,4,"{""geodesic"":false,""type"":""Point"",""coordinates"":[38.18816938280183,-3.5215387603015835]}"
00000000000000000885_0,0.12037648359409793,0.22275029,0.03663749999999999,0.046454999999999996,0.07904250000000002,0.15045999999999998,0.23670000000000002,0.37420000000000003,0.31326000000000004,328.82203219999997,4,"{""geodesic"":false,""type"":""Point"",""coordinates"":[38.18492745889488,-3.522621446099742]}"
00000000000000000886_0,0.12974695695580388,0.22909181,0.043265,0.052917500000000006,0.08787,0.156345,0.24926750000000003,0.38709750000000004,0.313425,327.80346224,4,"{""geodesic"":false,""type"":""Point"",""coordinates"":[38.18816867749867,-3.522352905399476]}"
00000000000000000887_0,0.10484867557547803,0.2017942,0.0343,0.043182499999999985,0.07758500000000002,0.14859,0.22372000000000003,0.34466500000000005,0.30558749999999996,328.2409688,4,"{""geodesic"":false,""type"":""Point"",""coordinates"":[38.18844369153057,-3.5166541252497456]}"
00000000000000000888_0,0.09730175319800391,0.1842182,0.0353175,0.04419999999999999,0.08066499999999999,0.16099249999999998,0.23370249999999998,0.35517000000000004,0.31741250000000004,326.42258216,4,"{""geodesic"":false,""type"":""Point"",""coordinates"":[38.18655501055615,-3.514481419721914]}"
00000000000000000889_0,0.10276513930635404,0.19638252,0.03490499999999999,0.04279749999999999,0.07747500000000002,0.1542825,0.2296875,0.3500825,0.31194000000000005,326.66526158,4,"{""geodesic"":false,""type"":""Point"",""coordinates"":[38.18709751802286,-3.511768075185923]}"
0000000000000000088a_0,0.09410757033360419,0.180275,0.03350249999999999,0.04235749999999999,0.07780500000000001,0.16074500000000003,0.23144750000000003,0.35044000000000003,0.314965,326.224337,4,"{""geodesic"":false,""type"":""Point"",""coordinates"":[38.187910801610876,-3.508240819651881]}"
0000000000000000088b_0,0.10008036192630518,0.18983038,0.034877500000000006,0.04414499999999999,0.079895,0.15785749999999998,0.2318325,0.3509625,0.310015,326.2756073,4,"{""geodesic"":false,""type"":""Point"",""coordinates"":[38.1884530636537,-3.505798854026554]}"
0000000000000000088c_0,0.10097500757682162,0.19290318,0.033007499999999995,0.042027499999999995,0.07695249999999998,0.15716999999999998,0.2323,0.35181500000000004,0.3148275,326.51145068,4,"{""geodesic"":false,""type"":""Point"",""coordinates"":[38.1889941531684,-3.5047137965990856]}"
0000000000000000088d_0,0.1012043277222037,0.19658713,0.032594999999999985,0.04100999999999999,0.07538499999999998,0.15054250000000002,0.224215,0.342575,0.3049825,327.40013588,4,"{""geodesic"":false,""type"":""Point"",""coordinates"":[38.18953360640166,-3.505528411789339]}"
0000000000000000088e_0,0.10437634550668773,0.20292303,0.034272499999999984,0.04268749999999999,0.07568750000000002,0.14506999999999998,0.218935,0.33402250000000006,0.2956325,326.62082732,4,"{""geodesic"":false,""type"":""Point"",""coordinates"":[38.18953197069201,-3.507428084958936]}"
0000000000000000088f_0,0.10378431178028247,0.20478003,0.030505000000000004,0.0386175,0.07142500000000002,0.145235,0.22003499999999998,0.3327575,0.29901500000000003,325.53731498,4,"{""geodesic"":false,""type"":""Point"",""coordinates"":[38.19196732858688,-3.502002554467846]}"
00000000000000000890_0,0.098262401289764,0.18978566,0.0328425,0.041614999999999985,0.07851999999999998,0.15455750000000001,0.22696500000000003,0.34037500000000004,0.3041575,325.23994724,4,"{""geodesic"":false,""type"":""Point"",""coordinates"":[38.190077027486495,-3.5017295340252197]}"
00000000000000000891_0,0.10046300657193996,0.19300443,0.031055,0.03927749999999999,0.07478000000000001,0.15942499999999998,0.23568250000000002,0.3531625,0.32310500000000003,325.37666804,4,"{""geodesic"":false,""type"":""Point"",""coordinates"":[38.19062044072636,-3.4979306546177145]}"
00000000000000000892_0,0.13197640397906082,0.23978946,0.03944249999999999,0.049534999999999996,0.08176499999999998,0.14551000000000003,0.237305,0.37222000000000005,0.2998675,326.02950985999996,4,"{""geodesic"":false,""type"":""Point"",""coordinates"":[38.19521125770237,-3.4984773845263506]}"
00000000000000000893_0,0.10932030618917572,0.20752788,0.0353175,0.0447225,0.07887749999999999,0.14922249999999998,0.2273775,0.34254750000000006,0.29984,327.46507826,4,"{""geodesic"":false,""type"":""Point"",""coordinates"":[38.19033893330968,-3.511228136071997]}"
00000000000000000894_0,0.10391558198082378,0.19987422,0.035097500000000004,0.043237499999999984,0.0773375,0.1494975,0.22418749999999998,0.345215,0.307155,327.0959321,4,"{""geodesic"":false,""type"":""Point"",""coordinates"":[38.18979737167621,-3.5128559573466385]}"
00000000000000000895_0,0.10982091812296231,0.20960596,0.0356475,0.04403499999999999,0.07752999999999999,0.14740750000000002,0.22559,0.346975,0.30390999999999996,326.7541301,4,"{""geodesic"":false,""type"":""Point"",""coordinates"":[38.188988304724404,-3.5114983424834]}"
00000000000000000896_0,0.10593350305186641,0.20292981,0.03484999999999999,0.043649999999999994,0.07813500000000001,0.14922249999999998,0.225205,0.3428225,0.29874,325.69112587999996,4,"{""geodesic"":false,""type"":""Point"",""coordinates"":[38.19142134945514,-3.508786637093632]}"
00000000000000000897_0,0.10764432985711754,0.20666078,0.034245,0.04345750000000001,0.07728249999999998,0.14721499999999998,0.22391250000000001,0.3437575,0.3006925,325.6603637,4,"{""geodesic"":false,""type"":""Point"",""coordinates"":[38.19142181598321,-3.508243873100042]}"
00000000000000000898_0,0.10697293502846893,0.20907736,0.033310000000000006,0.041504999999999986,0.073845,0.1426775,0.21811000000000003,0.33207000000000003,0.2922225,328.09057592,4,"{""geodesic"":false,""type"":""Point"",""coordinates"":[38.1914232151317,-3.5066155810810624]}"
00000000000000000899_0,0.10871029340686329,0.21419853,0.0328425,0.0412025,0.0719475,0.138415,0.21387499999999998,0.33022750000000006,0.29115,327.38304578,4,"{""geodesic"":false,""type"":""Point"",""coordinates"":[38.19196453520669,-3.5052591392091035]}"
0000000000000000089a_0,0.11502086763410807,0.21103589,0.0383425,0.049067499999999986,0.08533999999999997,0.15442,0.23703000000000002,0.3644375,0.313865,328.04272363999996,4,"{""geodesic"":false,""type"":""Point"",""coordinates"":[38.190605271052696,-3.515570481534984]}"
0000000000000000089b_0,0.10490987427711265,0.2008743,0.035564999999999986,0.044117500000000004,0.07840999999999998,0.14944249999999998,0.2245725,0.34637,0.3063025,327.933347,4,"{""geodesic"":false,""type"":""Point"",""coordinates"":[38.18844463005487,-3.5155685982422193]}"
0000000000000000089c_0,0.10439676823917456,0.19660157,0.03672,0.04585,0.08201249999999999,0.15508,0.23098000000000002,0.35076999999999997,0.31029,327.90258482,4,"{""geodesic"":false,""type"":""Point"",""coordinates"":[38.18763345052014,-3.516653417501919]}"
0000000000000000089d_0,0.11126890304751674,0.20737441,0.0387275,0.04733499999999999,0.08245249999999998,0.15235749999999998,0.23208,0.35385000000000005,0.30798,327.84106046,4,"{""geodesic"":false,""type"":""Point"",""coordinates"":[38.187093524986466,-3.5163815636195705]}"
0000000000000000089e_0,0.11306231356148158,0.20586064,0.0387275,0.04915,0.0870725,0.16003,0.24299749999999998,0.3580575,0.310455,327.46849627999995,4,"{""geodesic"":false,""type"":""Point"",""coordinates"":[38.188442048411495,-3.5185537974514594]}"
0000000000000000089f_0,0.11743941348177307,0.21363087,0.038947499999999996,0.04879249999999999,0.0860825,0.15761000000000003,0.243245,0.35959749999999996,0.30866750000000004,327.7966262,4,"{""geodesic"":false,""type"":""Point"",""coordinates"":[38.18925135283743,-3.5196400320321435]}"
000000000000000008a0_0,0.10898601064103793,0.19751215,0.0388375,0.04950750000000001,0.08938249999999998,0.16547499999999998,0.24692999999999998,0.3627875,0.3135075,327.54369271999997,4,"{""geodesic"":false,""type"":""Point"",""coordinates"":[38.18871072070179,-3.520182323843919]}"
000000000000000008a1_0,0.14769334219226551,0.2438453,0.0519,0.06468750000000001,0.09947499999999998,0.157335,0.25881,0.4040925,0.31031749999999997,327.61547113999995,4,"{""geodesic"":false,""type"":""Point"",""coordinates"":[38.1897903428161,-3.5209974124931165]}"
000000000000000008a2_0,0.11129136425144548,0.2115989,0.03476750000000001,0.04392499999999999,0.0776675,0.14831499999999997,0.2279275,0.35093500000000005,0.30531250000000004,327.28050518,4,"{""geodesic"":false,""type"":""Point"",""coordinates"":[38.19087301142916,-3.518284535703784]}"
000000000000000008a3_0,0.14177889008064193,0.24312742,0.04637250000000001,0.058252499999999985,0.0921325,0.15277000000000002,0.2509175,0.39224,0.31265499999999996,326.907941,4,"{""geodesic"":false,""type"":""Point"",""coordinates"":[38.191954737802156,-3.516657183998069]}"
000000000000000008a4_0,0.1543095234250093,0.25411314,0.05217499999999997,0.06427499999999997,0.0981825,0.15425499999999998,0.25936,0.40852000000000005,0.3146075,327.51976658,4,"{""geodesic"":false,""type"":""Point"",""coordinates"":[38.19222575256453,-3.5155718907106226]}"
000000000000000008a5_0,0.10808626136481608,0.1996911,0.03792999999999999,0.046729999999999994,0.084625,0.16063500000000003,0.2407975,0.365895,0.317935,327.57787292,4,"{""geodesic"":false,""type"":""Point"",""coordinates"":[38.191414108983686,-3.5171994781791143]}"
000000000000000008a6_0,0.15002347911977595,0.24761893,0.05234,0.06498999999999999,0.10087750000000001,0.15483249999999998,0.2567475,0.40728250000000005,0.31595500000000004,328.69898348,4,"{""geodesic"":false,""type"":""Point"",""coordinates"":[38.19519593901975,-3.516388613486738]}"
000000000000000008a7_0,0.1408450704225352,0.24467151,0.04554749999999999,0.05712499999999998,0.08957500000000002,0.14839750000000002,0.24453750000000002,0.38718,0.30305750000000004,330.06619148,4,"{""geodesic"":false,""type"":""Point"",""coordinates"":[38.19951839018221,-3.515035432062734]}"
000000000000000008a8_0,0.13985446039893437,0.242731,0.04648250000000001,0.05811499999999997,0.0896575,0.14773750000000002,0.24244749999999998,0.37942499999999996,0.29808,327.63597926,4,"{""geodesic"":false,""type"":""Point"",""coordinates"":[38.19870814834964,-3.5150347342884705]}"
000000000000000008a9_0,0.13359119793274932,0.23859723,0.04351250000000001,0.05442999999999998,0.08668749999999997,0.14427250000000003,0.23469250000000003,0.37244000000000005,0.297585,327.3864638,4,"{""geodesic"":false,""type"":""Point"",""coordinates"":[38.19682106475946,-3.510962368412519]}"
000000000000000008aa_0,0.12552432229387092,0.23184977,0.0383975,0.04722499999999999,0.08231499999999997,0.1461425,0.23436250000000003,0.3555,0.2949175,329.74831561999997,4,"{""geodesic"":false,""type"":""Point"",""coordinates"":[38.22545359147294,-3.5061017087276545]}"
000000000000000008ab_0,0.1330030959752322,0.24217287,0.042137499999999994,0.05247750000000001,0.08357999999999999,0.138635,0.22724,0.36113750000000006,0.293405,329.73122552,4,"{""geodesic"":false,""type"":""Point"",""coordinates"":[38.220052224534484,-3.505825821754476]}"
000000000000000008ac_0,0.12828450747230755,0.23475917,0.044584999999999986,0.054815,0.0860825,0.1355825,0.21877000000000002,0.33039250000000003,0.26948,329.642357,4,"{""geodesic"":false,""type"":""Point"",""coordinates"":[38.21762038333418,-3.507180704039125]}"
000000000000000008ad_0,0.13181507262704703,0.2447599,0.038122500000000004,0.0472525,0.07928999999999997,0.13899250000000002,0.22908250000000002,0.3665825,0.30553250000000004,330.56864042,4,"{""geodesic"":false,""type"":""Point"",""coordinates"":[38.21518944160606,-3.5074500440608016]}"
000000000000000008ae_0,0.12406503685369827,0.22832513,0.038479999999999986,0.0477475,0.08157249999999999,0.14815,0.23582000000000003,0.37505249999999996,0.3173025,328.79810606,4,"{""geodesic"":false,""type"":""Point"",""coordinates"":[38.214918229823624,-3.5088067343765155]}"
000000000000000008af_0,0.12338849705742255,0.22558483,0.038479999999999986,0.04799500000000001,0.0832775,0.151615,0.23994500000000002,0.37518999999999997,0.31644999999999995,330.01150315999996,4,"{""geodesic"":false,""type"":""Point"",""coordinates"":[38.21572733790448,-3.51016433483021]}"
000000000000000008b0_0,0.1294193154512652,0.2286438,0.04375999999999999,0.05440250000000002,0.08745750000000002,0.1534025,0.24434499999999998,0.38872,0.32346250000000004,330.10037167999997,4,"{""geodesic"":false,""type"":""Point"",""coordinates"":[38.2162638770371,-3.5145069275091743]}"
000000000000000008b1_0,0.13192340033952626,0.2324485,0.045107499999999995,0.055365,0.08902500000000002,0.15100999999999998,0.242475,0.39240500000000006,0.32195,330.89335231999996,4,"{""geodesic"":false,""type"":""Point"",""coordinates"":[38.21626432997169,-3.513964160289912]}"
000000000000000008b2_0,0.12338738738738741,0.2097455,0.045107499999999995,0.05707000000000001,0.1045625,0.1773825,0.2715425,0.42455250000000005,0.34395000000000003,325.61934746,4,"{""geodesic"":false,""type"":""Point"",""coordinates"":[38.2138699405125,-3.4702693528247988]}"
000000000000000008b3_0,0.11746976604001047,0.21541263,0.037022499999999986,0.0471975,0.08256249999999998,0.15615250000000003,0.2418975,0.382835,0.3193925,327.04807982,4,"{""geodesic"":false,""type"":""Point"",""coordinates"":[38.21197811001625,-3.4718960745856453]}"
000000000000000008b4_0,0.11426912425929789,0.21333452,0.034574999999999995,0.043594999999999995,0.078795,0.1556575,0.24008250000000003,0.380415,0.325305,325.94405936,4,"{""geodesic"":false,""type"":""Point"",""coordinates"":[38.20954816546422,-3.471079886743819]}"
000000000000000008b5_0,0.11644272848232211,0.2165557,0.037434999999999996,0.04664750000000001,0.08055499999999999,0.150625,0.23389500000000002,0.37606999999999996,0.31537750000000003,326.34054968,4,"{""geodesic"":false,""type"":""Point"",""coordinates"":[38.208198951692204,-3.469721835633082]}"
000000000000000008b6_0,0.12302921058224384,0.2207854,0.04408999999999999,0.0534675,0.08644000000000002,0.15169749999999999,0.2376625,0.38255999999999996,0.31012500000000004,325.10664446,4,"{""geodesic"":false,""type"":""Point"",""coordinates"":[38.2068495155741,-3.468635166693992]}"
000000000000000008b7_0,0.11722156671625714,0.2078954,0.0415875,0.05132249999999999,0.090785,0.16759249999999998,0.255565,0.4022225,0.3314925,326.56955702,4,"{""geodesic"":false,""type"":""Point"",""coordinates"":[38.20441890551401,-3.468633117786892]}"
000000000000000008b8_0,0.13164080865068167,0.23554905,0.0418075,0.051624999999999976,0.08613749999999998,0.1499375,0.24233749999999998,0.3896825,0.30536749999999996,328.57935278,4,"{""geodesic"":false,""type"":""Point"",""coordinates"":[38.19982615922958,-3.470528910019595]}"
000000000000000008b9_0,0.11391868587963641,0.20037858,0.041972499999999996,0.053549999999999986,0.09821000000000002,0.171085,0.25683,0.40984000000000004,0.34752500000000003,324.90156326,4,"{""geodesic"":false,""type"":""Point"",""coordinates"":[38.21360189050351,-3.46782667411173]}"
000000000000000008ba_0,0.1017922645085506,0.18816341,0.036335000000000006,0.04571249999999999,0.08712750000000002,0.16759249999999998,0.24528,0.37103749999999996,0.3251675,325.21602110000003,4,"{""geodesic"":false,""type"":""Point"",""coordinates"":[38.214413214580055,-3.466470430920999]}"
000000000000000008bb_0,0.10506610773168083,0.20136018,0.03375,0.04290749999999999,0.07840999999999998,0.15089999999999998,0.22699249999999999,0.34098,0.2900225,324.74433434,4,"{""geodesic"":false,""type"":""Point"",""coordinates"":[38.214954021291824,-3.465656729359401]}"
000000000000000008bc_0,0.10417665292557442,0.20486161,0.03449250000000001,0.04332,0.07579750000000002,0.139185,0.210905,0.32558000000000004,0.2843575,325.3014716,4,"{""geodesic"":false,""type"":""Point"",""coordinates"":[38.21603607822446,-3.463486556858272]}"
000000000000000008bd_0,0.10387329163084402,0.1964048,0.034629999999999994,0.043429999999999996,0.0806925,0.1576925,0.234775,0.3384225,0.2938175,325.71505202000003,4,"{""geodesic"":false,""type"":""Point"",""coordinates"":[38.21711545445762,-3.4645729894310207]}"
000000000000000008be_0,0.11861649663619367,0.20026663,0.04926,0.06124999999999997,0.10865999999999998,0.17697000000000002,0.2656025,0.4243875,0.34868000000000005,327.67357748,4,"{""geodesic"":false,""type"":""Point"",""coordinates"":[38.217381506088415,-3.4694581246959246]}"
000000000000000008bf_0,0.1317195415375864,0.22303146,0.04783000000000001,0.06061749999999999,0.10148249999999998,0.164155,0.2583975,0.42397500000000005,0.3440325,327.41722598,4,"{""geodesic"":false,""type"":""Point"",""coordinates"":[38.2165695113522,-3.4716285223766117]}"
000000000000000008c0_0,0.12729482260505356,0.22887893,0.039112499999999994,0.049699999999999994,0.0860825,0.15431,0.24591249999999998,0.3923775,0.32744999999999996,327.99828937999996,4,"{""geodesic"":false,""type"":""Point"",""coordinates"":[38.21683823908992,-3.473257050387306]}"
000000000000000008c1_0,0.13033702509017525,0.24023351,0.03803999999999999,0.047774999999999984,0.08278249999999998,0.1426775,0.23290500000000003,0.36595000000000005,0.3083925,331.85723396000003,4,"{""geodesic"":false,""type"":""Point"",""coordinates"":[38.24112742044037,-3.494716408700751]}"
000000000000000008c2_0,0.12376634379794368,0.22390926,0.038012500000000005,0.049287499999999984,0.08726499999999998,0.15455750000000001,0.24374,0.41446,0.357755,332.14434764,4,"{""geodesic"":false,""type"":""Point"",""coordinates"":[38.24193351117736,-3.499873387450294]}"
000000000000000008c3_0,0.12465266156588341,0.22050807,0.04356750000000001,0.054842500000000016,0.09081250000000002,0.15568500000000002,0.24376750000000003,0.38506250000000003,0.31315,333.19367978,4,"{""geodesic"":false,""type"":""Point"",""coordinates"":[38.24409370881737,-3.5004179095651047]}"
000000000000000008c4_0,0.11870623277036665,0.21895818,0.03993749999999999,0.05008499999999999,0.08489999999999998,0.146995,0.22941250000000002,0.37862750000000006,0.33017250000000004,331.96319258,4,"{""geodesic"":false,""type"":""Point"",""coordinates"":[38.244901120090766,-3.5039465767418423]}"
000000000000000008c5_0,0.11743250208143362,0.21534699,0.041504999999999986,0.05148750000000002,0.08589000000000002,0.14839750000000002,0.22985250000000002,0.38918749999999996,0.3309425,325.32881576,4,"{""geodesic"":false,""type"":""Point"",""coordinates"":[38.174181076972815,-3.4574804714247422]}"
000000000000000008c6_0,0.11168201500274438,0.20746969,0.037599999999999995,0.04722499999999999,0.08261750000000001,0.15389750000000002,0.23447250000000003,0.38613500000000006,0.32992499999999997,324.4640567,4,"{""geodesic"":false,""type"":""Point"",""coordinates"":[38.1752610927108,-3.457752795638955]}"
000000000000000008c7_0,0.10465588218240861,0.19589561,0.034629999999999994,0.0431,0.08149,0.16299999999999998,0.24242000000000002,0.39224,0.3401825,324.39911431999997,4,"{""geodesic"":false,""type"":""Point"",""coordinates"":[38.1755304521066,-3.4585671748423588]}"
000000000000000008c8_0,0.11022700137880032,0.20577277,0.03820499999999999,0.0475825,0.08231499999999997,0.15189000000000002,0.230595,0.38162500000000005,0.32310500000000003,324.75117037999996,4,"{""geodesic"":false,""type"":""Point"",""coordinates"":[38.17471979404388,-3.459109229995963]}"
000000000000000008c9_0,0.11178760355324878,0.20754717,0.038122500000000004,0.0479125,0.08335999999999999,0.15288000000000002,0.23296,0.37857250000000003,0.32316000000000006,325.2843815,4,"{""geodesic"":false,""type"":""Point"",""coordinates"":[38.17390937013171,-3.4593799031380024]}"
000000000000000008ca_0,0.10880985675951477,0.20346944,0.036885,0.04598749999999999,0.08363500000000001,0.15497,0.23414250000000003,0.3710925,0.31848499999999996,324.39227828,4,"{""geodesic"":false,""type"":""Point"",""coordinates"":[38.17309800488239,-3.460736099586883]}"
000000000000000008cc_0,0.11739373155754053,0.20798972,0.048132499999999995,0.05811499999999997,0.09493750000000001,0.15414499999999998,0.235105,0.3565725,0.30011499999999997,331.44365354,4,"{""geodesic"":false,""type"":""Point"",""coordinates"":[38.240845100393194,-3.5099137639619213]}"
000000000000000008cd_0,0.11784001213117631,0.20700225,0.04810500000000001,0.0596275,0.09666999999999998,0.1555475,0.236755,0.35813999999999996,0.30157249999999997,330.92753252,4,"{""geodesic"":false,""type"":""Point"",""coordinates"":[38.24030471749833,-3.5101847086799816]}"
000000000000000008ce_0,0.1137342135476464,0.20303817,0.04598749999999999,0.05756499999999998,0.09466249999999998,0.15398,0.23243750000000002,0.3408975,0.2895825,331.09159748,4,"{""geodesic"":false,""type"":""Point"",""coordinates"":[38.240844443033374,-3.5107279195937053]}"
000000000000000008cf_0,0.11845161082940242,0.21002318,0.046674999999999994,0.05830750000000001,0.09436,0.15246749999999998,0.2335375,0.3540975,0.29643,330.93095054,4,"{""geodesic"":false,""type"":""Point"",""coordinates"":[38.2413846072053,-3.5107283598428176]}"
000000000000000008d0_0,0.11545377870430786,0.20510942,0.046042499999999986,0.057894999999999974,0.09430499999999997,0.15464,0.23444500000000001,0.34813,0.298135,331.33769492,4,"{""geodesic"":false,""type"":""Point"",""coordinates"":[38.2400352935868,-3.5093703328277717]}"
000000000000000008d1_0,0.12277311132585046,0.21534824,0.049479999999999996,0.061277499999999985,0.09523999999999999,0.1489475,0.230705,0.36273249999999996,0.3036625,331.42656344,4,"{""geodesic"":false,""type"":""Point"",""coordinates"":[38.240306032795,-3.50855639758783]}"
000000000000000008d2_0,0.12005012531328324,0.21456495,0.048490000000000005,0.059435000000000016,0.09273749999999997,0.1446575,0.22369250000000002,0.35668249999999996,0.29901500000000003,331.0437452,4,"{""geodesic"":false,""type"":""Point"",""coordinates"":[38.23949644675653,-3.507741581153036]}"
000000000000000008d3_0,0.1142480232567608,0.20454064,0.0475275,0.05852750000000001,0.0934525,0.1500475,0.22721249999999998,0.34989,0.29434,331.05741728,4,"{""geodesic"":false,""type"":""Point"",""coordinates"":[38.238956504032174,-3.507469755076683]}"
000000000000000008d4_0,0.12157422512234908,0.21839555,0.0445025,0.056410000000000016,0.09243499999999999,0.1466925,0.22866999999999998,0.36501500000000003,0.31331499999999995,331.45732562,4,"{""geodesic"":false,""type"":""Point"",""coordinates"":[38.24003704739298,-3.507199251457292]}"
000000000000000008d5_0,0.13363565389279253,0.230177,0.051817500000000016,0.06251499999999999,0.096835,0.14798499999999998,0.23648000000000002,0.38030500000000006,0.3184025,331.47441572,4,"{""geodesic"":false,""type"":""Point"",""coordinates"":[38.240576771399354,-3.5077424621528492]}"
000000000000000008d6_0,0.11618602440183805,0.20995672,0.04321,0.05431999999999998,0.09141749999999998,0.1517525,0.23241,0.3610275,0.31229750000000006,330.9582947,4,"{""geodesic"":false,""type"":""Point"",""coordinates"":[38.24138657742196,-3.5082858925974842]}"
000000000000000008d7_0,0.11681322491174984,0.21124937,0.043017499999999986,0.053605000000000014,0.08971249999999997,0.15222000000000002,0.2337575,0.374145,0.32205999999999996,330.8215739,4,"{""geodesic"":false,""type"":""Point"",""coordinates"":[38.241926302864364,-3.508829102804779]}"
000000000000000008d8_0,0.11386359036632253,0.20638986,0.04491500000000001,0.05599749999999998,0.09191250000000001,0.1487275,0.22608499999999998,0.36003749999999995,0.311665,331.38896522,4,"{""geodesic"":false,""type"":""Point"",""coordinates"":[38.24192586540118,-3.5093718733766943]}"
000000000000000008d9_0,0.11559313804822788,0.20569427,0.0476375,0.05882999999999999,0.09562500000000002,0.15169749999999999,0.230265,0.3626225,0.3099875,330.91727846000003,4,"{""geodesic"":false,""type"":""Point"",""coordinates"":[38.24111605816628,-3.508828443141566]}"
000000000000000008da_0,0.11917132331034683,0.21620844,0.0353175,0.04565749999999999,0.08536749999999999,0.163495,0.253695,0.38038750000000005,0.33061250000000003,327.15745646,4,"{""geodesic"":false,""type"":""Point"",""coordinates"":[38.15089212469208,-3.528289893595774]}"
000000000000000008db_0,0.11061294939799612,0.19235526,0.04189000000000001,0.053495000000000015,0.09947499999999998,0.18203000000000003,0.2687375,0.40577,0.35407000000000005,327.7453559,4,"{""geodesic"":false,""type"":""Point"",""coordinates"":[38.15116269832115,-3.5277473828667723]}"
000000000000000008dc_0,0.12052277022056171,0.20202453,0.045685,0.060809999999999975,0.10832999999999998,0.1815075,0.2734125,0.40458750000000004,0.33765249999999997,326.88401486,4,"{""geodesic"":false,""type"":""Point"",""coordinates"":[38.15116368306081,-3.526661866421565]}"
000000000000000008dd_0,0.11949277711733132,0.19558308,0.050360000000000016,0.0661175,0.11561749999999998,0.187585,0.2788025,0.4099225,0.3462325,326.42600017999996,4,"{""geodesic"":false,""type"":""Point"",""coordinates"":[38.150353441093024,-3.526661124077057]}"
000000000000000008de_0,0.11005081953480579,0.20178495,0.03325500000000001,0.042330000000000007,0.08105000000000001,0.17149750000000002,0.258205,0.38940749999999996,0.3428225,327.72142976,4,"{""geodesic"":false,""type"":""Point"",""coordinates"":[38.15170113742332,-3.5296475315067535]}"
000000000000000008df_0,0.11078648736384798,0.1998935,0.03432750000000001,0.0444475,0.0843775,0.17655749999999998,0.2647775,0.39606250000000004,0.34901,328.44946802,4,"{""geodesic"":false,""type"":""Point"",""coordinates"":[38.153590971940304,-3.530463399053283]}"
000000000000000008e0_0,0.10903480553906471,0.19848518,0.03344749999999999,0.043045,0.08322249999999998,0.17540250000000002,0.262275,0.39845500000000006,0.3549225,329.14332608,4,"{""geodesic"":false,""type"":""Point"",""coordinates"":[38.15305007039271,-3.5312770427880547]}"
000000000000000008e1_0,0.10988896309901489,0.20149837,0.03231999999999999,0.04205500000000001,0.08168249999999999,0.17213,0.2590025,0.38701500000000005,0.343895,328.33325534,4,"{""geodesic"":false,""type"":""Point"",""coordinates"":[38.15115974227239,-3.5310039320485136]}"
000000000000000008e2_0,0.11630435545080213,0.20763223,0.036555000000000004,0.04653750000000001,0.08806249999999999,0.174,0.26519,0.39474250000000005,0.34042999999999995,328.82203219999997,4,"{""geodesic"":false,""type"":""Point"",""coordinates"":[38.15250892166381,-3.5323620651418097]}"
000000000000000008e3_0,0.11482372132922691,0.207516,0.03465750000000001,0.044639999999999985,0.08412999999999998,0.17149750000000002,0.2613125,0.39609,0.34515999999999997,328.62720506,4,"{""geodesic"":false,""type"":""Point"",""coordinates"":[38.15358875979664,-3.5329058123600556]}"
000000000000000008e4_0,0.11243454863632904,0.20026432,0.03622500000000001,0.04681250000000001,0.08905249999999998,0.17851,0.2679125,0.40887750000000006,0.35684750000000004,328.37085356,4,"{""geodesic"":false,""type"":""Point"",""coordinates"":[38.154398270839486,-3.5337206910955716]}"
000000000000000008e5_0,0.10747827305859263,0.19635655,0.03471250000000001,0.04408999999999999,0.0840475,0.17259750000000001,0.25694,0.39433,0.34975249999999997,328.63745912,4,"{""geodesic"":false,""type"":""Point"",""coordinates"":[38.15250744439158,-3.5339903401698374]}"
000000000000000008e6_0,0.10703528399311527,0.20061097,0.0326775,0.04128499999999999,0.07898749999999999,0.16355000000000003,0.2456375,0.3809375,0.335865,327.82055234,4,"{""geodesic"":false,""type"":""Point"",""coordinates"":[38.15142711296012,-3.5339893497347323]}"
000000000000000008e7_0,0.10986593331041598,0.19894743,0.033997499999999986,0.043539999999999995,0.08421250000000002,0.1769425,0.2648325,0.39270750000000004,0.3448575,328.3776896,4,"{""geodesic"":false,""type"":""Point"",""coordinates"":[38.15169916721592,-3.5318185645355995]}"
000000000000000008e8_0,0.10888147753706454,0.2001733,0.032897499999999996,0.042440000000000005,0.0813525,0.170755,0.256225,0.39028750000000006,0.34857,327.33861152,4,"{""geodesic"":false,""type"":""Point"",""coordinates"":[38.15170039873841,-3.5304616689046]}"
000000000000000008e9_0,0.10997246331346511,0.20134598,0.033997499999999986,0.04252249999999999,0.08179249999999999,0.17207499999999998,0.2588375,0.39328500000000005,0.34730500000000003,328.68872941999996,4,"{""geodesic"":false,""type"":""Point"",""coordinates"":[38.152510890294415,-3.5301910316812513]}"
000000000000000008ea_0,0.12347312254707418,0.22918656,0.031907500000000005,0.04122999999999999,0.07846500000000001,0.15538249999999998,0.24778250000000002,0.3692775,0.317385,327.56078282,4,"{""geodesic"":false,""type"":""Point"",""coordinates"":[38.15116122063985,-3.529375657486503]}"
000000000000000008eb_0,0.11522052527972726,0.21586908,0.03220999999999999,0.041147500000000004,0.07838250000000002,0.15727999999999998,0.24387750000000002,0.36988250000000006,0.32481,326.89426892,4,"{""geodesic"":false,""type"":""Point"",""coordinates"":[38.15035122288523,-3.5291035355273483]}"
000000000000000008ec_0,0.1096989114982283,0.19707067,0.036775,0.0476925,0.08993250000000003,0.17378,0.259085,0.39050750000000006,0.34312499999999996,327.20872676,4,"{""geodesic"":false,""type"":""Point"",""coordinates"":[38.150081881371875,-3.528289150671564]}"
000000000000000008ed_0,0.11427969375570703,0.19421595,0.0441725,0.057510000000000006,0.1053325,0.18563249999999998,0.2751175,0.4065675,0.34854250000000003,326.89426892,4,"{""geodesic"":false,""type"":""Point"",""coordinates"":[38.15008262100944,-3.527475013578765]}"
000000000000000008ee_0,0.11133815172891832,0.2083707,0.03193499999999999,0.041092500000000004,0.078905,0.16110249999999998,0.24591249999999998,0.37650999999999996,0.33383,326.04318193999995,4,"{""geodesic"":false,""type"":""Point"",""coordinates"":[38.148998840290155,-3.531273327379792]}"
000000000000000008ef_0,0.10737895430420898,0.20319876,0.031137499999999985,0.040267499999999984,0.07632,0.15992,0.241485,0.3731275,0.33218,327.15062042,4,"{""geodesic"":false,""type"":""Point"",""coordinates"":[38.1492679339322,-3.532359091426481]}"
000000000000000008f0_0,0.11007204715813983,0.2066321,0.032072500000000004,0.041559999999999986,0.07739249999999998,0.1597,0.24288749999999998,0.3722475,0.3260475,327.45824222,4,"{""geodesic"":false,""type"":""Point"",""coordinates"":[38.14953653368892,-3.53398761343812]}"
000000000000000008f1_0,0.1179585407160342,0.22029556,0.0325125,0.042027499999999995,0.07931749999999999,0.15524500000000002,0.24297000000000002,0.3742825,0.32761500000000005,325.94405936,4,"{""geodesic"":false,""type"":""Point"",""coordinates"":[38.16249930745088,-3.5353563412130042]}"
000000000000000008f2_0,0.11503056189704697,0.21582715,0.033310000000000006,0.041504999999999986,0.078905,0.15607,0.24198000000000003,0.38014,0.33691,325.82784668,4,"{""geodesic"":false,""type"":""Point"",""coordinates"":[38.16222897992394,-3.5356274763847986]}"
000000000000000008f3_0,0.11898706583345442,0.2206941,0.0325675,0.04144999999999999,0.07951000000000003,0.1590125,0.249075,0.37574,0.32973250000000004,326.03292788,4,"{""geodesic"":false,""type"":""Point"",""coordinates"":[38.162769634820826,-3.5350852059230897]}"
000000000000000008f4_0,0.1160588758499985,0.21330808,0.033695,0.04277,0.08173750000000002,0.16410000000000002,0.25309,0.388665,0.341695,330.15506,4,"{""geodesic"":false,""type"":""Point"",""coordinates"":[38.162500281141014,-3.5342708217636285]}"
000000000000000008f5_0,0.11579578807549765,0.21296932,0.033695,0.04230249999999999,0.08132499999999998,0.16478749999999998,0.25397000000000003,0.39103000000000004,0.34205250000000004,330.0866996,4,"{""geodesic"":false,""type"":""Point"",""coordinates"":[38.162770364824794,-3.5342710662771872]}"
000000000000000008f6_0,0.11575432267785096,0.21402915,0.03432750000000001,0.04257749999999999,0.0814625,0.1613775,0.24926750000000003,0.3912775,0.34549,331.21122818000003,4,"{""geodesic"":false,""type"":""Point"",""coordinates"":[38.16196035736232,-3.5339989526712854]}"
000000000000000008f7_0,0.11421978655898467,0.21113601,0.03375,0.042605000000000004,0.08116000000000001,0.16275250000000002,0.2498725,0.3881425,0.34056749999999997,331.34453096,4,"{""geodesic"":false,""type"":""Point"",""coordinates"":[38.16196060087594,-3.5337275728409834]}"
000000000000000008f8_0,0.11561301362413623,0.21366054,0.03383249999999999,0.04279749999999999,0.0813525,0.1613775,0.249075,0.38877500000000004,0.3393025,330.52078814000004,4,"{""geodesic"":false,""type"":""Point"",""coordinates"":[38.162230684365184,-3.533727817474562]}"
000000000000000008f9_0,0.11165111832193764,0.20800799,0.03309000000000001,0.04216500000000001,0.0808025,0.16140500000000002,0.2461875,0.385585,0.3422175,331.19072006,4,"{""geodesic"":false,""type"":""Point"",""coordinates"":[38.16142043395392,-3.533727083337334]}"
000000000000000008fa_0,0.11263894954845799,0.20127708,0.037215,0.047664999999999985,0.09028999999999998,0.174495,0.26244,0.39916999999999997,0.35049500000000006,330.54129625999997,4,"{""geodesic"":false,""type"":""Point"",""coordinates"":[38.16088026710722,-3.5337265935183617]}"
000000000000000008fb_0,0.11653282437250173,0.21088926,0.03595000000000001,0.046042499999999986,0.0867425,0.1664925,0.2554825,0.38872,0.3433175,330.92069648,4,"{""geodesic"":false,""type"":""Point"",""coordinates"":[38.161150106772155,-3.53399821824103]}"
000000000000000008fc_0,0.10984737672049033,0.20227906,0.034272499999999984,0.04351250000000001,0.0836075,0.16696,0.2516325,0.38918749999999996,0.3445,330.49686199999996,4,"{""geodesic"":false,""type"":""Point"",""coordinates"":[38.16141994659401,-3.5342698429209656]}"
000000000000000008fd_0,0.11008140352892193,0.20504701,0.0322375,0.041779999999999984,0.0806925,0.163495,0.2478375,0.38737250000000006,0.3467275,331.34453096,4,"{""geodesic"":false,""type"":""Point"",""coordinates"":[38.16142067760563,-3.5334557035431113]}"
000000000000000008fe_0,0.11070413100642065,0.20385072,0.033585000000000004,0.043182499999999985,0.08286500000000002,0.16685,0.25229250000000003,0.38728999999999997,0.3451325,331.20439214,4,"{""geodesic"":false,""type"":""Point"",""coordinates"":[38.16115059425131,-3.5334554586918916]}"
000000000000000008ff_0,0.1109414080836247,0.20001838,0.03606000000000001,0.04582249999999999,0.08715499999999998,0.17416500000000001,0.26125750000000003,0.3975475,0.34945,330.76688558,4,"{""geodesic"":false,""type"":""Point"",""coordinates"":[38.1608807547056,-3.533183834003728]}"
00000000000000000900_0,0.11106235748555973,0.20707397,0.032484999999999986,0.0415325,0.0802525,0.1625875,0.2475075,0.38206500000000004,0.33957750000000003,331.42998146,4,"{""geodesic"":false,""type"":""Point"",""coordinates"":[38.161690760978786,-3.533455948315506]}"
00000000000000000901_0,0.11753364859949074,0.21728976,0.03388749999999999,0.042550000000000004,0.08077499999999999,0.16003,0.2488825,0.38503499999999996,0.33619499999999997,330.64383685999996,4,"{""geodesic"":false,""type"":""Point"",""coordinates"":[38.16223092778155,-3.5334564376238218]}"
00000000000000000902_0,0.11694941991366828,0.21459757,0.03438250000000001,0.042825,0.08217750000000001,0.164155,0.25386000000000003,0.3901775,0.3415025,330.56864042,4,"{""geodesic"":false,""type"":""Point"",""coordinates"":[38.162501011211155,-3.5334566821597426]}"
00000000000000000903_0,0.11104437535330698,0.20396449,0.03377749999999999,0.042825,0.08267249999999998,0.168665,0.25509750000000003,0.3901775,0.3437575,330.50369804,4,"{""geodesic"":false,""type"":""Point"",""coordinates"":[38.16277109465956,-3.5334569266168385]}"
00000000000000000904_0,0.11403597632451046,0.21167794,0.033365000000000006,0.04216500000000001,0.08017000000000002,0.16140500000000002,0.248085,0.382615,0.33410500000000004,330.14138792,4,"{""geodesic"":false,""type"":""Point"",""coordinates"":[38.163039962033814,-3.534814070515072]}"
00000000000000000905_0,0.12159515233323313,0.22530259,0.033172499999999994,0.0418625,0.079345,0.15672999999999998,0.24789250000000002,0.3797,0.33218,329.984159,4,"{""geodesic"":false,""type"":""Point"",""coordinates"":[38.162499794333556,-3.534813581491527]}"
00000000000000000906_0,0.11994754137011332,0.22343385,0.03320000000000001,0.041669999999999985,0.07926250000000001,0.15560249999999998,0.24514249999999999,0.3771975,0.32951250000000004,325.97823956,4,"{""geodesic"":false,""type"":""Point"",""coordinates"":[38.16249955090162,-3.5350849613530686]}"
00000000000000000907_0,0.1159197984003506,0.2165881,0.03242999999999999,0.0413125,0.07871250000000002,0.15785749999999998,0.24514249999999999,0.37717000000000006,0.33119000000000004,326.00558372,4,"{""geodesic"":false,""type"":""Point"",""coordinates"":[38.162768904647656,-3.535899345554543]}"
00000000000000000908_0,0.11941917347322757,0.2240519,0.03215499999999999,0.04059750000000001,0.07697999999999999,0.15414499999999998,0.2431625,0.37274250000000003,0.32725750000000003,325.47237259999997,4,"{""geodesic"":false,""type"":""Point"",""coordinates"":[38.16249833345984,-3.536441860636691]}"
00000000000000000909_0,0.12905574884699403,0.2372301,0.0326775,0.0417525,0.07895999999999997,0.15513500000000002,0.2516325,0.3769225,0.32703750000000004,325.6261835,4,"{""geodesic"":false,""type"":""Point"",""coordinates"":[38.163308099814124,-3.5369853542074883]}"
0000000000000000090a_0,0.12645864391096484,0.23360959,0.0324575,0.0413125,0.07873999999999998,0.15535500000000002,0.250065,0.37827000000000005,0.33009000000000005,325.54415101999996,4,"{""geodesic"":false,""type"":""Point"",""coordinates"":[38.163038015307784,-3.536985109663528]}"
0000000000000000090b_0,0.12188123109976383,0.22726734,0.032594999999999985,0.040872500000000006,0.07865749999999999,0.1548875,0.24599500000000002,0.37813250000000004,0.33176750000000005,325.57149518,4,"{""geodesic"":false,""type"":""Point"",""coordinates"":[38.163038258714316,-3.5367137297755926]}"
0000000000000000090c_0,0.12363074237616592,0.23059076,0.033007499999999995,0.040872500000000006,0.07772249999999997,0.15337499999999998,0.2453075,0.37681250000000005,0.3291825,325.4040122,4,"{""geodesic"":false,""type"":""Point"",""coordinates"":[38.162497846351485,-3.5369846203388975]}"
0000000000000000090d_0,0.12612877174950438,0.23256214,0.034217499999999984,0.041724999999999984,0.07931749999999999,0.15590500000000002,0.250395,0.3780775,0.3303375,325.66719974,4,"{""geodesic"":false,""type"":""Point"",""coordinates"":[38.163307613101736,-3.5375281140161596]}"
0000000000000000090e_0,0.11796746643773769,0.22246188,0.03204499999999999,0.040295,0.07659500000000002,0.15321,0.24087999999999998,0.37062500000000004,0.32555249999999997,325.9167152,4,"{""geodesic"":false,""type"":""Point"",""coordinates"":[38.163848025693426,-3.537257223001435]}"
0000000000000000090f_0,0.11533412975827026,0.21794043,0.031962500000000005,0.04024,0.07629249999999999,0.15433750000000002,0.2403575,0.37186250000000004,0.3272025,325.87911698,4,"{""geodesic"":false,""type"":""Point"",""coordinates"":[38.16384826888317,-3.5369858430586962]}"
00000000000000000910_0,0.11734512224068365,0.22199543,0.03215499999999999,0.040075,0.07577,0.15246749999999998,0.2394775,0.37035,0.324645,325.88595302,4,"{""geodesic"":false,""type"":""Point"",""coordinates"":[38.16384851205413,-3.536714463114352]}"
00000000000000000911_0,0.11451299197971981,0.20889609,0.036142499999999994,0.04598749999999999,0.08434999999999998,0.163715,0.250175,0.403075,0.3468925,327.40013588,4,"{""geodesic"":false,""type"":""Point"",""coordinates"":[38.1760152452781,-3.522070813273214]}"
00000000000000000912_0,0.11695050461434872,0.21354294,0.036445000000000005,0.04560249999999999,0.08357999999999999,0.16184500000000002,0.24973499999999998,0.40048999999999996,0.34202499999999997,328.02905155999997,4,"{""geodesic"":false,""type"":""Point"",""coordinates"":[38.176015722499024,-3.521528051527528]}"
00000000000000000913_0,0.1119688865863536,0.20686802,0.03454750000000001,0.0443375,0.08184750000000002,0.16179,0.2461875,0.39941750000000004,0.34700250000000005,327.01731764,4,"{""geodesic"":false,""type"":""Point"",""coordinates"":[38.175746118885726,-3.520985050032866]}"
00000000000000000914_0,0.11166539309966979,0.20532131,0.0353725,0.04425499999999999,0.08297500000000002,0.16487000000000002,0.250065,0.40247000000000005,0.34771749999999996,327.66674144,4,"{""geodesic"":false,""type"":""Point"",""coordinates"":[38.174936115574525,-3.520712949529534]}"
00000000000000000915_0,0.11131579135994489,0.20289321,0.03611500000000001,0.04554749999999999,0.085505,0.16778500000000002,0.2532,0.40065500000000004,0.345435,327.33177548000003,4,"{""geodesic"":false,""type"":""Point"",""coordinates"":[38.17385531489318,-3.5212547503639797]}"
00000000000000000916_0,0.10928073282780755,0.19527066,0.03622500000000001,0.04700499999999999,0.08858500000000002,0.17900500000000003,0.2658775,0.41512,0.361385,326.97971942000004,4,"{""geodesic"":false,""type"":""Point"",""coordinates"":[38.17304507287839,-3.5212540289597425]}"
00000000000000000917_0,0.11170947741364037,0.20264088,0.03595000000000001,0.04538249999999999,0.08536749999999999,0.17059000000000002,0.2572975,0.40340499999999996,0.3489275,327.1813826,4,"{""geodesic"":false,""type"":""Point"",""coordinates"":[38.17412467815635,-3.522069132906516]}"
00000000000000000918_0,0.11402857739892346,0.20608762,0.03630749999999999,0.046977500000000005,0.08765,0.1676475,0.254685,0.4018375,0.344335,327.55052876,4,"{""geodesic"":false,""type"":""Point"",""coordinates"":[38.175204763241986,-3.5223414744023422]}"
00000000000000000919_0,0.11891228909895891,0.21794936,0.036610000000000004,0.04629,0.08396500000000001,0.156895,0.24434499999999998,0.3884175,0.33358250000000006,328.8049421,4,"{""geodesic"":false,""type"":""Point"",""coordinates"":[38.17979590713397,-3.522616924713284]}"
0000000000000000091a_0,0.1154168689588207,0.20891385,0.03776499999999999,0.04810500000000001,0.08795249999999999,0.163385,0.24968,0.3990875,0.34252,328.2067886,4,"{""geodesic"":false,""type"":""Point"",""coordinates"":[38.1797968572709,-3.521531400193568]}"
0000000000000000091b_0,0.1132548801626599,0.20708038,0.03694,0.046207499999999985,0.08627499999999999,0.163055,0.2482225,0.3966125,0.34131000000000006,328.08715789999997,4,"{""geodesic"":false,""type"":""Point"",""coordinates"":[38.179797332228866,-3.520988637924117]}"
0000000000000000091c_0,0.15471968761206517,0.28573436,0.033915,0.042082499999999995,0.07780500000000001,0.133465,0.2402475,0.3495875,0.288235,327.75902798,4,"{""geodesic"":false,""type"":""Point"",""coordinates"":[38.18060781261225,-3.520717972189191]}"
0000000000000000091d_0,0.1487901367947761,0.2782948,0.03237499999999999,0.04095499999999999,0.07648500000000003,0.133575,0.23659000000000002,0.34647999999999995,0.28851,327.6940856,4,"{""geodesic"":false,""type"":""Point"",""coordinates"":[38.18141710767019,-3.5218042118654185]}"
0000000000000000091e_0,0.13216299589971606,0.24626331,0.03339249999999999,0.04257749999999999,0.0783275,0.14460250000000002,0.23909249999999999,0.3639425,0.30327750000000003,328.45630406,4,"{""geodesic"":false,""type"":""Point"",""coordinates"":[38.181686715078484,-3.522347212531343]}"
0000000000000000091f_0,0.11496516315672642,0.2059978,0.038122500000000004,0.0479125,0.08946500000000002,0.17017749999999998,0.25848,0.40291000000000005,0.34769,328.36743554,4,"{""geodesic"":false,""type"":""Point"",""coordinates"":[38.181415922207044,-3.523161118055575]}"
00000000000000000920_0,0.11486058877872424,0.21007752,0.03589500000000001,0.04527249999999999,0.08503749999999999,0.163275,0.25012,0.39631,0.3433725,328.02221552000003,4,"{""geodesic"":false,""type"":""Point"",""coordinates"":[38.18060543961579,-3.5234317840412532]}"
00000000000000000921_0,0.11924711233466997,0.21539746,0.03919500000000001,0.048985,0.08682499999999999,0.1596725,0.24734250000000002,0.398565,0.33729499999999996,328.22729672,4,"{""geodesic"":false,""type"":""Point"",""coordinates"":[38.18060472735807,-3.524245927565688]}"
00000000000000000922_0,0.1122323661275765,0.20762981,0.036500000000000005,0.04524500000000001,0.08195750000000002,0.15920499999999999,0.24264000000000002,0.38750999999999997,0.33358250000000006,328.88355656,4,"{""geodesic"":false,""type"":""Point"",""coordinates"":[38.1797951943379,-3.5234310680862797]}"
00000000000000000923_0,0.12198337891699261,0.2180685,0.039992499999999986,0.0508825,0.08833750000000001,0.15964499999999998,0.24869000000000002,0.39994,0.3388625,328.66480328,4,"{""geodesic"":false,""type"":""Point"",""coordinates"":[38.179523923862426,-3.524787734774895]}"
00000000000000000924_0,0.1164183076104311,0.21459892,0.03584000000000001,0.04480500000000001,0.08231499999999997,0.15851749999999998,0.24514249999999999,0.38918749999999996,0.332015,328.34692742,4,"{""geodesic"":false,""type"":""Point"",""coordinates"":[38.17898328374714,-3.5253300188508945]}"
00000000000000000925_0,0.11392367848532954,0.21056141,0.034574999999999995,0.04441999999999999,0.08072000000000001,0.15981,0.24506,0.39474250000000005,0.34051250000000005,327.95727314,4,"{""geodesic"":false,""type"":""Point"",""coordinates"":[38.178444071774486,-3.5242440163377977]}"
00000000000000000926_0,0.1061783826078054,0.19886944,0.03432750000000001,0.04340250000000001,0.08151750000000002,0.16085500000000003,0.240715,0.38242250000000005,0.33597499999999997,327.97436324,4,"{""geodesic"":false,""type"":""Point"",""coordinates"":[38.17898590052225,-3.5223448271446913]}"
00000000000000000927_0,0.11551814756416234,0.21108453,0.036390000000000006,0.04681250000000001,0.08575250000000001,0.16038750000000002,0.24621500000000002,0.39202,0.3390275,327.54711074,4,"{""geodesic"":false,""type"":""Point"",""coordinates"":[38.17898708922807,-3.520987921759717]}"
00000000000000000928_0,0.10853872142705333,0.20127006,0.0354825,0.0448875,0.08434999999999998,0.16162500000000002,0.24308000000000002,0.38927000000000006,0.3408975,327.3181034,4,"{""geodesic"":false,""type"":""Point"",""coordinates"":[38.178177084313575,-3.5207158238619867]}"
00000000000000000929_0,0.10867910301676949,0.19991271,0.03658249999999999,0.04543749999999999,0.08569749999999998,0.16498000000000002,0.247425,0.393615,0.343015,328.50073832,4,"{""geodesic"":false,""type"":""Point"",""coordinates"":[38.17844787857782,-3.519901919734968]}"
0000000000000000092a_0,0.1207028151518326,0.22299726,0.035042500000000004,0.04441999999999999,0.07906999999999997,0.15455750000000001,0.2432725,0.38605249999999997,0.32695500000000005,328.02221552000003,4,"{""geodesic"":false,""type"":""Point"",""coordinates"":[38.18222995569368,-3.5188197317086805]}"
0000000000000000092b_0,0.10114388922335943,0.19034232,0.03287000000000001,0.040872500000000006,0.07780500000000001,0.16704249999999998,0.24558249999999998,0.3728525,0.33322500000000005,327.92309294,4,"{""geodesic"":false,""type"":""Point"",""coordinates"":[38.18304043384754,-3.5185490632337753]}"
0000000000000000092c_0,0.09251694980344516,0.17479582,0.0324575,0.041037500000000005,0.08028000000000002,0.17202,0.24489500000000003,0.37695000000000006,0.34813,326.64475346,4,"{""geodesic"":false,""type"":""Point"",""coordinates"":[38.18602448019034,-3.5033543003445717]}"
0000000000000000092d_0,0.09127796105288072,0.17216319,0.032594999999999985,0.04139499999999999,0.0814625,0.17342249999999998,0.24555500000000002,0.37813250000000004,0.349725,328.94849894000004,4,"{""geodesic"":false,""type"":""Point"",""coordinates"":[38.185754169256384,-3.5036254463408785]}"
0000000000000000092e_0,0.09559290269927154,0.19253387,0.0294875,0.03617000000000001,0.0685925,0.145895,0.21547,0.345215,0.32095999999999997,327.13694834,4,"{""geodesic"":false,""type"":""Point"",""coordinates"":[38.191435778058214,-3.491960950335192]}"
0000000000000000092f_0,0.09398005713657837,0.17649473,0.03133,0.040295,0.0802525,0.175595,0.2508625,0.3944125,0.3621275,326.12521442,4,"{""geodesic"":false,""type"":""Point"",""coordinates"":[38.18549767167805,-3.4878850737254656]}"
00000000000000000930_0,0.13745491695432108,0.22956792,0.05148750000000002,0.062460000000000016,0.0980725,0.16390749999999998,0.26158750000000003,0.40953750000000005,0.32846749999999997,328.75708982000003,4,"{""geodesic"":false,""type"":""Point"",""coordinates"":[38.208146296224704,-3.532411344517819]}"
00000000000000000931_0,0.14361020201778904,0.23787312,0.05217499999999997,0.06463249999999998,0.09832000000000002,0.1589025,0.258095,0.40923499999999996,0.32283,328.38110761999997,4,"{""geodesic"":false,""type"":""Point"",""coordinates"":[38.20787713018515,-3.5313255815478874]}"
00000000000000000932_0,0.14461797888143896,0.23847125,0.05407250000000002,0.06584250000000003,0.10071249999999998,0.15816000000000002,0.257215,0.40577,0.3192,328.1555183,4,"{""geodesic"":false,""type"":""Point"",""coordinates"":[38.207337418740956,-3.5307823533162024]}"
00000000000000000933_0,0.1468606737093881,0.23714888,0.05453999999999998,0.06897750000000002,0.10766999999999999,0.162945,0.264255,0.422105,0.32492000000000004,328.44605,4,"{""geodesic"":false,""type"":""Point"",""coordinates"":[38.20625730654362,-3.5305100448967988]}"
00000000000000000934_0,0.14580782749496465,0.23330843,0.053769999999999984,0.07046249999999998,0.11201499999999998,0.16682249999999998,0.2683525,0.42609250000000004,0.32577249999999996,328.02563354,4,"{""geodesic"":false,""type"":""Point"",""coordinates"":[38.205717366063794,-3.5302381988557605]}"
00000000000000000935_0,0.15646582712020485,0.2577418,0.04832500000000001,0.06375249999999999,0.09944750000000002,0.1534025,0.2599375,0.3993075,0.29995,325.32197972,4,"{""geodesic"":false,""type"":""Point"",""coordinates"":[38.201396928603444,-3.5291489518935064]}"
00000000000000000936_0,0.15977566726707054,0.25951582,0.05217499999999997,0.06663999999999998,0.10167500000000002,0.15312750000000003,0.26046,0.39925250000000007,0.294945,327.7795361,4,"{""geodesic"":false,""type"":""Point"",""coordinates"":[38.202207183173385,-3.529149650113997]}"
00000000000000000937_0,0.15496366092101882,0.2540941,0.04827000000000001,0.06466,0.10150999999999999,0.15560249999999998,0.261615,0.400105,0.29962,326.0192558,4,"{""geodesic"":false,""type"":""Point"",""coordinates"":[38.20166724509961,-3.5288778021499376]}"
00000000000000000938_0,0.15543999547105114,0.25530425,0.048545000000000005,0.06463249999999998,0.10093249999999998,0.1541725,0.2598825,0.4043125,0.30063750000000006,325.65352766,4,"{""geodesic"":false,""type"":""Point"",""coordinates"":[38.20085652706935,-3.5294198685265274]}"
00000000000000000939_0,0.1549734828549451,0.25529283,0.048875,0.06424750000000001,0.09914499999999998,0.15354,0.25881,0.40321250000000003,0.30305750000000004,325.89620707999995,4,"{""geodesic"":false,""type"":""Point"",""coordinates"":[38.20031542891255,-3.5305049321699404]}"
0000000000000000093a_0,0.15410282656178215,0.2542799,0.04980999999999999,0.06380750000000002,0.098045,0.1542,0.25936,0.40599,0.3070725,329.06812964,4,"{""geodesic"":false,""type"":""Point"",""coordinates"":[38.20004441472258,-3.5315902286382217]}"
0000000000000000093b_0,0.15147202342225108,0.24983995,0.05179,0.06509999999999999,0.097825,0.15378750000000002,0.256225,0.39735499999999996,0.30127,328.54517258,4,"{""geodesic"":false,""type"":""Point"",""coordinates"":[38.197073009553165,-3.5321304207999864]}"
0000000000000000093c_0,0.14734901699649997,0.2434991,0.0537975,0.0655675,0.09843000000000002,0.15502500000000002,0.2548225,0.397685,0.30814500000000006,328.23413275999997,4,"{""geodesic"":false,""type"":""Point"",""coordinates"":[38.19545203008123,-3.532671777739011]}"
0000000000000000093d_0,0.1463575732190611,0.24440858,0.050854999999999984,0.06323000000000001,0.09609250000000003,0.15447500000000003,0.25441,0.4045325,0.3130675,329.20143242,4,"{""geodesic"":false,""type"":""Point"",""coordinates"":[38.19653563772488,-3.528873365469893]}"
0000000000000000093e_0,0.1513411336826741,0.24688473,0.05228499999999997,0.06595250000000002,0.10054750000000001,0.15917750000000003,0.26354,0.41602750000000005,0.31441500000000006,327.40697192,4,"{""geodesic"":false,""type"":""Point"",""coordinates"":[38.19518918319142,-3.5242586967429337]}"
0000000000000000093f_0,0.15260221849606606,0.25009006,0.05206499999999997,0.06548500000000002,0.1019775,0.1560975,0.2602125,0.41292,0.31367249999999997,327.7795361,4,"{""geodesic"":false,""type"":""Point"",""coordinates"":[38.19600059700045,-3.522902488337987]}"
00000000000000000940_0,0.15231071223736392,0.2498419,0.05288999999999999,0.06551249999999997,0.10112500000000002,0.15568500000000002,0.2593875,0.4166325,0.31680749999999996,327.22239884,4,"{""geodesic"":false,""type"":""Point"",""coordinates"":[38.19519104838618,-3.5220876394271645]}"
00000000000000000941_0,0.15422123715494662,0.25582328,0.04857249999999999,0.0627625,0.0987325,0.1530725,0.258315,0.402195,0.31117,328.00512542,4,"{""geodesic"":false,""type"":""Point"",""coordinates"":[38.19384087016848,-3.521815085370061]}"
00000000000000000942_0,0.1582030143923888,0.26029006,0.04967250000000001,0.06369750000000002,0.10098750000000001,0.152825,0.2603775,0.41484499999999996,0.3137825,328.45288603999995,4,"{""geodesic"":false,""type"":""Point"",""coordinates"":[38.193301640061236,-3.520729087870364]}"
00000000000000000943_0,0.15692671356523574,0.26087463,0.0505525,0.06204749999999998,0.0962575,0.1510375,0.257655,0.40967499999999996,0.31446999999999997,329.04762152,4,"{""geodesic"":false,""type"":""Point"",""coordinates"":[38.19438383284879,-3.518558968826864]}"
00000000000000000944_0,0.16276609490583716,0.2608463,0.051734999999999975,0.067685,0.1042325,0.15705999999999998,0.2679125,0.42557000000000006,0.31851250000000003,328.19995256,4,"{""geodesic"":false,""type"":""Point"",""coordinates"":[38.19357265561123,-3.519643794195574]}"
00000000000000000945_0,0.1518379751720589,0.24918282,0.050277499999999975,0.06520999999999999,0.1024175,0.15648250000000002,0.26035,0.4060175,0.30902500000000005,328.2409688,4,"{""geodesic"":false,""type"":""Point"",""coordinates"":[38.19411188573169,-3.5207297914912608]}"
00000000000000000946_0,0.14927220319224532,0.2486443,0.049095,0.0624325,0.09881499999999999,0.15535500000000002,0.2581775,0.4067325,0.311115,328.19311652,4,"{""geodesic"":false,""type"":""Point"",""coordinates"":[38.194921898491074,-3.521001876565238]}"
00000000000000000947_0,0.15815440544005713,0.24960706,0.05740000000000001,0.07208500000000001,0.10849500000000001,0.16113,0.268325,0.4259,0.318815,327.39329984,4,"{""geodesic"":false,""type"":""Point"",""coordinates"":[38.195461596737346,-3.521545109205537]}"
00000000000000000948_0,0.15474868427405727,0.25034913,0.051212499999999994,0.06741000000000003,0.10637750000000001,0.1583525,0.2641175,0.42521250000000005,0.31870499999999996,327.16087447999996,4,"{""geodesic"":false,""type"":""Point"",""coordinates"":[38.196541693191705,-3.5218174271767624]}"
00000000000000000949_0,0.15107243515230645,0.24443586,0.052092499999999986,0.06752000000000002,0.10673500000000002,0.16129500000000002,0.2656575,0.41578,0.3170825,327.22581686,4,"{""geodesic"":false,""type"":""Point"",""coordinates"":[38.19627230896557,-3.521003046608137]}"
0000000000000000094a_0,0.1579247202441506,0.25685748,0.049947500000000006,0.06639250000000002,0.10340749999999999,0.1543925,0.26112,0.4193275,0.3126275,327.80004422,4,"{""geodesic"":false,""type"":""Point"",""coordinates"":[38.19708185801304,-3.521817894595297]}"
0000000000000000094b_0,0.15012714481674305,0.24677691,0.05113000000000001,0.0651275,0.1021975,0.1570875,0.26002000000000003,0.41275500000000004,0.31411249999999996,327.82397036,4,"{""geodesic"":false,""type"":""Point"",""coordinates"":[38.19735240528163,-3.521275363549552]}"
0000000000000000094c_0,0.15456859333719955,0.24872744,0.05597000000000002,0.06856499999999999,0.10574499999999998,0.15939750000000003,0.2649425,0.41468,0.313205,327.75902798,4,"{""geodesic"":false,""type"":""Point"",""coordinates"":[38.1970809278222,-3.5229034237782657]}"
00000000000000000a42_0,0.12181093477528172,0.22084886,0.03595000000000001,0.04585,0.0832775,0.16129500000000002,0.2527325,0.37628999999999996,0.3150475,329.21852251999996,4,"{""geodesic"":false,""type"":""Point"",""coordinates"":[38.22115891372486,-3.473803404705773]}"
00000000000000000a43_0,0.13624375073810185,0.24002144,0.04285249999999999,0.0537975,0.08773249999999999,0.15067999999999998,0.2458575,0.37986500000000006,0.30718249999999997,329.56032452,4,"{""geodesic"":false,""type"":""Point"",""coordinates"":[38.22196801324728,-3.475160996027891]}"
00000000000000000a44_0,0.1320292630851832,0.23752792,0.03991,0.05069000000000001,0.08567000000000002,0.14848,0.24098999999999998,0.37956249999999997,0.31614749999999997,330.79764776,4,"{""geodesic"":false,""type"":""Point"",""coordinates"":[38.218995450724876,-3.4773296060567933]}"
00000000000000000a46_0,0.14025755421548927,0.24564336,0.04530000000000001,0.05685000000000001,0.08968500000000001,0.14495999999999998,0.2393675,0.3805525,0.2982175,327.12327626,4,"{""geodesic"":false,""type"":""Point"",""coordinates"":[38.21035611721603,-3.4737944011249184]}"
00000000000000000a47_0,0.1341724251398486,0.24371392,0.04211000000000001,0.05234,0.08198499999999997,0.139185,0.22888999999999998,0.37783000000000005,0.305285,327.61205312,4,"{""geodesic"":false,""type"":""Point"",""coordinates"":[38.19521680861744,-3.4919642086423845]}"
00000000000000000a48_0,0.12032497651479573,0.21378909,0.040102499999999985,0.05030499999999999,0.09202250000000001,0.16580499999999998,0.2559775,0.4141025,0.35027500000000006,332.17169179999996,4,"{""geodesic"":false,""type"":""Point"",""coordinates"":[38.243285430444494,-3.497974784500032]}"
00000000000000000a49_0,0.12096564724042477,0.21159838,0.04299,0.054127499999999995,0.09790749999999998,0.16701500000000002,0.25666500000000003,0.42389250000000006,0.35522499999999996,332.27765042,4,"{""geodesic"":false,""type"":""Point"",""coordinates"":[38.24274527334791,-3.4979743469467763]}"
00000000000000000a4a_0,0.1296594542865812,0.23568852,0.038644999999999985,0.04862749999999999,0.08352500000000002,0.1486175,0.24027500000000002,0.3736225,0.310455,331.70684108,4,"{""geodesic"":false,""type"":""Point"",""coordinates"":[38.22869432751534,-3.506375780011684]}"
00000000000000000a4b_0,0.13401421304027028,0.24475966,0.03672,0.04659250000000001,0.08157249999999999,0.14641749999999998,0.24131999999999998,0.35857999999999995,0.299895,332.17510982,4,"{""geodesic"":false,""type"":""Point"",""coordinates"":[38.23058555370029,-3.5055631884953056]}"
00000000000000000a4c_0,0.133670491503455,0.24308513,0.039855,0.04945250000000001,0.08324999999999999,0.14394250000000003,0.23639749999999998,0.37645500000000004,0.3081725,331.53252206,4,"{""geodesic"":false,""type"":""Point"",""coordinates"":[38.22896351824237,-3.507461541317901]}"
00000000000000000a4d_0,0.1378497072218608,0.24398063,0.045052499999999995,0.055145,0.08701750000000003,0.1444375,0.2376625,0.37857250000000003,0.30355250000000006,329.99783107999997,4,"{""geodesic"":false,""type"":""Point"",""coordinates"":[38.2281521639643,-3.5088177927158277]}"
00000000000000000a4e_0,0.14431734809577806,0.2464663,0.0508825,0.06196499999999999,0.09317750000000002,0.1455375,0.24074250000000003,0.38921500000000003,0.30470749999999996,329.36549737999997,4,"{""geodesic"":false,""type"":""Point"",""coordinates"":[38.22734080707187,-3.5101740428490187]}"
00000000000000000a4f_0,0.13217720194745103,0.23770681,0.04222000000000001,0.05275249999999998,0.085175,0.14484999999999998,0.2351875,0.3753,0.30451500000000004,329.03053142,4,"{""geodesic"":false,""type"":""Point"",""coordinates"":[38.22653145681909,-3.5090878330370656]}"
00000000000000000a50_0,0.13257896989815293,0.24027438,0.040872500000000006,0.05159750000000002,0.08580749999999998,0.14273249999999998,0.23301500000000003,0.36440999999999996,0.30036250000000003,331.38212918,4,"{""geodesic"":false,""type"":""Point"",""coordinates"":[38.225995089543936,-3.504473851559491]}"
00000000000000000a51_0,0.1376410020986359,0.25047466,0.040872500000000006,0.05096499999999998,0.08379999999999999,0.1381675,0.2305125,0.3554725,0.2919475,331.61113652,4,"{""geodesic"":false,""type"":""Point"",""coordinates"":[38.224646926453694,-3.50175888784962]}"
00000000000000000a52_0,0.12354499923694834,0.20449468,0.04607,0.05992999999999998,0.11022749999999998,0.19052750000000002,0.28848250000000003,0.41748500000000005,0.3540975,326.62766336,4,"{""geodesic"":false,""type"":""Point"",""coordinates"":[38.1657570058289,-3.5166340414225226]}"
00000000000000000a53_0,0.11123006548670099,0.198603,0.03672,0.04705999999999999,0.0904275,0.17754750000000002,0.2655475,0.39823500000000006,0.34730500000000003,325.95773144,4,"{""geodesic"":false,""type"":""Point"",""coordinates"":[38.16899915413186,-3.5152800423128445]}"
00000000000000000a54_0,0.11757032706610307,0.18577126,0.055584999999999996,0.0711775,0.12513249999999998,0.20749499999999999,0.30217750000000004,0.43954,0.37332000000000004,326.68235168,4,"{""geodesic"":false,""type"":""Point"",""coordinates"":[38.16846019840166,-3.5139226574782185]}"
00000000000000000a55_0,0.11549377473016925,0.18621045,0.052917500000000006,0.06771250000000001,0.12031999999999998,0.201005,0.2929925,0.44380250000000004,0.3738425,326.63108137999996,4,"{""geodesic"":false,""type"":""Point"",""coordinates"":[38.1717040088948,-3.510668981254711]}"
00000000000000000a56_0,0.11903679827720012,0.21249978,0.035977499999999996,0.04554749999999999,0.08762249999999999,0.17350500000000002,0.2671425,0.408465,0.3513475,326.73362198,4,"{""geodesic"":false,""type"":""Point"",""coordinates"":[38.1698127477873,-3.5114814390927176]}"
00000000000000000a57_0,0.1093886130740828,0.18855168,0.041972499999999996,0.05453999999999998,0.10274749999999999,0.1872275,0.2742375,0.4137175,0.362485,327.3693737,4,"{""geodesic"":false,""type"":""Point"",""coordinates"":[38.16765020431265,-3.5136505525325]}"
00000000000000000a58_0,0.11590544784617507,0.21106094,0.03528999999999999,0.04560249999999999,0.085615,0.164265,0.252155,0.38784,0.33795500000000006,326.74387604000003,4,"{""geodesic"":false,""type"":""Point"",""coordinates"":[38.167649482807676,-3.514464693556513]}"
00000000000000000a59_0,0.10898220845638557,0.19993994,0.03534499999999999,0.04530000000000001,0.08522999999999997,0.1664925,0.24970750000000003,0.38454000000000005,0.3356725,326.47385246,4,"{""geodesic"":false,""type"":""Point"",""coordinates"":[38.16683924793579,-3.51446396813593]}"
00000000000000000a5a_0,0.11656392072623477,0.21409926,0.035784999999999983,0.04502500000000001,0.08470749999999999,0.15994750000000002,0.247095,0.3832475,0.33578250000000004,326.93870318,4,"{""geodesic"":false,""type"":""Point"",""coordinates"":[38.16710908551263,-3.5147355903219095]}"
00000000000000000a5b_0,0.11810591480860841,0.21476266,0.03641749999999999,0.046097499999999986,0.08611000000000002,0.162285,0.25105500000000003,0.38091,0.3291825,326.71653188,4,"{""geodesic"":false,""type"":""Point"",""coordinates"":[38.16710884479883,-3.515006970621032]}"
00000000000000000a5c_0,0.10782343467168366,0.19699821,0.03539999999999999,0.045465000000000005,0.08660499999999999,0.16960000000000003,0.252815,0.39672250000000003,0.34989,326.9763014,4,"{""geodesic"":false,""type"":""Point"",""coordinates"":[38.166839729425895,-3.513921207567152]}"
00000000000000000a5d_0,0.1042714621059692,0.1896738,0.036610000000000004,0.045520000000000005,0.08787,0.1753475,0.257435,0.39867500000000006,0.35528,327.0446618,4,"{""geodesic"":false,""type"":""Point"",""coordinates"":[38.16656989212371,-3.513649585372895]}"
00000000000000000a5e_0,0.12225080618863002,0.2221996,0.03443750000000001,0.0442825,0.08308500000000002,0.162395,0.25518,0.39048,0.3303375,326.14230452,4,"{""geodesic"":false,""type"":""Point"",""coordinates"":[38.1738569888308,-3.5193550852310067]}"
00000000000000000a5f_0,0.11373340579147581,0.20716636,0.033585000000000004,0.04367750000000001,0.0837175,0.16960000000000003,0.25823250000000003,0.40252499999999997,0.35398749999999995,326.16623066,4,"{""geodesic"":false,""type"":""Point"",""coordinates"":[38.17250754599119,-3.518268360551661]}"
00000000000000000a60_0,0.11408305965376243,0.20598765,0.036197499999999994,0.046922500000000006,0.08776,0.16827999999999999,0.2555925,0.39894999999999997,0.34854250000000003,327.34202954,4,"{""geodesic"":false,""type"":""Point"",""coordinates"":[38.16953739054908,-3.517451568531189]}"
00000000000000000a61_0,0.12060057659920642,0.21555373,0.03663749999999999,0.046674999999999994,0.08767750000000002,0.16913250000000002,0.2620825,0.3922125,0.3309425,326.16623066,4,"{""geodesic"":false,""type"":""Point"",""coordinates"":[38.17115762700301,-3.5177243957566966]}"
00000000000000000a62_0,0.119791930798154,0.21674521,0.03539999999999999,0.04576749999999999,0.08721000000000001,0.16432000000000002,0.2552625,0.3880875,0.3367725,327.39671785999997,4,"{""geodesic"":false,""type"":""Point"",""coordinates"":[38.16980770996761,-3.5171804293660824]}"
00000000000000000a63_0,0.12350307574709714,0.22249843,0.03534499999999999,0.046097499999999986,0.08748499999999998,0.1630275,0.256335,0.38663,0.33226249999999996,326.39181998000004,4,"{""geodesic"":false,""type"":""Point"",""coordinates"":[38.171428425408244,-3.516910494860571]}"
00000000000000000a64_0,0.1168721235444335,0.212239,0.034987500000000005,0.0441725,0.08407500000000001,0.16770249999999998,0.2580675,0.39796000000000004,0.34681,326.2756073,4,"{""geodesic"":false,""type"":""Point"",""coordinates"":[38.17250826406368,-3.5174542185874267]}"
00000000000000000a65_0,0.11694697678466523,0.21509255,0.03309000000000001,0.04340250000000001,0.0816,0.1618175,0.250505,0.386465,0.33493,326.33371364,4,"{""geodesic"":false,""type"":""Point"",""coordinates"":[38.1735878651279,-3.5182693220774826]}"
00000000000000000a66_0,0.10883843792389522,0.2013931,0.034025,0.04288,0.08223249999999999,0.16624499999999998,0.2500925,0.39328500000000005,0.3457375,326.83274456000004,4,"{""geodesic"":false,""type"":""Point"",""coordinates"":[38.17466722937129,-3.5193558055385226]}"
00000000000000000a67_0,0.11007095065212531,0.20482795,0.03460250000000001,0.04246749999999999,0.08044499999999999,0.1628075,0.24668250000000003,0.39730000000000004,0.3480475,327.22923488000004,4,"{""geodesic"":false,""type"":""Point"",""coordinates"":[38.17628651889219,-3.520714148542523]}"
00000000000000000a68_0,0.11260835417999884,0.20597856,0.03611500000000001,0.045795,0.08308500000000002,0.164155,0.2493225,0.4000225,0.3446375,327.91967492000003,4,"{""geodesic"":false,""type"":""Point"",""coordinates"":[38.17844383369248,-3.5245153973618795]}"
00000000000000000a69_0,0.11514166451183923,0.21061458,0.0383425,0.04653750000000001,0.08412999999999998,0.16063500000000003,0.24635250000000003,0.39603499999999997,0.3386425,328.63062307999996,4,"{""geodesic"":false,""type"":""Point"",""coordinates"":[38.179254317480144,-3.5242447336379072]}"
00000000000000000a6a_0,0.11536383690742379,0.21713732,0.034272499999999984,0.042550000000000004,0.078575,0.15244000000000002,0.2370025,0.38643750000000004,0.334435,329.71413542,4,"{""geodesic"":false,""type"":""Point"",""coordinates"":[38.18249269495877,-3.527232789978705]}"
00000000000000000a6b_0,0.130659706484535,0.2323425,0.042495000000000005,0.052779999999999994,0.08649499999999999,0.15191749999999998,0.24387750000000002,0.397245,0.32324250000000004,328.10082997999996,4,"{""geodesic"":false,""type"":""Point"",""coordinates"":[38.184925333387575,-3.5250638793180777]}"
00000000000000000a6c_0,0.139606158598388,0.2459688,0.04549249999999999,0.054705000000000004,0.08624749999999998,0.14630749999999998,0.24176000000000003,0.38687750000000004,0.3072925,328.8049421,4,"{""geodesic"":false,""type"":""Point"",""coordinates"":[38.18789553629432,-3.5258806307875945]}"
00000000000000000a6d_0,0.13317649712780272,0.23814076,0.0431,0.05363249999999997,0.084625,0.1454275,0.2363425,0.37584999999999996,0.3031675,328.85279438,4,"{""geodesic"":false,""type"":""Point"",""coordinates"":[38.190865042416995,-3.5275115194830775]}"
00000000000000000a6e_0,0.1393742282767471,0.24115825,0.047032500000000005,0.05830750000000001,0.08968500000000001,0.14944249999999998,0.24442750000000002,0.39499,0.31031749999999997,327.51634856,4,"{""geodesic"":false,""type"":""Point"",""coordinates"":[38.192485778891,-3.5272415510260156]}"
00000000000000000a6f_0,0.13146338785816225,0.2350089,0.0417525,0.0519,0.084955,0.15007500000000001,0.2422825,0.38630000000000003,0.311115,327.30784933999996,4,"{""geodesic"":false,""type"":""Point"",""coordinates"":[38.193026414357554,-3.5266992575329796]}"
00000000000000000a70_0,0.13380966810736666,0.24021968,0.04299,0.05195499999999997,0.08503749999999999,0.14595000000000002,0.23824,0.38220250000000006,0.306935,328.67505733999997,4,"{""geodesic"":false,""type"":""Point"",""coordinates"":[38.19086574640996,-3.526697373929867]}"
00000000000000000a71_0,0.13145465370113116,0.23481792,0.04386999999999999,0.053027500000000005,0.08591749999999998,0.14839750000000002,0.2394775,0.39015000000000005,0.31345249999999997,328.69214744,4,"{""geodesic"":false,""type"":""Point"",""coordinates"":[38.19005549622923,-3.5266966662805475]}"
00000000000000000a72_0,0.1354336339438242,0.23414193,0.0477475,0.05819750000000001,0.09141749999999998,0.15332,0.2470675,0.399885,0.3181825,329.55690649999997,4,"{""geodesic"":false,""type"":""Point"",""coordinates"":[38.1897849429351,-3.527239193798241]}"
00000000000000000a73_0,0.12502825607408152,0.22926493,0.038892499999999997,0.04829749999999999,0.08052749999999997,0.14828750000000002,0.23650749999999998,0.38693249999999996,0.319035,329.73122552,4,"{""geodesic"":false,""type"":""Point"",""coordinates"":[38.18978423789327,-3.528053339123464]}"
00000000000000000a74_0,0.1258018698590582,0.22802912,0.04084499999999999,0.05030499999999999,0.0831675,0.15007500000000001,0.23873500000000003,0.38030500000000006,0.30929999999999996,327.98803532,4,"{""geodesic"":false,""type"":""Point"",""coordinates"":[38.19248413902199,-3.5291412247017417]}"
00000000000000000a75_0,0.1353936302442332,0.23805223,0.04574,0.05630000000000002,0.0875125,0.14765499999999998,0.2399175,0.3950725,0.317715,328.39136168,4,"{""geodesic"":false,""type"":""Point"",""coordinates"":[38.19086339913082,-3.529411192384529]}"
00000000000000000a76_0,0.13427197525593826,0.23425184,0.047554999999999986,0.05781249999999999,0.08973999999999999,0.14985500000000002,0.24153999999999998,0.3928175,0.31711000000000006,329.94314276,4,"{""geodesic"":false,""type"":""Point"",""coordinates"":[38.18924289423327,-3.5294097752855293]}"
00000000000000000a77_0,0.13562042171833535,0.23786722,0.04571249999999999,0.055475,0.08792499999999998,0.150405,0.24429,0.39677750000000006,0.3203,329.21852251999996,4,"{""geodesic"":false,""type"":""Point"",""coordinates"":[38.18897516290957,-3.5266957216466595]}"
00000000000000000ab9_0,0.13372391241624726,0.23148622,0.048132499999999995,0.05899500000000002,0.09232499999999999,0.15233000000000002,0.24409750000000002,0.39064499999999996,0.31612,328.0187975,4,"{""geodesic"":false,""type"":""Point"",""coordinates"":[38.211400359651535,-3.516945267971435]}"
00000000000000000aba_0,0.1437552805526564,0.24327941,0.05148750000000002,0.06328499999999998,0.09606500000000001,0.1484525,0.24390499999999998,0.39543,0.3133425,328.12817414,4,"{""geodesic"":false,""type"":""Point"",""coordinates"":[38.21086110842648,-3.515859276546008]}"
00000000000000000abb_0,0.11407765152948832,0.21561614,0.03432750000000001,0.04290749999999999,0.0771175,0.15076250000000002,0.2336475,0.36498749999999996,0.3150475,330.04910138,4,"{""geodesic"":false,""type"":""Point"",""coordinates"":[38.214644522392135,-3.5131486431063403]}"
00000000000000000abc_0,0.11605654439302988,0.21521333,0.036197499999999994,0.0447775,0.07931749999999999,0.15568500000000002,0.24107250000000002,0.36474,0.3108675,330.70194319999996,4,"{""geodesic"":false,""type"":""Point"",""coordinates"":[38.2168060764885,-3.5120649296519937]}"
00000000000000000abd_0,0.12742748128943895,0.2308963,0.04362250000000001,0.053549999999999986,0.085395,0.14317249999999998,0.2291375,0.3677925,0.30091249999999997,331.78203752,4,"{""geodesic"":false,""type"":""Point"",""coordinates"":[38.21869641770896,-3.512337902342778]}"
00000000000000000abe_0,0.1343444671665531,0.23576668,0.04681250000000001,0.05729000000000001,0.08855750000000001,0.1475725,0.23862500000000003,0.38421,0.30800750000000005,330.29178079999997,4,"{""geodesic"":false,""type"":""Point"",""coordinates"":[38.22031600389826,-3.5134247968405785]}"
00000000000000000abf_0,0.12623420575816346,0.22651841,0.04373250000000001,0.053852500000000025,0.085835,0.14850750000000001,0.23548999999999998,0.3757675,0.3088325,330.95487668,4,"{""geodesic"":false,""type"":""Point"",""coordinates"":[38.22085549166067,-3.5142394010767593]}"
00000000000000000ac0_0,0.13631925994686472,0.23690082,0.047032500000000005,0.05756499999999998,0.09023500000000001,0.15089999999999998,0.2445925,0.39092,0.31095,329.92263463999996,4,"{""geodesic"":false,""type"":""Point"",""coordinates"":[38.22274561549768,-3.514783750798436]}"
00000000000000000ac1_0,0.13077715572664186,0.23742989,0.040569999999999995,0.0507725,0.08228750000000001,0.14462999999999998,0.23469250000000003,0.37101,0.3025075,329.90896255999996,4,"{""geodesic"":false,""type"":""Point"",""coordinates"":[38.223825719643436,-3.5150560371175494]}"
00000000000000000ac2_0,0.13658900548762884,0.24284056,0.04397999999999999,0.053549999999999986,0.085945,0.14597749999999998,0.23961500000000002,0.3784625,0.29973,330.21658435999996,4,"{""geodesic"":false,""type"":""Point"",""coordinates"":[38.223556983585226,-3.5134275071638528]}"
00000000000000000ac3_0,0.12450518673822229,0.2280487,0.03966249999999999,0.04893,0.08176499999999998,0.14815,0.23568250000000002,0.36559250000000004,0.29951,330.26443664,4,"{""geodesic"":false,""type"":""Point"",""coordinates"":[38.22382796212128,-3.5123421960808403]}"
00000000000000000ac4_0,0.12882096069868998,0.23391904,0.0385075,0.049205,0.08264500000000002,0.14878249999999998,0.23964249999999998,0.37425500000000006,0.30718249999999997,330.79081171999997,4,"{""geodesic"":false,""type"":""Point"",""coordinates"":[38.224098715750365,-3.511528268889075]}"
00000000000000000ac5_0,0.13079919065251638,0.23262024,0.04425499999999999,0.05456749999999999,0.0867425,0.14837,0.2383225,0.376565,0.30655000000000004,330.58914854,4,"{""geodesic"":false,""type"":""Point"",""coordinates"":[38.22112759833174,-3.5117971718678276]}"
00000000000000000ac6_0,0.13439968947364161,0.23305798,0.04884749999999999,0.059187500000000004,0.09130749999999999,0.150405,0.241815,0.3868225,0.3076775,330.25418258,4,"{""geodesic"":false,""type"":""Point"",""coordinates"":[38.21950688654316,-3.5120671983494587]}"
00000000000000000ac7_0,0.12900526064084175,0.2281257,0.04576749999999999,0.05575000000000002,0.08886,0.1505975,0.23961500000000002,0.38047000000000003,0.312325,331.9324304,4,"{""geodesic"":false,""type"":""Point"",""coordinates"":[38.21869551499949,-3.5134234374463476]}"
00000000000000000ac8_0,0.12686723034911698,0.22673,0.04194500000000001,0.051927500000000015,0.0863025,0.15381499999999998,0.24401499999999998,0.38894,0.32164750000000003,329.6765372,4,"{""geodesic"":false,""type"":""Point"",""coordinates"":[38.21788414083498,-3.514779675271142]}"
00000000000000000ac9_0,0.12698487305429562,0.22914016,0.040872500000000006,0.05115750000000002,0.0840475,0.14996500000000001,0.23912,0.38481499999999996,0.32134500000000005,330.3430511,4,"{""geodesic"":false,""type"":""Point"",""coordinates"":[38.21869461200932,-3.5145089725244194]}"
00000000000000000aca_0,0.12427342478493372,0.22553463,0.04084499999999999,0.04986499999999999,0.0830575,0.15142250000000002,0.23961500000000002,0.387565,0.32439750000000006,330.5310422,4,"{""geodesic"":false,""type"":""Point"",""coordinates"":[38.21923229257672,-3.517494647829163]}"
00000000000000000acb_0,0.1323151427765414,0.23264714,0.044749999999999984,0.054705000000000004,0.08800750000000002,0.15315499999999999,0.24602249999999998,0.38891250000000005,0.3209325,329.65944709999997,4,"{""geodesic"":false,""type"":""Point"",""coordinates"":[38.21680154956015,-3.5174926024851856]}"
00000000000000000acc_0,0.131334694635233,0.2231488,0.04961750000000001,0.06047999999999998,0.09567999999999999,0.16255999999999998,0.25595,0.40728250000000005,0.334655,327.41380796,4,"{""geodesic"":false,""type"":""Point"",""coordinates"":[38.21518105500687,-3.517491235391292]}"
00000000000000000acd_0,0.1335911268121131,0.2287381,0.048985,0.060535000000000005,0.09389249999999999,0.15568500000000002,0.24803000000000003,0.40007750000000003,0.32263749999999997,327.4035539,4,"{""geodesic"":false,""type"":""Point"",""coordinates"":[38.21383087073619,-3.5172187105558983]}"
00000000000000000ace_0,0.13404109370513348,0.2298034,0.05014000000000002,0.06036999999999998,0.09414,0.1548875,0.247315,0.405275,0.330915,327.55394678,4,"{""geodesic"":false,""type"":""Point"",""coordinates"":[38.21464202581146,-3.5161338616221527]}"
00000000000000000acf_0,0.1325668419330902,0.22895853,0.04967250000000001,0.059352499999999975,0.09271000000000001,0.15387,0.24525249999999998,0.40026999999999996,0.3261025,328.02905155999997,4,"{""geodesic"":false,""type"":""Point"",""coordinates"":[38.21518287036975,-3.515320167180379]}"
00000000000000000ad0_0,0.1355895389714341,0.23310095,0.047719999999999985,0.06012250000000002,0.09287499999999999,0.152495,0.2451975,0.39232249999999996,0.31367249999999997,327.933347,4,"{""geodesic"":false,""type"":""Point"",""coordinates"":[38.21248159847435,-3.515860650535316]}"
00000000000000000ad1_0,0.1297307219588501,0.22477199,0.045630000000000004,0.059435000000000016,0.09567999999999999,0.1541725,0.24357499999999999,0.34505,0.275475,329.70388135999997,4,"{""geodesic"":false,""type"":""Point"",""coordinates"":[38.20924039040521,-3.516129282872252]}"
00000000000000000ad2_0,0.13378181788955062,0.23228478,0.04700499999999999,0.05863750000000001,0.09284749999999997,0.151285,0.2428325,0.36185249999999997,0.2890875,327.0446618,4,"{""geodesic"":false,""type"":""Point"",""coordinates"":[38.20735004884616,-3.5158562898824535]}"
00000000000000000ad3_0,0.13732348749838058,0.23350355,0.05025000000000002,0.06224000000000002,0.0962575,0.1531,0.24638,0.3786825,0.298245,326.88743288,4,"{""geodesic"":false,""type"":""Point"",""coordinates"":[38.206539804754286,-3.5158555987699667]}"
00000000000000000ad4_0,0.1393604454247313,0.24050961,0.04727999999999999,0.06050749999999999,0.09463500000000002,0.14650000000000002,0.23928500000000003,0.370295,0.289555,327.0959321,4,"{""geodesic"":false,""type"":""Point"",""coordinates"":[38.20573047914877,-3.5147693753050273]}"
00000000000000000ad5_0,0.13983822959524414,0.24248411,0.04727999999999999,0.0594075,0.0930125,0.1457025,0.2389825,0.36276,0.28367000000000003,327.30784933999996,4,"{""geodesic"":false,""type"":""Point"",""coordinates"":[38.205460857398165,-3.5142263788163173]}"
00000000000000000ad6_0,0.12876431917490055,0.23003548,0.04235749999999999,0.05297249999999998,0.08657749999999997,0.15054250000000002,0.24049500000000001,0.37832499999999997,0.3065775,330.40799347999996,4,"{""geodesic"":false,""type"":""Point"",""coordinates"":[38.2062678871672,-3.518026431744315]}"
00000000000000000ad7_0,0.14018210201833703,0.23763235,0.04983750000000001,0.06061749999999999,0.09425,0.15607,0.253365,0.3933125,0.31031749999999997,329.33815322,4,"{""geodesic"":false,""type"":""Point"",""coordinates"":[38.2062665092246,-3.5196547293038174]}"
00000000000000000ad8_0,0.13297089047910912,0.2374295,0.042027499999999995,0.05297249999999998,0.08459749999999999,0.14754499999999998,0.23942249999999998,0.37882,0.30292,329.96023286,4,"{""geodesic"":false,""type"":""Point"",""coordinates"":[38.20680575572629,-3.5207407225972047]}"
00000000000000000ad9_0,0.1362649600929685,0.23332223,0.050634999999999986,0.06094749999999999,0.09416750000000002,0.15257749999999998,0.24544500000000002,0.371395,0.2939825,328.71949159999997,4,"{""geodesic"":false,""type"":""Point"",""coordinates"":[38.20680483708172,-3.521826254388721]}"
00000000000000000ada_0,0.13819333638762063,0.23620273,0.046207499999999985,0.05926999999999999,0.09348000000000001,0.15557500000000002,0.2517975,0.38984749999999996,0.308695,325.51680686,4,"{""geodesic"":false,""type"":""Point"",""coordinates"":[38.20680414791128,-3.5226404032155814]}"
00000000000000000adb_0,0.13823458477369563,0.23347631,0.05019499999999999,0.06279000000000001,0.09721999999999997,0.15524500000000002,0.24981750000000003,0.38577750000000005,0.3060825,326.88059683999995,4,"{""geodesic"":false,""type"":""Point"",""coordinates"":[38.20734316637235,-3.5239977796275914]}"
00000000000000000adc_0,0.1315962372365177,0.2260424,0.0473625,0.058252499999999985,0.09425,0.16030499999999998,0.2539425,0.40007750000000003,0.3285775,327.05833387999996,4,"{""geodesic"":false,""type"":""Point"",""coordinates"":[38.2097732336931,-3.5248140029082213]}"
00000000000000000add_0,0.12475940643238548,0.21806152,0.046235,0.05685000000000001,0.09229749999999998,0.15851749999999998,0.24692999999999998,0.39298249999999996,0.3238475,329.2663748,4,"{""geodesic"":false,""type"":""Point"",""coordinates"":[38.21463497851319,-3.5245467491278766]}"
00000000000000000adf_0,0.14015214155779737,0.2389925,0.0519,0.06257000000000001,0.09573500000000001,0.14842499999999997,0.24165000000000003,0.38432000000000005,0.31592749999999997,331.36503908,4,"{""geodesic"":false,""type"":""Point"",""coordinates"":[38.23191082641588,-3.5362307595337437]}"
00000000000000000ae0_0,0.13362284277864614,0.23840077,0.0442275,0.05393500000000001,0.08883249999999998,0.1457025,0.23692000000000002,0.38410000000000005,0.32346250000000004,331.61455454,4,"{""geodesic"":false,""type"":""Point"",""coordinates"":[38.232990958947425,-3.536503041103663]}"
00000000000000000ae1_0,0.11921560252312989,0.20756221,0.0473075,0.05759249999999999,0.09554249999999997,0.16410000000000002,0.250065,0.39840000000000003,0.33913750000000004,333.0432869,4,"{""geodesic"":false,""type"":""Point"",""coordinates"":[38.240282042481006,-3.538137373473413]}"
00000000000000000ae2_0,0.13617512861215222,0.23384517,0.05080000000000001,0.0625425,0.09688999999999998,0.14762750000000002,0.23774499999999998,0.387125,0.32483750000000006,332.74933718,4,"{""geodesic"":false,""type"":""Point"",""coordinates"":[38.23947066622921,-3.5394936316528582]}"
00000000000000000ae3_0,0.13329406544987218,0.22458449,0.0507725,0.060865,0.09826499999999999,0.16544750000000003,0.261285,0.42251750000000005,0.34554500000000005,329.88845444000003,4,"{""geodesic"":false,""type"":""Point"",""coordinates"":[38.2375789249964,-3.54084899702109]}"
00000000000000000ae4_0,0.1332045571017463,0.22617823,0.04926,0.06155250000000001,0.09763250000000001,0.15895750000000003,0.25188,0.40687,0.34232750000000006,329.92605266,4,"{""geodesic"":false,""type"":""Point"",""coordinates"":[38.23568695604527,-3.5424757419754536]}"
00000000000000000ae5_0,0.12088128556167561,0.21271142,0.0443375,0.05462250000000002,0.09174749999999998,0.162395,0.2501475,0.39647499999999997,0.34125500000000003,330.2576006,4,"{""geodesic"":false,""type"":""Point"",""coordinates"":[38.23352466608637,-3.544373641707098]}"
00000000000000000ae6_0,0.11814727298316308,0.20643848,0.04397999999999999,0.05489749999999999,0.09504750000000001,0.16860999999999998,0.256335,0.39570500000000003,0.34232750000000006,334.40365886,4,"{""geodesic"":false,""type"":""Point"",""coordinates"":[38.23028334716995,-3.5446423269073097]}"
00000000000000000ae7_0,0.12143971169425047,0.21230206,0.04491500000000001,0.055694999999999995,0.09491,0.16366000000000003,0.25188,0.398785,0.33834000000000003,330.23025644,4,"{""geodesic"":false,""type"":""Point"",""coordinates"":[38.22866347471715,-3.543826820253955]}"
00000000000000000ae8_0,0.12093375706542327,0.21453243,0.04381499999999999,0.05467749999999999,0.0921325,0.15747250000000002,0.2434925,0.39067250000000003,0.33553499999999997,330.1892402,4,"{""geodesic"":false,""type"":""Point"",""coordinates"":[38.22839405833204,-3.543012441699491]}"
00000000000000000ae9_0,0.11800824356406547,0.21137863,0.04235749999999999,0.0535775,0.09147250000000001,0.156565,0.24049500000000001,0.3807725,0.3283025,330.17898614,4,"{""geodesic"":false,""type"":""Point"",""coordinates"":[38.22704405590226,-3.5424685430812826]}"
00000000000000000aec_0,0.12190807285257198,0.21516988,0.0443375,0.05497999999999997,0.08979500000000001,0.158985,0.24616,0.38679500000000006,0.3217575,330.13796990000003,4,"{""geodesic"":false,""type"":""Point"",""coordinates"":[38.226776892081965,-3.538940323043115]}"
00000000000000000aed_0,0.12053335347888497,0.21634565,0.041669999999999985,0.05069000000000001,0.08644000000000002,0.15893000000000002,0.24668250000000003,0.38940749999999996,0.32591,330.76004953999995,4,"{""geodesic"":false,""type"":""Point"",""coordinates"":[38.22623603792715,-3.5397540230470517]}"
00000000000000000af1_0,0.12307680744398594,0.21595003,0.04441999999999999,0.054017499999999996,0.0925725,0.163495,0.2535575,0.40145250000000005,0.34246499999999996,329.69704532000003,4,"{""geodesic"":false,""type"":""Point"",""coordinates"":[38.231097428188434,-3.540029467948198]}"
00000000000000000af2_0,0.12137144775800489,0.21404234,0.04430999999999999,0.054649999999999976,0.09326000000000001,0.16060750000000001,0.248085,0.3944125,0.3441975,331.84356188,4,"{""geodesic"":false,""type"":""Point"",""coordinates"":[38.233528907279286,-3.5392173350248024]}"
00000000000000000af3_0,0.12008261504965848,0.21208167,0.04200000000000001,0.05283500000000002,0.09455249999999998,0.16454000000000002,0.2531175,0.39708000000000004,0.35049500000000006,333.73714496,4,"{""geodesic"":false,""type"":""Point"",""coordinates"":[38.2348811373795,-3.537047377310412]}"
00000000000000000af4_0,0.13260242081999582,0.23318623,0.04403499999999999,0.05489749999999999,0.09075749999999999,0.15246749999999998,0.2451975,0.39510000000000006,0.32827500000000004,330.71561528,4,"{""geodesic"":false,""type"":""Point"",""coordinates"":[38.23434296230892,-3.5346044681217954]}"
00000000000000000af5_0,0.13180499732314793,0.23141871,0.04585,0.0566025,0.09125250000000001,0.15065250000000002,0.241375,0.38883000000000006,0.32497499999999996,332.09991338,4,"{""geodesic"":false,""type"":""Point"",""coordinates"":[38.23272265436534,-3.534331740566479]}"
00000000000000000af6_0,0.12746972594008926,0.22599587,0.04288,0.05462250000000002,0.08850249999999998,0.15257749999999998,0.2416775,0.3827525,0.3207125,331.54277612,4,"{""geodesic"":false,""type"":""Point"",""coordinates"":[38.23137221278567,-3.5343306193163437]}"
00000000000000000af7_0,0.14509803921568626,0.24512166,0.0478575,0.05937999999999999,0.096725,0.156675,0.258425,0.409125,0.3318775,332.52716588,4,"{""geodesic"":false,""type"":""Point"",""coordinates"":[38.23839407099095,-3.534879198118731]}"
00000000000000000af8_0,0.12877316021418758,0.22942904,0.043265,0.05371500000000001,0.08927249999999998,0.1505975,0.24027500000000002,0.39545749999999996,0.33537,333.14924552,4,"{""geodesic"":false,""type"":""Point"",""coordinates"":[38.24055456179986,-3.5351523600936465]}"
00000000000000000af9_0,0.14475107141426694,0.24166565,0.0519,0.06325750000000002,0.09788000000000002,0.15593249999999997,0.25531750000000003,0.4137175,0.3253875,333.44319524,4,"{""geodesic"":false,""type"":""Point"",""coordinates"":[38.23839539889733,-3.533250888616372]}"
00000000000000000afa_0,0.13664933654069988,0.23854442,0.043539999999999995,0.05426500000000001,0.09191250000000001,0.15458500000000003,0.25144,0.35866250000000005,0.297475,332.73224708,4,"{""geodesic"":false,""type"":""Point"",""coordinates"":[38.24298866317836,-3.5310835750645535]}"
00000000000000000afb_0,0.12703223587930934,0.22084668,0.04749999999999999,0.05957249999999997,0.09587250000000003,0.15411750000000002,0.241485,0.363145,0.30105,332.78351738000003,4,"{""geodesic"":false,""type"":""Point"",""coordinates"":[38.24272011382844,-3.5291836576789906]}"
00000000000000000afc_0,0.11957246742260325,0.21462132,0.045465000000000005,0.056794999999999984,0.09331499999999998,0.14793,0.22877999999999998,0.3121875,0.260735,333.77474318,4,"{""geodesic"":false,""type"":""Point"",""coordinates"":[38.24353147380539,-3.527827393390648]}"
00000000000000000afd_0,0.14067599352166085,0.2424681,0.04683999999999999,0.059352499999999975,0.09688999999999998,0.14850750000000001,0.24357499999999999,0.3422175,0.27940750000000003,334.77280501999996,4,"{""geodesic"":false,""type"":""Point"",""coordinates"":[38.24542274094066,-3.5270147787002024]}"
00000000000000000afe_0,0.12513577782344487,0.21391991,0.045217499999999994,0.05685000000000001,0.09598250000000003,0.17229499999999998,0.26607000000000003,0.40797,0.3343525,332.25372428000003,4,"{""geodesic"":false,""type"":""Point"",""coordinates"":[38.234620604246295,-3.525377611851443]}"
00000000000000000aff_0,0.13939170246350296,0.235309,0.04956250000000001,0.06094749999999999,0.09658749999999999,0.15862749999999998,0.2562525,0.4125625,0.33520500000000003,330.56180438,4,"{""geodesic"":false,""type"":""Point"",""coordinates"":[38.230027137078054,-3.527816270468851]}"
00000000000000000b00_0,0.13168237464102542,0.22722778,0.046922500000000006,0.057867500000000016,0.0937,0.1582425,0.2513025,0.40026999999999996,0.3305575,329.70729938,4,"{""geodesic"":false,""type"":""Point"",""coordinates"":[38.227055516051756,-3.528627949702273]}"
00000000000000000b01_0,0.11441381226672272,0.2110762,0.037599999999999995,0.04653750000000001,0.0805825,0.15659250000000002,0.24038500000000002,0.38883000000000006,0.33361,329.08521973999996,4,"{""geodesic"":false,""type"":""Point"",""coordinates"":[38.20325638192182,-3.5655158432224523]}"
00000000000000000b02_0,0.111773311329389,0.20695804,0.034464999999999996,0.04285249999999999,0.07829999999999998,0.16343999999999997,0.248745,0.38123999999999997,0.32915500000000003,330.79764776,4,"{""geodesic"":false,""type"":""Point"",""coordinates"":[38.201094681369554,-3.5665994922499915]}"
00000000000000000b03_0,0.11438575793326673,0.20813917,0.039992499999999986,0.049699999999999994,0.08434999999999998,0.1582425,0.24142999999999998,0.3888575,0.327065,331.97686466,4,"{""geodesic"":false,""type"":""Point"",""coordinates"":[38.200015706153536,-3.564970256533911]}"
00000000000000000b04_0,0.12012938167594404,0.21632904,0.040679999999999994,0.04980999999999999,0.08423999999999998,0.159095,0.24692999999999998,0.3936975,0.3269275,331.20097411999996,4,"{""geodesic"":false,""type"":""Point"",""coordinates"":[38.199207063604014,-3.5630698739479296]}"
00000000000000000b05_0,0.11784785435630687,0.20922773,0.042082499999999995,0.051624999999999976,0.0899875,0.16577750000000002,0.2535025,0.40216749999999996,0.33539749999999996,331.99737278,4,"{""geodesic"":false,""type"":""Point"",""coordinates"":[38.19812386510941,-3.566325515764627]}"
00000000000000000b06_0,0.11685107926718662,0.2084851,0.04048750000000001,0.04939750000000001,0.08776,0.16814250000000003,0.25672,0.40412,0.33979750000000003,332.1546017,4,"{""geodesic"":false,""type"":""Point"",""coordinates"":[38.19785235800146,-3.567953571959355]}"
00000000000000000b07_0,0.12156031533541575,0.21563971,0.04139499999999999,0.05140499999999998,0.08798,0.163495,0.2533925,0.401205,0.332895,327.99828937999996,4,"{""geodesic"":false,""type"":""Point"",""coordinates"":[38.196231783148946,-3.5679521517667574]}"
00000000000000000b08_0,0.12273390135392231,0.21706478,0.040459999999999996,0.05132249999999999,0.08800750000000002,0.16445749999999998,0.2556475,0.4053575,0.34012749999999997,327.078842,4,"{""geodesic"":false,""type"":""Point"",""coordinates"":[38.19542102382564,-3.5684942044268007]}"
00000000000000000b09_0,0.12492500055555139,0.22107095,0.0413675,0.05071749999999997,0.08831,0.16341250000000002,0.25617,0.40489,0.33954999999999996,327.56420084,4,"{""geodesic"":false,""type"":""Point"",""coordinates"":[38.19461215396128,-3.56686520124444]}"
00000000000000000b0a_0,0.12206751859622353,0.21362713,0.043045,0.05283500000000002,0.09006999999999998,0.168445,0.259965,0.40841,0.34254750000000006,327.4035539,4,"{""geodesic"":false,""type"":""Point"",""coordinates"":[38.19407267238516,-3.566050580893341]}"
00000000000000000b0b_0,0.12329925664347084,0.21631408,0.04321,0.05294500000000002,0.0897675,0.16558499999999998,0.25699500000000003,0.40687,0.337625,331.15653986,4,"{""geodesic"":false,""type"":""Point"",""coordinates"":[38.19407361752704,-3.564965053528739]}"
00000000000000000b0c_0,0.1274069891834067,0.21890992,0.0448875,0.05619000000000002,0.09499249999999998,0.16827999999999999,0.26260500000000003,0.40852000000000005,0.3346275,330.38064932,4,"{""geodesic"":false,""type"":""Point"",""coordinates"":[38.192723853912156,-3.5641497203906605]}"
00000000000000000b0d_0,0.12732644017725253,0.21383548,0.04821500000000001,0.060425000000000006,0.10041,0.17430250000000003,0.2691225,0.41421250000000004,0.335095,330.38064932,4,"{""geodesic"":false,""type"":""Point"",""coordinates"":[38.19164395019154,-3.563606005506151]}"
00000000000000000b0e_0,0.13216762359257325,0.22101624,0.04810500000000001,0.060809999999999975,0.1003,0.1718,0.2692875,0.41314,0.33278500000000005,330.42508358,4,"{""geodesic"":false,""type"":""Point"",""coordinates"":[38.19137409296143,-3.5633343857945428]}"
00000000000000000b0f_0,0.12490711194649645,0.21846963,0.0416975,0.051680000000000004,0.0893275,0.168665,0.2629625,0.40923499999999996,0.34056749999999997,331.38896522,4,"{""geodesic"":false,""type"":""Point"",""coordinates"":[38.19461404312307,-3.56469414623844]}"
00000000000000000b10_0,0.12979961022925068,0.22693954,0.04183500000000001,0.05223,0.08993250000000003,0.1634675,0.2594425,0.40208499999999997,0.32734,331.6248086,4,"{""geodesic"":false,""type"":""Point"",""coordinates"":[38.196504706437835,-3.564695804675506]}"
00000000000000000b11_0,0.12068740766489962,0.21431954,0.039470000000000005,0.049205,0.08726499999999998,0.16800500000000002,0.2596625,0.40230499999999997,0.33526000000000006,332.3938631,4,"{""geodesic"":false,""type"":""Point"",""coordinates"":[38.19704536680385,-3.564153513705896]}"
00000000000000000b12_0,0.125733858901623,0.2231802,0.0417525,0.05198249999999999,0.0872925,0.1584625,0.249515,0.3999675,0.3298425,332.41778924,4,"{""geodesic"":false,""type"":""Point"",""coordinates"":[38.19758508587198,-3.5646967506042557]}"
00000000000000000b13_0,0.1167554723502305,0.20307404,0.043375,0.05393500000000001,0.09460750000000001,0.17498999999999998,0.26417250000000003,0.40502750000000004,0.338065,327.78637214,4,"{""geodesic"":false,""type"":""Point"",""coordinates"":[38.19623366908807,-3.56578109594448]}"
00000000000000000b14_0,0.1192371742433096,0.21125104,0.041504999999999986,0.050744999999999985,0.0893275,0.16762,0.2574075,0.40324,0.33913750000000004,327.61888916,4,"{""geodesic"":false,""type"":""Point"",""coordinates"":[38.195422911954616,-3.566323149064235]}"
00000000000000000b15_0,0.11938084817111741,0.20999396,0.04133999999999999,0.05176249999999999,0.08993250000000003,0.169875,0.260185,0.4103075,0.34296,327.66332342,4,"{""geodesic"":false,""type"":""Point"",""coordinates"":[38.19569253542343,-3.566866149978823]}"
00000000000000000b16_0,0.1289040775107573,0.21766335,0.04659250000000001,0.05822499999999997,0.09947499999999998,0.17411,0.2709925,0.41556,0.337625,332.09307734000004,4,"{""geodesic"":false,""type"":""Point"",""coordinates"":[38.19731381435413,-3.5660534245358684]}"
00000000000000000b17_0,0.12032183169545727,0.21302249,0.041037500000000005,0.050580000000000014,0.08935500000000002,0.1674275,0.2580675,0.399885,0.33185000000000003,331.5906284,4,"{""geodesic"":false,""type"":""Point"",""coordinates"":[38.197854240139115,-3.5657825152707607]}"
00000000000000000b18_0,0.11292633569181226,0.20818944,0.036665,0.045575000000000004,0.08072000000000001,0.15992,0.24401499999999998,0.38940749999999996,0.3320975,331.80596366,4,"{""geodesic"":false,""type"":""Point"",""coordinates"":[38.198664995787176,-3.565240459563513]}"
00000000000000000b19_0,0.11091248882749655,0.20603003,0.03641749999999999,0.0446675,0.078905,0.1591225,0.241705,0.3855025,0.3291,332.67755876,4,"{""geodesic"":false,""type"":""Point"",""coordinates"":[38.19812621572888,-3.563611694610354]}"
00000000000000000b1a_0,0.1261172636934451,0.22649251,0.041147500000000004,0.0506625,0.08531250000000001,0.15411750000000002,0.2443725,0.39020499999999997,0.3217575,332.55451003999997,4,"{""geodesic"":false,""type"":""Point"",""coordinates"":[38.197856826195824,-3.5627973121548777]}"
00000000000000000b1b_0,0.12467270593192277,0.22439583,0.03925000000000001,0.04882,0.08374500000000001,0.15750000000000003,0.248635,0.3876475,0.31975000000000003,332.1546017,4,"{""geodesic"":false,""type"":""Point"",""coordinates"":[38.1975874369933,-3.5619829297135484]}"
00000000000000000b1c_0,0.12095038920053455,0.2241728,0.03595000000000001,0.0445575,0.07824500000000001,0.15246749999999998,0.2405775,0.3855025,0.3206575,332.15118368000003,4,"{""geodesic"":false,""type"":""Point"",""coordinates"":[38.19731804812114,-3.5611685472864223]}"
00000000000000000b1d_0,0.12662760664680656,0.22778754,0.03988249999999999,0.04950750000000001,0.08355249999999997,0.15494249999999998,0.24635250000000003,0.39103000000000004,0.3162575,331.4539076,4,"{""geodesic"":false,""type"":""Point"",""coordinates"":[38.19704865957918,-3.5603541648735573]}"
00000000000000000b1e_0,0.13657038448081488,0.24312183,0.041614999999999985,0.0507725,0.084845,0.1503775,0.246985,0.38984749999999996,0.31419500000000006,331.12919569999997,4,"{""geodesic"":false,""type"":""Point"",""coordinates"":[38.19596899143518,-3.5595390734616097]}"
00000000000000000b1f_0,0.1275594420090132,0.23038718,0.040047499999999986,0.049177499999999985,0.08234249999999999,0.1526325,0.24401499999999998,0.38852749999999997,0.31812749999999995,331.73760326,4,"{""geodesic"":false,""type"":""Point"",""coordinates"":[38.19650917803853,-3.5595395462166217]}"
00000000000000000b20_0,0.1345360389086522,0.23754378,0.0415325,0.051817500000000016,0.08600000000000002,0.15455750000000001,0.2508625,0.39873,0.323435,331.6589888,4,"{""geodesic"":false,""type"":""Point"",""coordinates"":[38.19569819184006,-3.5603529829136056]}"
00000000000000000b21_0,0.13550673714442849,0.23696706,0.04252249999999999,0.05294500000000002,0.0872925,0.1570875,0.2546575,0.4001875,0.3234075,331.46757968,4,"{""geodesic"":false,""type"":""Point"",""coordinates"":[38.194887675699825,-3.5606236547098664]}"
00000000000000000b22_0,0.12591325394809583,0.22331092,0.0413675,0.050744999999999985,0.08646749999999997,0.16121249999999998,0.253915,0.4002425,0.32747750000000003,331.45048957999995,4,"{""geodesic"":false,""type"":""Point"",""coordinates"":[38.194347016883505,-3.561165944630606]}"
00000000000000000b23_0,0.12281557995032012,0.21066383,0.0445575,0.056162500000000004,0.09502,0.17372500000000002,0.266455,0.407035,0.33493,330.84550004,4,"{""geodesic"":false,""type"":""Point"",""coordinates"":[38.19326640618822,-3.5614363776387394]}"
00000000000000000b24_0,0.12809800205911753,0.22057295,0.044997499999999996,0.05591499999999999,0.09353499999999998,0.16685,0.261285,0.40530250000000007,0.33075000000000004,330.82499192,4,"{""geodesic"":false,""type"":""Point"",""coordinates"":[38.19245612530137,-3.5614356651473384]}"
00000000000000000b25_0,0.1272733993789738,0.21777982,0.04549249999999999,0.056684999999999985,0.09540500000000002,0.17004000000000002,0.2647225,0.41250749999999997,0.33801,330.84550004,4,"{""geodesic"":false,""type"":""Point"",""coordinates"":[38.191645844577735,-3.561434951940862]}"
00000000000000000b26_0,0.1279866669656136,0.2207748,0.045575000000000004,0.05572250000000001,0.0937,0.16621750000000002,0.260405,0.40885,0.3358925,331.2830066,4,"{""geodesic"":false,""type"":""Point"",""coordinates"":[38.192455179202554,-3.5625211921608413]}"
00000000000000000b27_0,0.12222360094304503,0.21258706,0.043182499999999985,0.05363249999999997,0.09196749999999998,0.1705625,0.26266,0.40819,0.339,331.44365354,4,"{""geodesic"":false,""type"":""Point"",""coordinates"":[38.19326522470573,-3.5627932866737084]}"
00000000000000000b28_0,0.12265365342797506,0.21257226,0.043045,0.053962500000000024,0.09367249999999999,0.1718,0.2645575,0.40959249999999997,0.337405,331.4539076,4,"{""geodesic"":false,""type"":""Point"",""coordinates"":[38.194345128970056,-3.563336999659958]}"
00000000000000000b29_0,0.12490187075081835,0.22092615,0.040157499999999985,0.05080000000000001,0.08787,0.16355000000000003,0.2563075,0.40511,0.333115,332.17510982,4,"{""geodesic"":false,""type"":""Point"",""coordinates"":[38.19596569498895,-3.5633384213504584]}"
00000000000000000b2a_0,0.12680997829512677,0.21815096,0.046262499999999984,0.05613499999999999,0.09512999999999999,0.16814250000000003,0.2619725,0.41077500000000006,0.333335,332.2229621,4,"{""geodesic"":false,""type"":""Point"",""coordinates"":[38.19596640166822,-3.562524275400945]}"
00000000000000000b2b_0,0.1275036247459035,0.21940072,0.043375,0.05434749999999999,0.09447,0.1712225,0.2674725,0.40951,0.33644250000000003,332.0178809,4,"{""geodesic"":false,""type"":""Point"",""coordinates"":[38.19515611928942,-3.5625235650761584]}"
00000000000000000b2c_0,0.12572887657814383,0.22075771,0.04235749999999999,0.05269750000000001,0.09015250000000002,0.1634675,0.2560875,0.39938999999999997,0.32805500000000004,332.20929002,4,"{""geodesic"":false,""type"":""Point"",""coordinates"":[38.1965068253765,-3.5622533665308773]}"
00000000000000000b2d_0,0.13216594787591765,0.23055191,0.041724999999999984,0.051927500000000015,0.08918999999999999,0.16341250000000002,0.26134,0.40799749999999996,0.33119000000000004,332.63996054,4,"{""geodesic"":false,""type"":""Point"",""coordinates"":[38.19515659079322,-3.5619808012102214]}"
00000000000000000b2e_0,0.1304144616822711,0.22949554,0.041724999999999984,0.0519,0.0870725,0.15972750000000002,0.2548775,0.405935,0.3302,332.73908312000003,4,"{""geodesic"":false,""type"":""Point"",""coordinates"":[38.195426920388925,-3.5617096560749717]}"
00000000000000000b2f_0,0.12543249362935946,0.22431524,0.03966249999999999,0.049287499999999984,0.08459749999999999,0.15961750000000002,0.251935,0.39881249999999996,0.33031000000000005,332.54767400000003,4,"{""geodesic"":false,""type"":""Point"",""coordinates"":[38.1962372021101,-3.561710365998647]}"
00000000000000000b30_0,0.13189384060750176,0.23190191,0.042605000000000004,0.05310999999999999,0.08825499999999997,0.15661999999999998,0.2511925,0.4018375,0.32478250000000003,331.90850426,4,"{""geodesic"":false,""type"":""Point"",""coordinates"":[38.19542527048958,-3.5636093297153884]}"
00000000000000000b31_0,0.1265072073977819,0.22132571,0.04356750000000001,0.05415500000000001,0.09015250000000002,0.16201,0.2541075,0.40392750000000005,0.3296225,331.76836544,4,"{""geodesic"":false,""type"":""Point"",""coordinates"":[38.194885553464985,-3.563066091965558]}"
00000000000000000b32_0,0.12338512829671973,0.21812136,0.04133999999999999,0.051680000000000004,0.0882,0.16343999999999997,0.25463,0.40494500000000005,0.33647,331.42656344,4,"{""geodesic"":false,""type"":""Point"",""coordinates"":[38.19380446796598,-3.5638792887958712]}"
00000000000000000b33_0,0.13890961645707825,0.25114414,0.0385625,0.048242499999999994,0.0806925,0.145015,0.2422825,0.37128500000000003,0.2989325,331.37187512,4,"{""geodesic"":false,""type"":""Point"",""coordinates"":[38.20110216974784,-3.5579152577064015]}"
00000000000000000b34_0,0.13603974948875253,0.24922173,0.03914000000000001,0.04799500000000001,0.07926250000000001,0.1410825,0.2347475,0.37062500000000004,0.298245,330.5310422,4,"{""geodesic"":false,""type"":""Point"",""coordinates"":[38.199481376954196,-3.558185229482136]}"
00000000000000000b35_0,0.13878702847485738,0.2507463,0.04065250000000001,0.049644999999999995,0.08190249999999999,0.14306249999999998,0.23881750000000002,0.369855,0.293515,330.52420616,4,"{""geodesic"":false,""type"":""Point"",""coordinates"":[38.198400535505584,-3.5587270518531278]}"
00000000000000000b36_0,0.12339850616800621,0.22622451,0.03781999999999999,0.0474175,0.07953749999999998,0.15120250000000002,0.23961500000000002,0.375245,0.3067975,330.5139521,4,"{""geodesic"":false,""type"":""Point"",""coordinates"":[38.198669925173256,-3.559541434060237]}"
00000000000000000b37_0,0.13692079634027768,0.24832788,0.040047499999999986,0.04937,0.08127000000000001,0.1430075,0.23749750000000003,0.37354000000000004,0.2993725,331.70342306,4,"{""geodesic"":false,""type"":""Point"",""coordinates"":[38.20001992438451,-3.560085375925954]}"
00000000000000000b38_0,0.1320180410123893,0.23665157,0.042935,0.05214750000000001,0.08396500000000001,0.14773750000000002,0.23934,0.3888575,0.31515750000000003,332.30499457999997,4,"{""geodesic"":false,""type"":""Point"",""coordinates"":[38.201369925553976,-3.5606293161592526]}"
00000000000000000b39_0,0.13051256125068061,0.23576446,0.040212499999999984,0.049534999999999996,0.08245249999999998,0.14958,0.24187000000000003,0.38014,0.3087775,331.56670226,4,"{""geodesic"":false,""type"":""Point"",""coordinates"":[38.202181141722264,-3.5595444909665033]}"
00000000000000000b3a_0,0.13052922745137885,0.23827615,0.039057499999999995,0.048022499999999996,0.0802525,0.14685749999999997,0.23873500000000003,0.37934249999999997,0.30894249999999995,331.71709513999997,4,"{""geodesic"":false,""type"":""Point"",""coordinates"":[38.2011010008998,-3.559272169462904]}"
00000000000000000b3b_0,0.14231156094801028,0.25341883,0.041147500000000004,0.05025000000000002,0.08272750000000001,0.14672000000000002,0.24632500000000002,0.38211999999999996,0.3056425,331.3855472,4,"{""geodesic"":false,""type"":""Point"",""coordinates"":[38.19921268929105,-3.5565567007115275]}"
00000000000000000b3c_0,0.1282291422773745,0.23396984,0.039002499999999996,0.048545000000000005,0.08099499999999998,0.14793,0.23829499999999998,0.37717000000000006,0.307815,330.67801706,4,"{""geodesic"":false,""type"":""Point"",""coordinates"":[38.19813184986815,-3.557098523180603]}"
00000000000000000b3d_0,0.13071410728782865,0.23935883,0.037957500000000005,0.04733499999999999,0.07882250000000002,0.146335,0.2384325,0.37373249999999997,0.3030025,330.69852518,4,"{""geodesic"":false,""type"":""Point"",""coordinates"":[38.197861522532634,-3.557369669624961]}"
00000000000000000b3e_0,0.13226104524596327,0.23654559,0.042082499999999995,0.05151499999999998,0.0840475,0.14991,0.242805,0.38753750000000003,0.31271,330.60623864,4,"{""geodesic"":false,""type"":""Point"",""coordinates"":[38.19705124428033,-3.5573689619974207]}"
00000000000000000b3f_0,0.13634543984552222,0.24157637,0.043155,0.05247750000000001,0.08553250000000001,0.14996500000000001,0.2455,0.38432000000000005,0.31009749999999997,330.46609981999995,4,"{""geodesic"":false,""type"":""Point"",""coordinates"":[38.19597157901727,-3.5565538713268308]}"
00000000000000000b40_0,0.13856557797470148,0.24219778,0.04447499999999999,0.05489749999999999,0.08767750000000002,0.15109250000000002,0.24767250000000002,0.393395,0.31331499999999995,330.60282062,4,"{""geodesic"":false,""type"":""Point"",""coordinates"":[38.19516177256318,-3.556010398258413]}"
00000000000000000b41_0,0.14024806326014527,0.2444289,0.045410000000000006,0.0563825,0.08825499999999997,0.14850750000000001,0.2445925,0.3919375,0.3070725,330.67459904,4,"{""geodesic"":false,""type"":""Point"",""coordinates"":[38.1946222945952,-3.5551957793707736]}"
00000000000000000b42_0,0.13755933387309305,0.24001864,0.04659250000000001,0.05591499999999999,0.08894249999999998,0.15089999999999998,0.24621500000000002,0.39314750000000004,0.31202250000000004,330.30545287999996,4,"{""geodesic"":false,""type"":""Point"",""coordinates"":[38.19408305301837,-3.5541097784603988]}"
00000000000000000b43_0,0.13458313796857743,0.242734,0.04111999999999999,0.0506625,0.08261750000000001,0.14528999999999997,0.2384325,0.37552,0.3021225,331.13603174,4,"{""geodesic"":false,""type"":""Point"",""coordinates"":[38.19786339904977,-3.555198612432151]}"
00000000000000000b44_0,0.13283103985714403,0.23866239,0.0413125,0.0505525,0.08206750000000002,0.14878249999999998,0.2420625,0.37950750000000005,0.30690750000000006,331.26249848,4,"{""geodesic"":false,""type"":""Point"",""coordinates"":[38.19705312269253,-3.5551979052375415]}"
00000000000000000b45_0,0.1325203877519619,0.23661453,0.041147500000000004,0.05030499999999999,0.08330500000000002,0.152825,0.24756250000000002,0.390755,0.3151025,330.34646912,4,"{""geodesic"":false,""type"":""Point"",""coordinates"":[38.196243786218005,-3.554111669127131]}"
00000000000000000b46_0,0.1301750883952681,0.23333144,0.04122999999999999,0.05060749999999997,0.08379999999999999,0.15202749999999998,0.24456500000000003,0.383055,0.31304000000000004,329.85427424,4,"{""geodesic"":false,""type"":""Point"",""coordinates"":[38.1975942450546,-3.554112848216934]}"
00000000000000000b47_0,0.14370376262827142,0.25038904,0.044639999999999985,0.054925,0.08759499999999998,0.1487275,0.248085,0.394715,0.31009749999999997,330.8215739,4,"{""geodesic"":false,""type"":""Point"",""coordinates"":[38.19543374625431,-3.5538395787214747]}"
00000000000000000b48_0,0.13167312971455097,0.23696707,0.04139499999999999,0.0508825,0.08341500000000002,0.1482325,0.24030250000000003,0.38079999999999997,0.30567000000000005,330.73270537999997,4,"{""geodesic"":false,""type"":""Point"",""coordinates"":[38.196242611522344,-3.55546857937557]}"
00000000000000000b49_0,0.13578538760136827,0.24067503,0.0412575,0.050827500000000025,0.08591749999999998,0.15326499999999998,0.2504225,0.38379749999999996,0.310455,327.53343866,4,"{""geodesic"":false,""type"":""Point"",""coordinates"":[38.20164888892787,-3.5503170196413567]}"
00000000000000000b4b_0,0.1367885781341678,0.24251805,0.041724999999999984,0.05198249999999999,0.08520250000000001,0.150185,0.24635250000000003,0.39103000000000004,0.3155425,327.45482419999996,4,"{""geodesic"":false,""type"":""Point"",""coordinates"":[38.200569225219475,-3.5495019351901074]}"
00000000000000000b4c_0,0.13185419010867022,0.23441677,0.03960749999999999,0.04972750000000001,0.08569749999999998,0.15681250000000002,0.2528425,0.38833500000000004,0.327285,328.23413275999997,4,"{""geodesic"":false,""type"":""Point"",""coordinates"":[38.20354022366992,-3.549504509262201]}"
00000000000000000b4d_0,0.13559808093256134,0.2433656,0.03903000000000001,0.049232499999999985,0.0834975,0.14958,0.24580249999999998,0.38074500000000006,0.32038249999999996,327.67015946000004,4,"{""geodesic"":false,""type"":""Point"",""coordinates"":[38.203271062821436,-3.54841874544358]}"
00000000000000000b4e_0,0.13703383156729276,0.24403714,0.0413675,0.050827500000000025,0.084515,0.1497175,0.24638,0.39111250000000003,0.31950249999999997,327.41038993999996,4,"{""geodesic"":false,""type"":""Point"",""coordinates"":[38.201921308877786,-3.5476034291570833]}"
00000000000000000b4f_0,0.14468901050613192,0.25643304,0.04263249999999999,0.051927500000000015,0.08418500000000001,0.14440999999999998,0.24401499999999998,0.38509,0.30699000000000004,329.75515166,4,"{""geodesic"":false,""type"":""Point"",""coordinates"":[38.20111173738342,-3.546788579782178]}"
00000000000000000b53_0,0.13809960281087694,0.2444144,0.04084499999999999,0.05003000000000002,0.085175,0.15370499999999998,0.253145,0.3884175,0.31455249999999996,327.1642925,4,"{""geodesic"":false,""type"":""Point"",""coordinates"":[38.201920144620246,-3.5489603414891304]}"
00000000000000000b54_0,0.13868151624108727,0.24525875,0.039965,0.04980999999999999,0.08492749999999999,0.1540625,0.25419,0.38869250000000005,0.31614749999999997,327.45482419999996,4,"{""geodesic"":false,""type"":""Point"",""coordinates"":[38.20272948572301,-3.5500465732154622]}"
00000000000000000b55_0,0.1392349236316367,0.24879809,0.0398,0.04904,0.08264500000000002,0.14941500000000002,0.24838749999999998,0.38118500000000005,0.3148825,327.8991668,4,"{""geodesic"":false,""type"":""Point"",""coordinates"":[38.20353906114985,-3.5508614220754913]}"
00000000000000000c35_0,0.16178464550188143,0.25939786,0.0443375,0.06738250000000001,0.11198750000000002,0.158325,0.2692325,0.38060750000000004,0.2941475,329.6936273,4,"{""geodesic"":false,""type"":""Point"",""coordinates"":[38.23673377899319,-3.5831843326871122]}"
00000000000000000c36_0,0.17340097688273107,0.2855417,0.045795,0.06430249999999998,0.10238999999999998,0.13899250000000002,0.2500925,0.35167750000000003,0.268325,328.4118698,4,"{""geodesic"":false,""type"":""Point"",""coordinates"":[38.23673535281049,-3.5812846409917025]}"
00000000000000000c37_0,0.14052045888443612,0.23275448,0.053412499999999974,0.07038,0.10841250000000002,0.1481225,0.2379925,0.3594875,0.31282000000000004,328.72290962,4,"{""geodesic"":false,""type"":""Point"",""coordinates"":[38.23565539395781,-3.5807409680670346]}"
00000000000000000c38_0,0.11707203706797008,0.20304127,0.043649999999999994,0.055117499999999986,0.09774250000000001,0.174,0.26266,0.40269000000000005,0.354015,327.67015946000004,4,"{""geodesic"":false,""type"":""Point"",""coordinates"":[38.23187396686173,-3.580737794511385]}"
00000000000000000c39_0,0.11736013121987209,0.20412937,0.04224749999999999,0.0533575,0.09642250000000002,0.1756775,0.265795,0.40860250000000004,0.35962500000000003,327.25999706,4,"{""geodesic"":false,""type"":""Point"",""coordinates"":[38.23133285782055,-3.5818228766251057]}"
00000000000000000c3a_0,0.10358120038278538,0.17653938,0.0443375,0.056574999999999986,0.10505750000000003,0.19715500000000002,0.28169,0.41347000000000006,0.37711500000000003,327.23948894,4,"{""geodesic"":false,""type"":""Point"",""coordinates"":[38.2313321785548,-3.5826370291758156]}"
00000000000000000c3b_0,0.10402885939908074,0.17154379,0.05115750000000002,0.06477,0.11726750000000002,0.2026,0.2865025,0.41239750000000003,0.39086499999999996,326.76438415999996,4,"{""geodesic"":false,""type"":""Point"",""coordinates"":[38.23187170431971,-3.583451636700642]}"
00000000000000000c3c_0,0.09600928014101667,0.16680229,0.04037750000000001,0.05124000000000001,0.09969499999999998,0.2035075,0.28499,0.41550499999999996,0.383495,327.53685668,4,"{""geodesic"":false,""type"":""Point"",""coordinates"":[38.230251769344704,-3.58263611844645]}"
00000000000000000c3d_0,0.09936129628275764,0.17151827,0.042440000000000005,0.0537975,0.10255500000000001,0.198585,0.28081,0.4112425,0.38118500000000005,327.3181034,4,"{""geodesic"":false,""type"":""Point"",""coordinates"":[38.230520284392604,-3.5845360351137905]}"
00000000000000000c3e_0,0.1039972876289587,0.17809592,0.04530000000000001,0.05742750000000002,0.10670750000000001,0.19074750000000001,0.2734125,0.40816250000000004,0.3818725,327.12669428000004,4,"{""geodesic"":false,""type"":""Point"",""coordinates"":[38.23160046940215,-3.5848083301936136]}"
00000000000000000c3f_0,0.11394068192098103,0.18996267,0.0508825,0.0633125,0.1114925,0.1861,0.273385,0.40007750000000003,0.37373249999999997,327.4719143,4,"{""geodesic"":false,""type"":""Point"",""coordinates"":[38.2332204094946,-3.585623847097845]}"
00000000000000000c40_0,0.11149587388469218,0.18234189,0.052092499999999986,0.06625500000000001,0.11715750000000003,0.19693500000000003,0.28477,0.4110225,0.38123999999999997,327.80004422,4,"{""geodesic"":false,""type"":""Point"",""coordinates"":[38.23376039026572,-3.585895685560678]}"
00000000000000000c41_0,0.10965277883026925,0.21231726,0.032017500000000004,0.0398,0.0747525,0.14762750000000002,0.22721249999999998,0.33330750000000003,0.30215,334.05502082,4,"{""geodesic"":false,""type"":""Point"",""coordinates"":[38.22323551676257,-3.5750314244148145]}"
00000000000000000c42_0,0.10578590218820995,0.20391046,0.03322749999999999,0.04024,0.07582499999999998,0.1519725,0.229825,0.34428,0.3160375,333.78157922,4,"{""geodesic"":false,""type"":""Point"",""coordinates"":[38.22242681772744,-3.573131050150026]}"
00000000000000000c43_0,0.09639430066879907,0.1834717,0.033997499999999986,0.042330000000000007,0.08033499999999999,0.162285,0.235215,0.34056749999999997,0.313425,333.46712138,4,"{""geodesic"":false,""type"":""Point"",""coordinates"":[38.221888905126306,-3.570416754517995]}"
00000000000000000c44_0,0.10226981760125312,0.19864626,0.033172499999999994,0.040459999999999996,0.0761,0.15065250000000002,0.2253425,0.34208,0.31499249999999995,334.26693806000003,4,"{""geodesic"":false,""type"":""Point"",""coordinates"":[38.22188799120369,-3.5715022890877317]}"
00000000000000000c45_0,0.11126147015668597,0.2152911,0.0325675,0.03982749999999999,0.0751925,0.1466925,0.22718500000000003,0.3384225,0.30778750000000005,333.58675208,4,"{""geodesic"":false,""type"":""Point"",""coordinates"":[38.22134916602398,-3.569873528068169]}"
00000000000000000c46_0,0.10501127387298603,0.20159751,0.03350249999999999,0.04106499999999999,0.07805250000000002,0.1531825,0.23054000000000002,0.343455,0.31581750000000003,333.65169446,4,"{""geodesic"":false,""type"":""Point"",""coordinates"":[38.2216183498947,-3.5709592921983306]}"
00000000000000000c47_0,0.09279942431374896,0.18446575,0.030560000000000004,0.03831499999999999,0.07147999999999999,0.150515,0.218605,0.3369925,0.31873250000000003,335.51451536,4,"{""geodesic"":false,""type"":""Point"",""coordinates"":[38.22891010443777,-3.5720510000121006]}"
00000000000000000c48_0,0.09484884734098323,0.18646282,0.031439999999999996,0.03831499999999999,0.0721675,0.15411750000000002,0.224765,0.34637,0.32731250000000006,334.24301191999996,4,"{""geodesic"":false,""type"":""Point"",""coordinates"":[38.229450981550755,-3.571237302607304]}"
00000000000000000c49_0,0.09397153790060064,0.18717414,0.03152250000000001,0.037957500000000005,0.07098500000000002,0.1492775,0.21802749999999999,0.33649750000000006,0.3195575,334.34897054,4,"{""geodesic"":false,""type"":""Point"",""coordinates"":[38.22945166030631,-3.5704231502155497]}"
00000000000000000c4a_0,0.09353772786482298,0.18363674,0.03174250000000001,0.0385625,0.07346000000000003,0.15538249999999998,0.22528750000000003,0.34617749999999997,0.32637750000000004,329.92605266,4,"{""geodesic"":false,""type"":""Point"",""coordinates"":[38.23053295851098,-3.569338521966682]}"
00000000000000000c4b_0,0.093648572194265,0.18458542,0.031549999999999995,0.03892000000000001,0.073625,0.152825,0.22201500000000002,0.34246499999999996,0.3249475,329.83034810000004,4,"{""geodesic"":false,""type"":""Point"",""coordinates"":[38.22999276175662,-3.5693380679778794]}"
00000000000000000c4c_0,0.0937041259621905,0.1850415,0.031219999999999998,0.0386725,0.07343250000000001,0.1523025,0.22146500000000002,0.34537999999999996,0.32678999999999997,330.05935544,4,"{""geodesic"":false,""type"":""Point"",""coordinates"":[38.230533184341986,-3.569067137757153]}"
00000000000000000c4e_0,0.0949814853839901,0.18479274,0.03394249999999999,0.04189000000000001,0.07708999999999999,0.1531,0.22250999999999999,0.346755,0.3203,330.838664,4,"{""geodesic"":false,""type"":""Point"",""coordinates"":[38.230805088057984,-3.5668962907419965]}"
00000000000000000c50_0,0.11507321146333468,0.21900536,0.03298000000000001,0.04002,0.07365250000000001,0.1513675,0.23626000000000003,0.361165,0.31534999999999996,336.87488731999997,4,"{""geodesic"":false,""type"":""Point"",""coordinates"":[38.23890936583087,-3.5652747467494312]}"
00000000000000000c51_0,0.11546805470201915,0.21508053,0.0352075,0.043237499999999984,0.07906999999999997,0.15650999999999998,0.2422825,0.363805,0.31389249999999996,336.18102926,4,"{""geodesic"":false,""type"":""Point"",""coordinates"":[38.23647848687184,-3.5652727258221537]}"
00000000000000000c52_0,0.11492260157339562,0.21736366,0.03523499999999999,0.0441725,0.0776675,0.1476825,0.229715,0.34931249999999997,0.30127,333.39876098,4,"{""geodesic"":false,""type"":""Point"",""coordinates"":[38.235128223387186,-3.5650002157738663]}"
00000000000000000c54_0,0.11760279177518246,0.2183181,0.034355,0.043017499999999986,0.07840999999999998,0.15694999999999998,0.24462,0.35725999999999997,0.3086125,335.32310624,4,"{""geodesic"":false,""type"":""Point"",""coordinates"":[38.23972121892862,-3.5633757251978477]}"
00000000000000000c55_0,0.11553749733657595,0.213894,0.0357025,0.04367750000000001,0.08011499999999999,0.15893000000000002,0.2454175,0.37013,0.31834750000000006,335.61705596,4,"{""geodesic"":false,""type"":""Point"",""coordinates"":[38.23810018929571,-3.5639171502282934]}"
00000000000000000c56_0,0.11720795248851855,0.22091354,0.03322749999999999,0.041559999999999986,0.07557750000000002,0.1519725,0.23815750000000002,0.36083499999999996,0.31183,336.14001301999997,4,"{""geodesic"":false,""type"":""Point"",""coordinates"":[38.2391803556305,-3.564189431752938]}"
00000000000000000c59_0,0.11274859246112001,0.209934,0.03322749999999999,0.042385000000000006,0.079345,0.16041499999999997,0.24566500000000002,0.3702125,0.32976,329.72438948,4,"{""geodesic"":false,""type"":""Point"",""coordinates"":[38.24269140182836,-3.56446372258509]}"
00000000000000000c5a_0,0.10980840720617681,0.20392251,0.03394249999999999,0.04205500000000001,0.07986749999999998,0.16489749999999997,0.24937750000000003,0.38410000000000005,0.34290499999999996,328.31274722,4,"{""geodesic"":false,""type"":""Point"",""coordinates"":[38.244582971943316,-3.563379741281961]}"
00000000000000000c5b_0,0.11333604391136412,0.21208453,0.03419,0.04111999999999999,0.07772249999999997,0.15948,0.24533500000000003,0.38300000000000006,0.33919250000000006,328.47339416,4,"{""geodesic"":false,""type"":""Point"",""coordinates"":[38.24296371760557,-3.5617500952193955]}"
00000000000000000c5d_0,0.11332858684243363,0.20903642,0.03501499999999999,0.0448325,0.08157249999999999,0.16066249999999999,0.24558249999999998,0.38025000000000003,0.3310525,328.8049421,4,"{""geodesic"":false,""type"":""Point"",""coordinates"":[38.241613677179714,-3.5612062104309428]}"
00000000000000000c5e_0,0.11116500929743717,0.20576069,0.03617000000000001,0.0448325,0.08198499999999997,0.1605525,0.24374,0.38167999999999996,0.33388500000000004,328.44946802,4,"{""geodesic"":false,""type"":""Point"",""coordinates"":[38.24107437258092,-3.5601202242738172]}"
00000000000000000c5f_0,0.10863670872347342,0.19874936,0.03738,0.046262499999999984,0.08580749999999998,0.16657500000000003,0.2492125,0.39328500000000005,0.344335,327.62230718,4,"{""geodesic"":false,""type"":""Point"",""coordinates"":[38.24242574161651,-3.5590357993382855]}"
00000000000000000c60_0,0.10497581054331594,0.19315547,0.035454999999999987,0.045052499999999995,0.08366249999999997,0.1687475,0.2495425,0.38687750000000004,0.3465075,327.46849627999995,4,"{""geodesic"":false,""type"":""Point"",""coordinates"":[38.24377511577117,-3.5603938376963065]}"
00000000000000000c61_0,0.10577760642019737,0.19399557,0.03669249999999999,0.045410000000000006,0.08514749999999999,0.16926999999999998,0.2507525,0.3852825,0.34524250000000006,327.97436324,4,"{""geodesic"":false,""type"":""Point"",""coordinates"":[38.24431486653973,-3.5609370527102837]}"
00000000000000000c62_0,0.10682399075662617,0.19533218,0.03501499999999999,0.044007500000000005,0.08335999999999999,0.1728175,0.25672,0.390975,0.35093500000000005,327.82397036,4,"{""geodesic"":false,""type"":""Point"",""coordinates"":[38.24377378709157,-3.562022148280737]}"
00000000000000000c63_0,0.11137781698032723,0.20700713,0.034025,0.04252249999999999,0.07951000000000003,0.162285,0.24701250000000002,0.38145999999999997,0.33644250000000003,328.11108404000004,4,"{""geodesic"":false,""type"":""Point"",""coordinates"":[38.24323292788934,-3.5628358581826056]}"
00000000000000000c64_0,0.10425900793121567,0.19714378,0.03925000000000001,0.04829749999999999,0.08242500000000003,0.1488375,0.22193249999999998,0.34117250000000005,0.294395,336.31433203999995,4,"{""geodesic"":false,""type"":""Point"",""coordinates"":[38.26161855581697,-3.538968830823366]}"
00000000000000000c65_0,0.10026271419048736,0.19168569,0.038534999999999986,0.0473075,0.08204,0.14826,0.21857749999999998,0.3231325,0.28097500000000003,336.78260078,4,"{""geodesic"":false,""type"":""Point"",""coordinates"":[38.26161791113869,-3.539782989830027]}"
00000000000000000c72_0,0.1257499959785738,0.24143837,0.03344749999999999,0.042935,0.0739825,0.13508750000000003,0.22108,0.35893749999999996,0.30553250000000004,331.73760326,4,"{""geodesic"":false,""type"":""Point"",""coordinates"":[38.23842817776473,-3.4928145175449825]}"
00000000000000000c73_0,0.12029452226113062,0.22982936,0.033805,0.042440000000000005,0.0749725,0.14182499999999998,0.22647,0.35242,0.30113249999999997,331.87774207999996,4,"{""geodesic"":false,""type"":""Point"",""coordinates"":[38.23896920548375,-3.4917294161589516]}"
00000000000000000c74_0,0.12135583763425868,0.22711211,0.036610000000000004,0.04502500000000001,0.08088499999999998,0.146555,0.23268500000000003,0.36644499999999997,0.31683500000000003,331.67266087999997,4,"{""geodesic"":false,""type"":""Point"",""coordinates"":[38.23761926088816,-3.4911855471849402]}"
00000000000000000c75_0,0.1230937750052438,0.23364097,0.034107499999999985,0.04235749999999999,0.07612750000000001,0.14292500000000002,0.2300725,0.36171500000000006,0.3180175,330.95487668,4,"{""geodesic"":false,""type"":""Point"",""coordinates"":[38.23735006019586,-3.4900997868237105]}"
00000000000000000c76_0,0.1190928141893944,0.22484964,0.033915,0.04216500000000001,0.07695249999999998,0.1487,0.2349675,0.35120999999999997,0.30226000000000003,330.00808514,4,"{""geodesic"":false,""type"":""Point"",""coordinates"":[38.237890430804825,-3.4898288413630585]}"
00000000000000000c77_0,0.12790760638339022,0.24044709,0.034162499999999985,0.04252249999999999,0.07717249999999998,0.14364,0.23458250000000003,0.36105499999999996,0.3168625,329.81667602,4,"{""geodesic"":false,""type"":""Point"",""coordinates"":[38.23843058263338,-3.4898292806982667]}"
00000000000000000c78_0,0.12231390949926423,0.22954774,0.03479499999999999,0.04378750000000001,0.07772249999999997,0.14652749999999998,0.23384,0.3650975,0.31595500000000004,330.83182796,4,"{""geodesic"":false,""type"":""Point"",""coordinates"":[38.23870000313768,-3.490643655823073]}"
00000000000000000c79_0,0.1284953025357571,0.24119473,0.03589500000000001,0.044997499999999996,0.07791500000000001,0.1399825,0.22897250000000002,0.3585525,0.3005275,331.74785732,4,"{""geodesic"":false,""type"":""Point"",""coordinates"":[38.239509576865494,-3.4914584698759823]}"
00000000000000000c7a_0,0.11574879074325818,0.22667567,0.03209999999999999,0.04035,0.072965,0.1373975,0.217945,0.340925,0.2946975,332.20929002,4,"{""geodesic"":false,""type"":""Point"",""coordinates"":[38.24031871567142,-3.4928160540821507]}"
00000000000000000c7b_0,0.12243897812065253,0.23811454,0.0328425,0.039965,0.072525,0.13629750000000002,0.22149249999999998,0.34749749999999996,0.299345,332.33575676,4,"{""geodesic"":false,""type"":""Point"",""coordinates"":[38.240588138212495,-3.4936304291564015]}"
00000000000000000c7c_0,0.115993492475675,0.22657573,0.03198999999999999,0.039745,0.07255250000000002,0.13921250000000002,0.22077750000000002,0.34947750000000005,0.30245249999999996,331.9837007,4,"{""geodesic"":false,""type"":""Point"",""coordinates"":[38.24112807455051,-3.4939022527367545]}"
00000000000000000c7d_0,0.1251132110253512,0.23280187,0.038479999999999986,0.048077499999999995,0.08096750000000003,0.14146750000000002,0.22732249999999998,0.36498749999999996,0.30523000000000006,331.33085888,4,"{""geodesic"":false,""type"":""Point"",""coordinates"":[38.23950761126781,-3.493900936931466]}"
00000000000000000c7e_0,0.13318762940809156,0.24396951,0.040624999999999994,0.05102000000000001,0.08239750000000001,0.13813999999999999,0.22729500000000002,0.36529000000000006,0.30028000000000005,331.50517790000004,4,"{""geodesic"":false,""type"":""Point"",""coordinates"":[38.23842730275408,-3.4939000581690176]}"
00000000000000000c7f_0,0.12646290942933147,0.24045642,0.03781999999999999,0.04648250000000001,0.07736500000000002,0.13338250000000001,0.217835,0.35186999999999996,0.29643,331.51543196,4,"{""geodesic"":false,""type"":""Point"",""coordinates"":[38.23842686514617,-3.4944428284715303]}"
00000000000000000c80_0,0.12673694298035454,0.23433788,0.038947499999999996,0.048490000000000005,0.08440500000000001,0.14259500000000003,0.22988000000000003,0.375905,0.3164225,330.6164927,4,"{""geodesic"":false,""type"":""Point"",""coordinates"":[38.239236441129506,-3.4952576433587934]}"
00000000000000000c81_0,0.13177476858666146,0.24096213,0.0412575,0.05124000000000001,0.08487250000000002,0.13959749999999999,0.22823,0.37145,0.3087775,330.91727846000003,4,"{""geodesic"":false,""type"":""Point"",""coordinates"":[38.23896614487891,-3.4955288087999943]}"
00000000000000000c82_0,0.13599081364829396,0.24554695,0.043429999999999996,0.05272500000000002,0.08591749999999998,0.1400925,0.2312825,0.3769225,0.30558749999999996,331.38212918,4,"{""geodesic"":false,""type"":""Point"",""coordinates"":[38.23869606729349,-3.495528588967761]}"
00000000000000000c83_0,0.13748938225545873,0.2454919,0.0447775,0.055530000000000024,0.0875125,0.1395425,0.23034749999999998,0.36762750000000005,0.297695,331.9153403,4,"{""geodesic"":false,""type"":""Point"",""coordinates"":[38.23842620860606,-3.495256983913418]}"
00000000000000000c84_0,0.13205697479960787,0.24158765,0.0416975,0.05170750000000002,0.08396500000000001,0.1383875,0.2265525,0.36562,0.3030025,331.08476143999997,4,"{""geodesic"":false,""type"":""Point"",""coordinates"":[38.23896658231321,-3.4949860384417115]}"
00000000000000000c85_0,0.11676387229756632,0.22690815,0.03174250000000001,0.040267499999999984,0.07368000000000002,0.14012000000000002,0.22237250000000003,0.35088,0.30314,332.29474052,4,"{""geodesic"":false,""type"":""Point"",""coordinates"":[38.24058857447689,-3.493087658570899]}"
00000000000000000c86_0,0.11634599243811006,0.22174747,0.03628000000000001,0.04576749999999999,0.07964749999999998,0.14047749999999998,0.22053,0.337185,0.2846875,331.42998146,4,"{""geodesic"":false,""type"":""Point"",""coordinates"":[38.241400112536425,-3.491460003633836]}"
00000000000000000c87_0,0.11517842854856783,0.22301327,0.0355375,0.043484999999999996,0.07741999999999999,0.13792,0.21709250000000002,0.33064,0.2807275,331.95635654,4,"{""geodesic"":false,""type"":""Point"",""coordinates"":[38.24059075477583,-3.490373805548393]}"
00000000000000000c88_0,0.12055045141788967,0.2319132,0.03479499999999999,0.04279749999999999,0.07651249999999998,0.13802999999999999,0.22138249999999998,0.34714000000000006,0.2961825,329.80983998,4,"{""geodesic"":false,""type"":""Point"",""coordinates"":[38.240051038529195,-3.489830596835372]}"
00000000000000000c89_0,0.12663572857564526,0.23924324,0.0383425,0.04711499999999999,0.07829999999999998,0.13506,0.22000750000000002,0.3480475,0.28859250000000003,330.52762418,4,"{""geodesic"":false,""type"":""Point"",""coordinates"":[38.239781616856014,-3.4890162218804157]}"
00000000000000000c8a_0,0.12505435395294148,0.23796125,0.03600500000000001,0.044694999999999985,0.0770075,0.13676500000000003,0.22218,0.34703,0.29489,330.4797719,4,"{""geodesic"":false,""type"":""Point"",""coordinates"":[38.239242774494166,-3.4873874720019007]}"
00000000000000000c8b_0,0.12248172029741157,0.22996919,0.03473999999999999,0.04375999999999999,0.0779975,0.146225,0.23356500000000002,0.36496,0.3133425,330.43191962000003,4,"{""geodesic"":false,""type"":""Point"",""coordinates"":[38.23600143411781,-3.4879276060426108]}"
00000000000000000c8c_0,0.12229306155404737,0.22702935,0.035729999999999984,0.0447225,0.08055499999999999,0.15032250000000003,0.23862500000000003,0.37609750000000003,0.322775,330.08328158,4,"{""geodesic"":false,""type"":""Point"",""coordinates"":[38.23573223549432,-3.486841845756058]}"
00000000000000000c8d_0,0.13924257264120138,0.24770327,0.04340250000000001,0.05420999999999998,0.08842,0.14248500000000003,0.236315,0.3809375,0.3132875,330.68827111999997,4,"{""geodesic"":false,""type"":""Point"",""coordinates"":[38.23222104300859,-3.487110361649403]}"
00000000000000000c8e_0,0.1300790322448276,0.24039654,0.03955249999999999,0.050112500000000004,0.0843775,0.1377275,0.2249025,0.3542625,0.296925,330.65409092,4,"{""geodesic"":false,""type"":""Point"",""coordinates"":[38.23357185650553,-3.4865686969463967]}"
00000000000000000c8f_0,0.134040179480289,0.24518593,0.039360000000000006,0.0503325,0.08429500000000001,0.13934999999999997,0.22988000000000003,0.37045999999999996,0.31361750000000005,330.6335828,4,"{""geodesic"":false,""type"":""Point"",""coordinates"":[38.23222038251095,-3.487924516033622]}"
00000000000000000c90_0,0.13207701761573118,0.24033614,0.041559999999999986,0.05217499999999997,0.08627499999999999,0.14012000000000002,0.22877999999999998,0.36413500000000004,0.3067975,330.22000238,4,"{""geodesic"":false,""type"":""Point"",""coordinates"":[38.231680012201586,-3.4881954581158254]}"
00000000000000000c91_0,0.1174525233123703,0.2211037,0.035977499999999996,0.04486000000000001,0.07975749999999998,0.1469125,0.23032000000000002,0.36281500000000005,0.31345249999999997,331.0608353,4,"{""geodesic"":false,""type"":""Point"",""coordinates"":[38.2349213527237,-3.487655339773723]}"
00000000000000000c92_0,0.12032192196024635,0.22794679,0.03658249999999999,0.045685,0.078905,0.140505,0.22347250000000002,0.35266749999999997,0.298135,330.46609981999995,4,"{""geodesic"":false,""type"":""Point"",""coordinates"":[38.23897379011179,-3.4860303266157207]}"
00000000000000000c93_0,0.11413846707558942,0.2143749,0.0353725,0.045052499999999995,0.08061000000000001,0.15021250000000003,0.23219,0.35261250000000005,0.3043775,329.94656078,4,"{""geodesic"":false,""type"":""Point"",""coordinates"":[38.23843494982136,-3.4844015768502277]}"
00000000000000000c94_0,0.1288500407252104,0.22905913,0.03925000000000001,0.050360000000000016,0.08671499999999999,0.1581325,0.2521,0.37662,0.31287499999999996,329.03053142,4,"{""geodesic"":false,""type"":""Point"",""coordinates"":[38.22035003882874,-3.472174429053976]}"
00000000000000000c95_0,0.12690665973104054,0.22926168,0.0386175,0.048985,0.084735,0.15337499999999998,0.24462,0.3880875,0.32591,328.79127001999996,4,"{""geodesic"":false,""type"":""Point"",""coordinates"":[38.218999467325055,-3.4724446937811773]}"
00000000000000000c96_0,0.12074514490150515,0.21117353,0.04224749999999999,0.0532475,0.098045,0.1691875,0.2597725,0.409125,0.34598500000000004,332.30157656,4,"{""geodesic"":false,""type"":""Point"",""coordinates"":[38.244096970385996,-3.4963471272929603]}"
00000000000000000c97_0,0.12608974600898212,0.22229548,0.041147500000000004,0.05269750000000001,0.09496500000000002,0.1607175,0.252595,0.40401000000000004,0.3390275,332.07598724,4,"{""geodesic"":false,""type"":""Point"",""coordinates"":[38.24409610100774,-3.497432669267085]}"
00000000000000000c98_0,0.1294463046537584,0.23860379,0.040404999999999996,0.049479999999999996,0.08209499999999997,0.14045000000000002,0.2284775,0.3863275,0.32415,333.22102394,4,"{""geodesic"":false,""type"":""Point"",""coordinates"":[38.248416926244694,-3.4979789256874563]}"
00000000000000000c99_0,0.13862950725470471,0.24621882,0.04810500000000001,0.05731750000000002,0.08743000000000001,0.13811250000000003,0.22834,0.3919375,0.3153225,333.1970978,4,"{""geodesic"":false,""type"":""Point"",""coordinates"":[38.247876552170816,-3.4982498768232912]}"
00000000000000000c9a_0,0.12943981303573812,0.23415424,0.040982500000000005,0.0502225,0.08677000000000001,0.1484525,0.23923,0.39367,0.33270249999999996,333.93880814,4,"{""geodesic"":false,""type"":""Point"",""coordinates"":[38.248417790789134,-3.4968933826417787]}"
00000000000000000c9b_0,0.1360875336900117,0.23942737,0.04441999999999999,0.05577749999999998,0.0929025,0.14776499999999998,0.2407975,0.3971075,0.33476500000000003,332.79718946,4,"{""geodesic"":false,""type"":""Point"",""coordinates"":[38.24733834213505,-3.495806970623893]}"
00000000000000000c9c_0,0.11999144615433353,0.21343221,0.04560249999999999,0.0562725,0.091995,0.15354,0.236865,0.3529975,0.28972000000000003,333.50813761999996,4,"{""geodesic"":false,""type"":""Point"",""coordinates"":[38.246523772669484,-3.50123403082843]}"
00000000000000000c9d_0,0.12801381916679502,0.21644717,0.05327500000000002,0.06551249999999997,0.10107,0.15714250000000002,0.24396,0.36669250000000003,0.29478,333.96957032,4,"{""geodesic"":false,""type"":""Point"",""coordinates"":[38.245983830364615,-3.500962209153761]}"
00000000000000000c9e_0,0.11271401395053901,0.20264283,0.0445025,0.05608000000000002,0.09383750000000002,0.15387,0.23208,0.33429749999999997,0.28059,333.37825286,4,"{""geodesic"":false,""type"":""Point"",""coordinates"":[38.24544410560654,-3.5004190016758825]}"
00000000000000000c9f_0,0.11467476253456767,0.20565282,0.04205500000000001,0.051844999999999974,0.09017999999999998,0.16209250000000003,0.24602249999999998,0.38663,0.3263225,333.56282594,4,"{""geodesic"":false,""type"":""Point"",""coordinates"":[38.24733509505416,-3.4998777559952114]}"
00000000000000000ca0_0,0.130245790255803,0.22411308,0.04937,0.060287499999999994,0.09532249999999998,0.15604250000000003,0.2461875,0.40502750000000004,0.3316575,333.23469602,4,"{""geodesic"":false,""type"":""Point"",""coordinates"":[38.247605390938496,-3.499606587905381]}"
00000000000000000ca1_0,0.11568714696189265,0.2070658,0.042550000000000004,0.05225750000000001,0.09114250000000002,0.16154249999999998,0.24591249999999998,0.3789575,0.314745,333.68587465999997,4,"{""geodesic"":false,""type"":""Point"",""coordinates"":[38.247065015699384,-3.499877538309727]}"
00000000000000000ca2_0,0.11932589353038756,0.20905516,0.04441999999999999,0.055475,0.09675250000000002,0.16465000000000002,0.2516875,0.37650999999999996,0.31556999999999996,332.45538746,4,"{""geodesic"":false,""type"":""Point"",""coordinates"":[38.24625499463764,-3.4996054991721883]}"
00000000000000000ca3_0,0.13217409598096885,0.24425173,0.03768250000000001,0.04846249999999999,0.08335999999999999,0.13899250000000002,0.228835,0.34879,0.29467,332.04180704,4,"{""geodesic"":false,""type"":""Point"",""coordinates"":[38.24193743517202,-3.494988451073852]}"
00000000000000000ca4_0,0.1319681893272888,0.23288853,0.0416975,0.05253249999999998,0.091115,0.15557500000000002,0.2500375,0.40013250000000006,0.33083250000000003,329.75515166,4,"{""geodesic"":false,""type"":""Point"",""coordinates"":[38.240585737539256,-3.496615667263389]}"
00000000000000000ca5_0,0.12676920280800597,0.22496152,0.040267499999999984,0.05154249999999999,0.09081250000000002,0.15860000000000002,0.25067,0.4065675,0.3460125,331.71709513999997,4,"{""geodesic"":false,""type"":""Point"",""coordinates"":[38.2416651774617,-3.4977020855689873]}"
00000000000000000ca6_0,0.1280064116619663,0.225936,0.04081750000000001,0.05214750000000001,0.09403,0.15950750000000002,0.2526225,0.4039,0.341695,331.99737278,4,"{""geodesic"":false,""type"":""Point"",""coordinates"":[38.243017093128614,-3.4958034823582356]}"
00000000000000000ca7_0,0.1300505151585504,0.23726507,0.04037750000000001,0.050277499999999975,0.08476250000000002,0.14361249999999998,0.23296,0.37373249999999997,0.310895,331.86406999999997,4,"{""geodesic"":false,""type"":""Point"",""coordinates"":[38.24571874035785,-3.4947201224444697]}"
00000000000000000ca8_0,0.11277321345527827,0.20988788,0.03842499999999999,0.04805000000000001,0.08379999999999999,0.150625,0.23065000000000002,0.3583875,0.31207749999999995,332.34259280000003,4,"{""geodesic"":false,""type"":""Point"",""coordinates"":[38.24463842934762,-3.4947192506495]}"
00000000000000000ca9_0,0.11772901428073837,0.21783738,0.039002499999999996,0.0478025,0.08330500000000002,0.150185,0.23384,0.35835999999999996,0.30668750000000006,334.02767666,4,"{""geodesic"":false,""type"":""Point"",""coordinates"":[38.245179452277,-3.493634144393766]}"
00000000000000000caa_0,0.11587828880674998,0.21648324,0.037077499999999985,0.04716999999999999,0.08242500000000003,0.1479025,0.22963250000000002,0.34829499999999997,0.2986575,332.2571423,4,"{""geodesic"":false,""type"":""Point"",""coordinates"":[38.24355877062422,-3.4939042211833136]}"
00000000000000000cab_0,0.12590676894006117,0.22477861,0.044749999999999984,0.05508999999999997,0.0897675,0.14914,0.2356275,0.35995499999999997,0.294835,332.65363262,4,"{""geodesic"":false,""type"":""Point"",""coordinates"":[38.24355942248685,-3.4930900647452776]}"
00000000000000000cac_0,0.12016058073031236,0.22486785,0.037105,0.046509999999999996,0.08127000000000001,0.1449875,0.22910999999999998,0.3496425,0.2938175,332.05547912,4,"{""geodesic"":false,""type"":""Point"",""coordinates"":[38.24274919100726,-3.4930894094510396]}"
00000000000000000cad_0,0.11666146570969053,0.21907441,0.0383975,0.04829749999999999,0.08272750000000001,0.14292500000000002,0.223115,0.32104249999999995,0.2691775,332.63654252000003,4,"{""geodesic"":false,""type"":""Point"",""coordinates"":[38.24302013768286,-3.492004086156893]}"
00000000000000000cae_0,0.10922956062181097,0.20996761,0.036445000000000005,0.04532749999999999,0.0803625,0.14243,0.21813749999999998,0.3121875,0.26673,331.63848068,4,"{""geodesic"":false,""type"":""Point"",""coordinates"":[38.24221034236528,-3.4914606597902558]}"
00000000000000000caf_0,0.1303621341505671,0.23086554,0.04252249999999999,0.05242249999999998,0.09240749999999998,0.1551075,0.2482225,0.39840000000000003,0.3388625,333.62776832,4,"{""geodesic"":false,""type"":""Point"",""coordinates"":[38.246797969263156,-3.4960779213512057]}"
00000000000000000cb0_0,0.1292217216460557,0.22485217,0.042825,0.054595000000000005,0.09529500000000002,0.16206500000000001,0.2560875,0.40758500000000003,0.3382025,333.34407266,4,"{""geodesic"":false,""type"":""Point"",""coordinates"":[38.245717656429875,-3.496077050464853]}"
00000000000000000cb1_0,0.12775370860825772,0.22282232,0.044694999999999985,0.055475,0.09510249999999998,0.16008499999999998,0.25188,0.41666,0.34978000000000004,332.91340214,4,"{""geodesic"":false,""type"":""Point"",""coordinates"":[38.24571635515744,-3.4977053640370137]}"
00000000000000000cb2_0,0.1305449936628644,0.22480835,0.04587749999999999,0.05753750000000002,0.09708250000000002,0.1611575,0.25463,0.41831,0.34493999999999997,331.79912762000004,4,"{""geodesic"":false,""type"":""Point"",""coordinates"":[38.244364875366614,-3.499061200674112]}"
00000000000000000cb3_0,0.12383366835678493,0.21685812,0.04257749999999999,0.05404500000000001,0.09295750000000003,0.1639625,0.2547675,0.41624750000000005,0.3466725,332.45538746,4,"{""geodesic"":false,""type"":""Point"",""coordinates"":[38.24382428236276,-3.4996035345337715]}"
00000000000000000cb4_0,0.11754964383478775,0.21041524,0.04205500000000001,0.05201,0.0896575,0.16041499999999997,0.24591249999999998,0.39977500000000005,0.33251000000000003,333.32014652,4,"{""geodesic"":false,""type"":""Point"",""coordinates"":[38.243283470947475,-3.500417253361532]}"
00000000000000000cb5_0,0.11838160294254009,0.21336237,0.04290749999999999,0.05228499999999997,0.08918999999999999,0.1553275,0.2395875,0.37854499999999996,0.3197775,333.70296476,4,"{""geodesic"":false,""type"":""Point"",""coordinates"":[38.244362700491806,-3.5017750555731073]}"
00000000000000000cb6_0,0.11909250879839116,0.21530199,0.043375,0.05288999999999999,0.08855750000000001,0.151945,0.235325,0.37255,0.3182375,332.02813496,4,"{""geodesic"":false,""type"":""Point"",""coordinates"":[38.24436226531325,-3.502317826533862]}"
00000000000000000cb7_0,0.12061798697710174,0.21513447,0.046042499999999986,0.0564925,0.090675,0.15109250000000002,0.23392249999999998,0.3825325,0.3217575,331.87774207999996,4,"{""geodesic"":false,""type"":""Point"",""coordinates"":[38.244091532316794,-3.5031317642148774]}"
00000000000000000cb8_0,0.12365727684654133,0.22137848,0.0441725,0.05426500000000001,0.08877750000000001,0.15098250000000002,0.23683749999999998,0.38233999999999996,0.319475,332.5305839,4,"{""geodesic"":false,""type"":""Point"",""coordinates"":[38.243281728017024,-3.5025883366860744]}"
00000000000000000cb9_0,0.11794748028369674,0.21564999,0.040185,0.050387499999999974,0.08542250000000001,0.15153250000000001,0.2348575,0.38060750000000004,0.32426000000000005,332.64679658,4,"{""geodesic"":false,""type"":""Point"",""coordinates"":[38.24274200442378,-3.5020451278007836]}"
00000000000000000cba_0,0.12077553425097752,0.21629888,0.04216500000000001,0.052092499999999986,0.08847500000000003,0.15727999999999998,0.24409750000000002,0.39292750000000004,0.3328125,333.3509087,4,"{""geodesic"":false,""type"":""Point"",""coordinates"":[38.24355246140501,-3.501774399348917]}"
00000000000000000cbb_0,0.11906865268058103,0.21632114,0.03908500000000001,0.050167499999999976,0.08605499999999999,0.15442,0.23967,0.39510000000000006,0.3374875,333.27913028,4,"{""geodesic"":false,""type"":""Point"",""coordinates"":[38.24301273798682,-3.5012311906783977]}"
00000000000000000cbc_0,0.12099657810757816,0.22304049,0.03663749999999999,0.047142500000000004,0.08341500000000002,0.150735,0.23727750000000003,0.39587,0.34232750000000006,332.2229621,4,"{""geodesic"":false,""type"":""Point"",""coordinates"":[38.241662995666594,-3.5004159388459]}"
00000000000000000cbd_0,0.12263604638758933,0.21919513,0.04111999999999999,0.051680000000000004,0.091005,0.157665,0.2461875,0.40653999999999996,0.34736000000000006,330.8899343,4,"{""geodesic"":false,""type"":""Point"",""coordinates"":[38.24031369312027,-3.4990579150765395]}"
00000000000000000cbe_0,0.13080663435513312,0.2301429,0.043897500000000006,0.055255,0.09169250000000001,0.152935,0.2443725,0.40013250000000006,0.33218,329.94314276,4,"{""geodesic"":false,""type"":""Point"",""coordinates"":[38.24004448888607,-3.4979721544982554]}"
00000000000000000cbf_0,0.12884329134589223,0.2325154,0.0431,0.05245,0.08781499999999998,0.1461425,0.23469250000000003,0.38709750000000004,0.32390250000000004,330.47293586,4,"{""geodesic"":false,""type"":""Point"",""coordinates"":[38.239504769629505,-3.4974289446739593]}"
00000000000000000cc0_0,0.12852335377932647,0.23003735,0.04447499999999999,0.05352249999999997,0.08737499999999998,0.1487,0.2375525,0.37950750000000005,0.31446999999999997,334.26010202,4,"{""geodesic"":false,""type"":""Point"",""coordinates"":[38.24976688929372,-3.4985227824734517]}"
00000000000000000cec_0,0.0871114630766185,0.17021875,0.038012500000000005,0.0475275,0.08313999999999999,0.1474625,0.2079625,0.267995,0.22812,328.91773676,4,"{""geodesic"":false,""type"":""Point"",""coordinates"":[38.273509776431254,-3.529751092859726]}"
00000000000000000ced_0,0.0926969759308785,0.18528654,0.0353175,0.04593249999999999,0.08017000000000002,0.13621499999999997,0.19817250000000003,0.2550425,0.21569,329.3176451,4,"{""geodesic"":false,""type"":""Point"",""coordinates"":[38.27297065220543,-3.528393733524309]}"
00000000000000000cee_0,0.0993263509858878,0.19579105,0.037215,0.04629,0.08033499999999999,0.13690249999999998,0.20356249999999998,0.27201000000000003,0.23043000000000002,329.38942352000004,4,"{""geodesic"":false,""type"":""Point"",""coordinates"":[38.27189092945947,-3.5275787240293073]}"
00000000000000000cef_0,0.11085131793638245,0.21573763,0.0386175,0.04799500000000001,0.08121499999999998,0.13176,0.20425,0.27388,0.22627750000000002,329.51589026,4,"{""geodesic"":false,""type"":""Point"",""coordinates"":[38.270810362739404,-3.5278492615237305]}"
00000000000000000cf0_0,0.11250272781120424,0.21490976,0.0351525,0.04403499999999999,0.0777775,0.145015,0.22440749999999998,0.3482675,0.30363500000000004,329.23903064,4,"{""geodesic"":false,""type"":""Point"",""coordinates"":[38.2735125161771,-3.526223060206592]}"
00000000000000000cf1_0,0.1155088346424596,0.22012997,0.03490499999999999,0.04425499999999999,0.07862999999999998,0.1435575,0.22460000000000002,0.338285,0.2880425,328.19311652,4,"{""geodesic"":false,""type"":""Point"",""coordinates"":[38.27486316932496,-3.525952730285416]}"
00000000000000000cf2_0,0.10489997908970514,0.19855542,0.038012500000000005,0.046867500000000006,0.08344249999999998,0.15034999999999998,0.22484749999999998,0.33625,0.296375,328.42212386,4,"{""geodesic"":false,""type"":""Point"",""coordinates"":[38.27567364502072,-3.525681976401349]}"
00000000000000000cf3_0,0.11349527235681776,0.21241502,0.03892000000000001,0.04915,0.085285,0.14539999999999997,0.22383000000000003,0.3261025,0.28125,328.45288603999995,4,"{""geodesic"":false,""type"":""Point"",""coordinates"":[38.27810507007008,-3.524869709906511]}"
00000000000000000cf4_0,0.10936882329687701,0.1972248,0.043045,0.05456749999999999,0.09469,0.15794000000000002,0.235545,0.32695500000000005,0.281965,328.10766602,4,"{""geodesic"":false,""type"":""Point"",""coordinates"":[38.2799956894423,-3.5248711796449608]}"
00000000000000000cf5_0,0.10082736427713847,0.19386685,0.03768250000000001,0.04967250000000001,0.0875125,0.14116499999999998,0.20906249999999998,0.2866125,0.24778250000000002,328.31958326,4,"{""geodesic"":false,""type"":""Point"",""coordinates"":[38.282426486941795,-3.524873063646488]}"
00000000000000000cf6_0,0.10248849537828149,0.1908738,0.0416425,0.05242249999999998,0.08938249999999998,0.15032250000000003,0.22124500000000002,0.30916250000000006,0.2651625,329.09547380000004,4,"{""geodesic"":false,""type"":""Point"",""coordinates"":[38.28377651535313,-3.5254168830816712]}"
00000000000000000cf7_0,0.10810241856258476,0.20354466,0.037709999999999994,0.047609999999999986,0.08374500000000001,0.14919500000000002,0.2254525,0.33671750000000006,0.29192,329.26979282,4,"{""geodesic"":false,""type"":""Point"",""coordinates"":[38.2829652091872,-3.5267731954026833]}"
00000000000000000cf8_0,0.09536671514647836,0.17912725,0.032759999999999984,0.040679999999999994,0.08017000000000002,0.17353249999999998,0.24926750000000003,0.38597,0.35690249999999996,327.49925845999996,4,"{""geodesic"":false,""type"":""Point"",""coordinates"":[38.180885708884944,-3.5117626296467415]}"
00000000000000000cf9_0,0.0941741490916684,0.17809023,0.031797500000000006,0.04013,0.07796999999999998,0.17171750000000002,0.24613250000000003,0.38374250000000004,0.3532175,327.61205312,4,"{""geodesic"":false,""type"":""Point"",""coordinates"":[38.18034602534749,-3.5112193917049606]}"
00000000000000000cfa_0,0.09638845614858763,0.18347324,0.0321825,0.04032250000000001,0.0777775,0.1658325,0.2403575,0.3769775,0.3448575,327.14720239999997,4,"{""geodesic"":false,""type"":""Point"",""coordinates"":[38.17980657918519,-3.5104047723930947]}"
00000000000000000cfb_0,0.09701697445031932,0.18421789,0.030752499999999988,0.03966249999999999,0.07667750000000001,0.16781249999999998,0.2436025,0.3775825,0.34452750000000004,327.06858794,4,"{""geodesic"":false,""type"":""Point"",""coordinates"":[38.17953721158846,-3.5095903909216832]}"
00000000000000000cfc_0,0.0982836917811725,0.18942189,0.03204499999999999,0.040102499999999985,0.07524750000000002,0.15816000000000002,0.23208,0.367435,0.33526000000000006,327.05833387999996,4,"{""geodesic"":false,""type"":""Point"",""coordinates"":[38.17953768508162,-3.5090476285486725]}"
00000000000000000cfd_0,0.10073589769437923,0.19218953,0.03130250000000001,0.03991,0.07582499999999998,0.1617075,0.2386525,0.37145,0.33495749999999996,326.60373721999997,4,"{""geodesic"":false,""type"":""Point"",""coordinates"":[38.17899752996683,-3.509047152650517]}"
00000000000000000cfe_0,0.10157514020997027,0.19182621,0.0328425,0.04230249999999999,0.07986749999999998,0.16220250000000003,0.23920249999999998,0.371395,0.33504000000000006,327.13694834,4,"{""geodesic"":false,""type"":""Point"",""coordinates"":[38.17872603033395,-3.510675201351836]}"
00000000000000000cff_0,0.09509241375421185,0.18143249,0.03163250000000001,0.039360000000000006,0.07725500000000002,0.16737249999999998,0.2415675,0.37543750000000004,0.34466500000000005,326.91477704,4,"{""geodesic"":false,""type"":""Point"",""coordinates"":[38.17953484301737,-3.5123042026911206]}"
00000000000000000d00_0,0.09968655259236418,0.19248016,0.03187999999999999,0.03977249999999999,0.07535750000000002,0.156675,0.231365,0.3650425,0.3310525,327.73851986,4,"{""geodesic"":false,""type"":""Point"",""coordinates"":[38.17953555378213,-3.5114900591770266]}"
00000000000000000d01_0,0.09372822299651569,0.17715381,0.03231999999999999,0.040459999999999996,0.079015,0.1718,0.24577500000000002,0.37928750000000006,0.35019249999999996,326.9763014,4,"{""geodesic"":false,""type"":""Point"",""coordinates"":[38.18061492056261,-3.5125765356745267]}"
00000000000000000d02_0,0.09398199336597689,0.18205151,0.03163250000000001,0.038534999999999986,0.073625,0.16173500000000002,0.23373,0.36922250000000006,0.3462325,328.05981374,4,"{""geodesic"":false,""type"":""Point"",""coordinates"":[38.18142326467134,-3.5147482990326586]}"
00000000000000000d03_0,0.0933642751426149,0.1810198,0.031055,0.038589999999999985,0.07456000000000002,0.16168,0.23315249999999998,0.36782,0.34054,327.15062042,4,"{""geodesic"":false,""type"":""Point"",""coordinates"":[38.181154131778804,-3.5136625362108824]}"
00000000000000000d04_0,0.09477728760495233,0.18191074,0.03193499999999999,0.03919500000000001,0.0749725,0.1647325,0.2379925,0.37318250000000003,0.34510500000000005,326.68235168,4,"{""geodesic"":false,""type"":""Point"",""coordinates"":[38.18277318921676,-3.5152922493462935]}"
00000000000000000d05_0,0.09787194551723645,0.1870071,0.0323475,0.03955249999999999,0.07480749999999997,0.16390749999999998,0.23931249999999998,0.37381500000000006,0.339,326.7712202,4,"{""geodesic"":false,""type"":""Point"",""coordinates"":[38.182502164315714,-3.5163775373560546]}"
00000000000000000d06_0,0.09654077334126063,0.18664739,0.03168750000000001,0.039167499999999994,0.07436749999999998,0.1595625,0.23279500000000003,0.36267750000000004,0.3291825,327.23948894,4,"{""geodesic"":false,""type"":""Point"",""coordinates"":[38.18169192474717,-3.516376824485626]}"
00000000000000000d07_0,0.09368905476127001,0.17821464,0.031962500000000005,0.039855,0.07601750000000002,0.16935250000000002,0.242805,0.38145999999999997,0.35066,327.62572520000003,4,"{""geodesic"":false,""type"":""Point"",""coordinates"":[38.18250145513271,-3.5171916813914432]}"
00000000000000000d08_0,0.09241268846408303,0.17559245,0.03171499999999999,0.03971749999999999,0.07681500000000002,0.1713325,0.24431750000000002,0.3769775,0.3433725,326.69944178000003,4,"{""geodesic"":false,""type"":""Point"",""coordinates"":[38.18358201185167,-3.516921249590488]}"
00000000000000000d09_0,0.09606459996287355,0.18399313,0.03193499999999999,0.039580000000000004,0.07637500000000003,0.16410000000000002,0.2381025,0.37277,0.3457375,326.58664712,4,"{""geodesic"":false,""type"":""Point"",""coordinates"":[38.18358295606979,-3.5158357239066014]}"
00000000000000000d0a_0,0.09452243562139355,0.18303685,0.03171499999999999,0.03842499999999999,0.07414749999999998,0.16165249999999998,0.2340875,0.37013,0.3444175,328.23413275999997,4,"{""geodesic"":false,""type"":""Point"",""coordinates"":[38.18250405466276,-3.5142064865247944]}"
00000000000000000d0b_0,0.11244679424283707,0.20461711,0.03465750000000001,0.0442275,0.08511999999999997,0.17028749999999998,0.2579025,0.40973,0.36047750000000006,327.89233076,4,"{""geodesic"":false,""type"":""Point"",""coordinates"":[38.173859378593505,-3.5166412777623752]}"
00000000000000000d0c_0,0.11964679911699776,0.19389588,0.05014000000000002,0.06430249999999998,0.1172125,0.20139,0.2982725,0.4345075,0.36364,326.43283622,4,"{""geodesic"":false,""type"":""Point"",""coordinates"":[38.172509699707014,-3.5158259346158403]}"
00000000000000000d0d_0,0.11672654414812772,0.20429824,0.03776499999999999,0.04926,0.09309499999999998,0.1809575,0.27388,0.42229750000000005,0.3572325,326.45676235999997,4,"{""geodesic"":false,""type"":""Point"",""coordinates"":[38.173050813932356,-3.5147408923726617]}"
00000000000000000d0e_0,0.11220587824824857,0.20240997,0.03584000000000001,0.04502500000000001,0.08511999999999997,0.1742475,0.2626875,0.40857499999999997,0.3543175,326.75754812,4,"{""geodesic"":false,""type"":""Point"",""coordinates"":[38.17386200518999,-3.513656089362467]}"
00000000000000000d0f_0,0.130817527581515,0.24071407,0.04122999999999999,0.050580000000000014,0.08066499999999999,0.13844250000000002,0.2262225,0.38066249999999996,0.31326000000000004,327.41722598,4,"{""geodesic"":false,""type"":""Point"",""coordinates"":[38.19576110969719,-3.4870797897054033]}"
00000000000000000d10_0,0.12593422718147587,0.23597759,0.038479999999999986,0.0471975,0.07774999999999999,0.139075,0.224985,0.37557500000000005,0.31405750000000004,328.34009138,4,"{""geodesic"":false,""type"":""Point"",""coordinates"":[38.19603187354622,-3.4862658740783505]}"
00000000000000000d11_0,0.13193482144347804,0.24387524,0.0417525,0.05107499999999998,0.08052749999999997,0.13475749999999997,0.22168500000000002,0.37813250000000004,0.31039999999999995,328.02563354,4,"{""geodesic"":false,""type"":""Point"",""coordinates"":[38.196572708746935,-3.4854521896577997]}"
00000000000000000d12_0,0.12846844171698169,0.23910874,0.04059750000000001,0.049699999999999994,0.07917999999999997,0.13629750000000002,0.22196,0.38088249999999996,0.3135075,328.22046068,4,"{""geodesic"":false,""type"":""Point"",""coordinates"":[38.1963028671056,-3.4851805757922496]}"
00000000000000000d13_0,0.131126486307329,0.24179602,0.04035,0.05104750000000002,0.07984000000000002,0.1364625,0.22349999999999998,0.37571250000000006,0.30734750000000005,327.20872676,4,"{""geodesic"":false,""type"":""Point"",""coordinates"":[38.19684324103618,-3.4849096559959265]}"
00000000000000000d14_0,0.12454710144927535,0.23786455,0.036032499999999995,0.044584999999999986,0.07491750000000003,0.1356925,0.2203925,0.365125,0.30688,327.44115211999997,4,"{""geodesic"":false,""type"":""Point"",""coordinates"":[38.196301254492745,-3.4870802529693616]}"
00000000000000000d15_0,0.13132671098165166,0.24332032,0.041092500000000004,0.0503325,0.0800325,0.13533499999999998,0.22237250000000003,0.3717525,0.30448749999999997,327.42406202,4,"{""geodesic"":false,""type"":""Point"",""coordinates"":[38.196570635759414,-3.487894631876722]}"
00000000000000000d16_0,0.12698477823821439,0.23993093,0.0388375,0.047087500000000004,0.07678750000000001,0.1348125,0.21992499999999998,0.36298,0.30105,327.18821864,4,"{""geodesic"":false,""type"":""Point"",""coordinates"":[38.19656971396265,-3.4889801617106495]}"
00000000000000000d17_0,0.12397769214509868,0.23730707,0.03669249999999999,0.04480500000000001,0.07546750000000002,0.134785,0.21866000000000002,0.3596525,0.2991525,326.73362198,4,"{""geodesic"":false,""type"":""Point"",""coordinates"":[38.196839326095905,-3.489523158218107]}"
00000000000000000d18_0,0.13394446790715392,0.2456052,0.04235749999999999,0.05132249999999999,0.08138000000000001,0.1366275,0.22559,0.37810499999999997,0.30390999999999996,327.57787292,4,"{""geodesic"":false,""type"":""Point"",""coordinates"":[38.1962987186005,-3.490065459805284]}"
00000000000000000d19_0,0.1364956356545681,0.24651341,0.0441725,0.05418250000000002,0.08275500000000002,0.13709500000000002,0.2268,0.374805,0.301545,327.50951252,4,"{""geodesic"":false,""type"":""Point"",""coordinates"":[38.196298257294615,-3.490608224663957]}"
00000000000000000d1a_0,0.13725555104979603,0.24419251,0.04524500000000001,0.05572250000000001,0.08638499999999999,0.14116499999999998,0.2323825,0.38223,0.30324999999999996,326.907941,4,"{""geodesic"":false,""type"":""Point"",""coordinates"":[38.19629779591655,-3.491150989516295]}"
00000000000000000d1b_0,0.13851460601487547,0.24734324,0.04497000000000001,0.054952500000000015,0.08586250000000001,0.13979000000000003,0.23166750000000003,0.37774749999999996,0.2982725,326.8054004,4,"{""geodesic"":false,""type"":""Point"",""coordinates"":[38.196027260742575,-3.4916935224620764]}"
00000000000000000d1c_0,0.13661815040042535,0.24644928,0.04414499999999999,0.053769999999999984,0.08401999999999998,0.1382775,0.228725,0.37901250000000003,0.3036625,327.32152141999995,4,"{""geodesic"":false,""type"":""Point"",""coordinates"":[38.196838173651145,-3.4908800705493253]}"
00000000000000000d1d_0,0.1344535062723134,0.24422629,0.042440000000000005,0.0519,0.08341500000000002,0.139735,0.230045,0.37816,0.306,327.77270006000003,4,"{""geodesic"":false,""type"":""Point"",""coordinates"":[38.194406818779456,-3.491692129425011]}"
00000000000000000d1e_0,0.13941937213120248,0.24985842,0.04392499999999999,0.054925,0.0839375,0.13742500000000002,0.22897250000000002,0.3786825,0.30336,327.98461729999997,4,"{""geodesic"":false,""type"":""Point"",""coordinates"":[38.19467735477517,-3.4911495971635724]}"
00000000000000000d1f_0,0.14037167167590905,0.24961336,0.04681250000000001,0.056877500000000025,0.08655000000000002,0.1370675,0.2282575,0.37978249999999997,0.30236999999999997,327.99487136,4,"{""geodesic"":false,""type"":""Point"",""coordinates"":[38.195487806195146,-3.490878911319241]}"
00000000000000000d20_0,0.13597429515620185,0.24687262,0.043429999999999996,0.05297249999999998,0.08212249999999999,0.13704,0.2268825,0.37827000000000005,0.30434999999999995,327.97436324,4,"{""geodesic"":false,""type"":""Point"",""coordinates"":[38.195217501750044,-3.491150061592672]}"
00000000000000000d21_0,0.13429158794496832,0.24706112,0.04122999999999999,0.051102499999999995,0.0810225,0.13522499999999998,0.22396749999999999,0.37761000000000006,0.30523000000000006,327.89233076,4,"{""geodesic"":false,""type"":""Point"",""coordinates"":[38.194948352487394,-3.4900643000676292]}"
00000000000000000d22_0,0.14257612256295268,0.25534528,0.0441725,0.053962500000000024,0.08388250000000003,0.1371775,0.231255,0.38487,0.30756750000000005,328.11792008,4,"{""geodesic"":false,""type"":""Point"",""coordinates"":[38.19413767049068,-3.490606367860018]}"
00000000000000000d23_0,0.13377898613986514,0.24852212,0.03969,0.04950750000000001,0.07865749999999999,0.133795,0.22229,0.37596,0.30509250000000004,328.11792008,4,"{""geodesic"":false,""type"":""Point"",""coordinates"":[38.19467804821014,-3.490335450208164]}"
00000000000000000d24_0,0.13736332474291293,0.24949734,0.04288,0.05275249999999998,0.08204,0.1362425,0.22682750000000002,0.37562999999999996,0.30377250000000006,329.26979282,4,"{""geodesic"":false,""type"":""Point"",""coordinates"":[38.194678510409716,-3.4897926855633052]}"
00000000000000000d25_0,0.1308335693696996,0.24099351,0.04252249999999999,0.051734999999999975,0.08132499999999998,0.1360225,0.2224,0.3747225,0.3054225,327.5060945,4,"{""geodesic"":false,""type"":""Point"",""coordinates"":[38.19602979867805,-3.488708315929402]}"
00000000000000000d26_0,0.13147959141337448,0.2403754,0.04189000000000001,0.05253249999999998,0.08201249999999999,0.1377,0.22484749999999998,0.37956249999999997,0.308695,327.63256124,4,"{""geodesic"":false,""type"":""Point"",""coordinates"":[38.19549034523922,-3.48789370513197]}"
00000000000000000d27_0,0.11123771938357217,0.19689414,0.037709999999999994,0.04882,0.09375499999999998,0.17958249999999998,0.26763750000000003,0.4116275,0.354015,327.63597926,4,"{""geodesic"":false,""type"":""Point"",""coordinates"":[38.17223003395477,-3.5266809188519375]}"
00000000000000000d28_0,0.1301674044381642,0.21914671,0.04530000000000001,0.05740000000000001,0.1041225,0.176915,0.2762175,0.41564249999999997,0.34502249999999995,327.65990539999996,4,"{""geodesic"":false,""type"":""Point"",""coordinates"":[38.175472455391734,-3.52505552264064]}"
00000000000000000d29_0,0.11306259101487537,0.18058266,0.05418250000000002,0.06961,0.12351000000000001,0.20733000000000001,0.2987125,0.45095250000000003,0.38267,327.01731764,4,"{""geodesic"":false,""type"":""Point"",""coordinates"":[38.174931334887056,-3.5261405653118674]}"
00000000000000000d2a_0,0.1064396333193686,0.19930138,0.032649999999999985,0.04070750000000001,0.07871250000000002,0.1656125,0.2480575,0.390755,0.34364750000000005,327.84106046,4,"{""geodesic"":false,""type"":""Point"",""coordinates"":[38.17384884976204,-3.528582029428375]}"
00000000000000000d2b_0,0.14090762273901813,0.2505622,0.0352075,0.04502500000000001,0.0843775,0.157885,0.2634575,0.36894750000000004,0.3048175,327.21214478,4,"{""geodesic"":false,""type"":""Point"",""coordinates"":[38.172767558459896,-3.529666587820018]}"
00000000000000000d2c_0,0.1182347081667124,0.21385843,0.03636249999999999,0.045905,0.08536749999999999,0.16558499999999998,0.255675,0.4051375,0.35049500000000006,328.30591118,4,"{""geodesic"":false,""type"":""Point"",""coordinates"":[38.17519687004946,-3.5312970403947403]}"
00000000000000000d2d_0,0.11512437145806872,0.21512024,0.03419,0.043017499999999986,0.07871250000000002,0.15552,0.24076999999999998,0.3907825,0.33935750000000003,327.85473254,4,"{""geodesic"":false,""type"":""Point"",""coordinates"":[38.176818089500706,-3.530484340212937]}"
00000000000000000d2e_0,0.11285829484641886,0.2126448,0.03333749999999999,0.04084499999999999,0.07667750000000001,0.1567575,0.24142999999999998,0.389105,0.3386425,328.70581952,4,"{""geodesic"":false,""type"":""Point"",""coordinates"":[38.178979950079885,-3.529129353469602]}"
00000000000000000d2f_0,0.12367043727840624,0.2249513,0.03966249999999999,0.048765,0.08294750000000001,0.15268749999999998,0.24131999999999998,0.3973275,0.33330750000000003,330.02517523999995,4,"{""geodesic"":false,""type"":""Point"",""coordinates"":[38.1830309648756,-3.5294043168141505]}"
00000000000000000d30_0,0.11536359845271141,0.2064257,0.0386175,0.048435000000000006,0.08811750000000002,0.1696275,0.257875,0.41448750000000006,0.35830500000000004,328.28198504,4,"{""geodesic"":false,""type"":""Point"",""coordinates"":[38.18113895343341,-3.531030934317017]}"
00000000000000000d31_0,0.11883231480536158,0.18509111,0.06204749999999998,0.07802500000000001,0.12978,0.19729249999999998,0.28691500000000003,0.43956750000000006,0.3697725,327.82055234,4,"{""geodesic"":false,""type"":""Point"",""coordinates"":[38.17735323757081,-3.536183819129207]}"
00000000000000000d32_0,0.12360154202452425,0.21404937,0.04299,0.05374249999999997,0.09779749999999998,0.17191,0.2655475,0.4149,0.3457375,326.84983466,4,"{""geodesic"":false,""type"":""Point"",""coordinates"":[38.17762188777644,-3.537812344800511]}"
00000000000000000d33_0,0.13102422406683775,0.21012889,0.05654749999999997,0.0719475,0.11561749999999998,0.1757325,0.2692325,0.419355,0.3509075,327.55394678,4,"{""geodesic"":false,""type"":""Point"",""coordinates"":[38.17356988246764,-3.5386228720781716]}"
00000000000000000d34_0,0.11083394750269289,0.2007632,0.03636249999999999,0.045905,0.08633000000000002,0.1712225,0.2572425,0.4072275,0.35283250000000005,328.91773676,4,"{""geodesic"":false,""type"":""Point"",""coordinates"":[38.17167807774076,-3.5399780811826913]}"
00000000000000000d35_0,0.1147404844290658,0.19500668,0.04486000000000001,0.05624499999999999,0.102885,0.18821749999999998,0.27940750000000003,0.42265500000000006,0.36083499999999996,328.04614166,4,"{""geodesic"":false,""type"":""Point"",""coordinates"":[38.16870737527653,-3.5397040312449626]}"
00000000000000000d36_0,0.11817236439266673,0.20183145,0.045520000000000005,0.058087500000000014,0.10373749999999998,0.1767225,0.2660975,0.39452250000000005,0.33361,328.6511312,4,"{""geodesic"":false,""type"":""Point"",""coordinates"":[38.16681677600314,-3.539702327517423]}"
00000000000000000d37_0,0.13266814486326683,0.24282113,0.034245,0.04211000000000001,0.07940000000000003,0.15392499999999998,0.25265,0.3759875,0.32456250000000003,325.02119396,4,"{""geodesic"":false,""type"":""Point"",""coordinates"":[38.16357575081138,-3.539699397839656]}"
00000000000000000d38_0,0.12141400902868789,0.22443485,0.033365000000000006,0.041669999999999985,0.07917999999999997,0.1584625,0.250175,0.38393499999999997,0.3390275,325.3869221,4,"{""geodesic"":false,""type"":""Point"",""coordinates"":[38.16222654340883,-3.5383412746914966]}"
00000000000000000d39_0,0.12579359220434072,0.23239724,0.032704999999999984,0.04194500000000001,0.07895999999999997,0.1547775,0.24849749999999998,0.37772,0.3296775,324.99043178,4,"{""geodesic"":false,""type"":""Point"",""coordinates"":[38.161957189972696,-3.537526890319114]}"
00000000000000000d3a_0,0.12292368368022567,0.21998197,0.03705,0.046564999999999995,0.08754,0.16654750000000001,0.2604875,0.3912225,0.339825,323.96502578,4,"{""geodesic"":false,""type"":""Point"",""coordinates"":[38.16087709588057,-3.5372545302069587]}"
00000000000000000d3b_0,0.11958903617487514,0.21659717,0.035509999999999986,0.0448875,0.085175,0.16555750000000002,0.25710500000000003,0.39160750000000005,0.343675,324.93574346,4,"{""geodesic"":false,""type"":""Point"",""coordinates"":[38.16114571606912,-3.538883053894254]}"
00000000000000000d3c_0,0.12174758973167617,0.2260634,0.0321275,0.040459999999999996,0.07763999999999999,0.157885,0.25012,0.377665,0.32995250000000004,329.33815322,4,"{""geodesic"":false,""type"":""Point"",""coordinates"":[38.16330371669715,-3.5418701922541036]}"
00000000000000000d3d_0,0.12648611971560902,0.22868884,0.03606000000000001,0.045795,0.08319500000000002,0.15906750000000003,0.2533925,0.3894625,0.3334175,329.31422708,4,"{""geodesic"":false,""type"":""Point"",""coordinates"":[38.16303192403625,-3.5437696063395667]}"
00000000000000000d3e_0,0.12347015733391076,0.23171982,0.0326225,0.04065250000000001,0.07615499999999997,0.15076250000000002,0.241705,0.37761000000000006,0.3298425,329.20485044,4,"{""geodesic"":false,""type"":""Point"",""coordinates"":[38.15952276028536,-3.5415953770947173]}"
00000000000000000d3f_0,0.12471522010729771,0.22817504,0.03528999999999999,0.043649999999999994,0.08143499999999998,0.15785749999999998,0.2511925,0.39006749999999996,0.33779,325.65010964,4,"{""geodesic"":false,""type"":""Point"",""coordinates"":[38.159794802710955,-3.5394245858650377]}"
00000000000000000d40_0,0.12500633906384703,0.2275853,0.033310000000000006,0.043237499999999984,0.0814625,0.1610475,0.25595,0.38806,0.3359475,325.44844646,4,"{""geodesic"":false,""type"":""Point"",""coordinates"":[38.15817625257443,-3.537252073926471]}"
00000000000000000d41_0,0.12040945546644145,0.2085981,0.04002,0.05195499999999997,0.09686250000000002,0.17856500000000003,0.2726975,0.41217750000000003,0.3533,325.68428984,4,"{""geodesic"":false,""type"":""Point"",""coordinates"":[38.158178210756056,-3.535081037507626]}"
00000000000000000d42_0,0.12933611350082383,0.22036521,0.04373250000000001,0.05597000000000002,0.0993925,0.17259750000000001,0.2701675,0.4164125,0.35319000000000006,325.8483548,4,"{""geodesic"":false,""type"":""Point"",""coordinates"":[38.15791008475688,-3.532909755226755]}"
00000000000000000d43_0,0.1115976636197186,0.20211132,0.03465750000000001,0.0441725,0.08500999999999997,0.1740275,0.2621925,0.40277250000000003,0.3565175,326.36789383999997,4,"{""geodesic"":false,""type"":""Point"",""coordinates"":[38.15682779295182,-3.5350798071657286]}"
00000000000000000d44_0,0.11005902606984751,0.19775915,0.0343,0.044529999999999986,0.085725,0.17972,0.268325,0.40516500000000005,0.36045,328.01537948,4,"{""geodesic"":false,""type"":""Point"",""coordinates"":[38.153321627271474,-3.5296490143847414]}"
00000000000000000d45_0,0.11272995051719512,0.20387657,0.03383249999999999,0.043127499999999985,0.0836075,0.17589749999999998,0.2659875,0.39972,0.3513475,328.07348582,4,"{""geodesic"":false,""type"":""Point"",""coordinates"":[38.152241792677856,-3.5291052677648818]}"
00000000000000000d46_0,0.1113884951446041,0.2034449,0.034245,0.04367750000000001,0.08289249999999998,0.17006749999999998,0.25694,0.388005,0.34073250000000005,329.26295677999997,4,"{""geodesic"":false,""type"":""Point"",""coordinates"":[38.15224007017692,-3.5310049219600343]}"
00000000000000000d47_0,0.11661671037841892,0.2164704,0.032484999999999986,0.04111999999999999,0.07802500000000001,0.16110249999999998,0.25012,0.3722475,0.3273675,327.0104816,4,"{""geodesic"":false,""type"":""Point"",""coordinates"":[38.15062031817426,-3.530189299460859]}"
00000000000000000d48_0,0.11074252186081526,0.20580117,0.03193499999999999,0.041092500000000004,0.07920749999999999,0.16544750000000003,0.2511925,0.38605249999999997,0.343015,327.2668331,4,"{""geodesic"":false,""type"":""Point"",""coordinates"":[38.15143031692857,-3.5304614214254744]}"
00000000000000000d49_0,0.10647734130186634,0.20161699,0.0327325,0.04076250000000001,0.07703500000000002,0.15948,0.2400275,0.36661000000000005,0.32148250000000006,326.94553922,4,"{""geodesic"":false,""type"":""Point"",""coordinates"":[38.14764669831151,-3.533171736803333]}"
00000000000000000d4a_0,0.1599800927932701,0.2872059,0.03611500000000001,0.046509999999999996,0.08412999999999998,0.1360225,0.2456375,0.3314925,0.2721475,326.88059683999995,4,"{""geodesic"":false,""type"":""Point"",""coordinates"":[38.14386405507221,-3.5347965170250184]}"
00000000000000000d4b_0,0.12939954550069116,0.2370776,0.03716,0.0475825,0.084625,0.14663749999999998,0.2377725,0.347195,0.2885375,326.81907248,4,"{""geodesic"":false,""type"":""Point"",""coordinates"":[38.14386505026835,-3.5337110028159753]}"
00000000000000000d4c_0,0.1327358483283543,0.24366662,0.03465750000000001,0.04543749999999999,0.08281,0.146775,0.2413475,0.35079750000000004,0.3022875,326.57639306,4,"{""geodesic"":false,""type"":""Point"",""coordinates"":[38.14386579646361,-3.532896867142334]}"
00000000000000000d4d_0,0.13294124130980778,0.24963878,0.03328249999999999,0.043127499999999985,0.07854749999999999,0.13957000000000003,0.23243750000000002,0.34386750000000005,0.29302,327.05491586,4,"{""geodesic"":false,""type"":""Point"",""coordinates"":[38.143325632561904,-3.5328963671909723]}"
00000000000000000d4e_0,0.15591596611640646,0.28295258,0.03534499999999999,0.045630000000000004,0.08237,0.13519750000000003,0.2418975,0.333115,0.277235,326.75071207999997,4,"{""geodesic"":false,""type"":""Point"",""coordinates"":[38.14359571450314,-3.5328966172060587]}"
00000000000000000d4f_0,0.15591596611640646,0.28295258,0.03534499999999999,0.045630000000000004,0.08237,0.13519750000000003,0.2418975,0.333115,0.277235,326.75071207999997,4,"{""geodesic"":false,""type"":""Point"",""coordinates"":[38.14359571450314,-3.5328966172060587]}"
00000000000000000d50_0,0.1397241726754621,0.25888702,0.03476750000000001,0.04386999999999999,0.0808025,0.139735,0.23736000000000002,0.34186,0.29236,326.97971942000004,4,"{""geodesic"":false,""type"":""Point"",""coordinates"":[38.143325881412075,-3.5326249886683785]}"
00000000000000000d51_0,0.1555292624792084,0.2882443,0.036500000000000005,0.047774999999999984,0.08209499999999997,0.12318000000000001,0.22294999999999998,0.2964025,0.2438225,326.73020396,4,"{""geodesic"":false,""type"":""Point"",""coordinates"":[38.14413364004463,-3.5353395241505243]}"
00000000000000000d52_0,0.10617578232874525,0.20081721,0.032704999999999984,0.04100999999999999,0.0772275,0.1598925,0.2402475,0.36812249999999996,0.3235725,327.62230718,4,"{""geodesic"":false,""type"":""Point"",""coordinates"":[38.148185377837066,-3.5348005074368736]}"
00000000000000000d53_0,0.10534997802957731,0.19812314,0.03226499999999999,0.0414775,0.07805250000000002,0.16277999999999998,0.24321750000000003,0.372385,0.32778,327.53685668,4,"{""geodesic"":false,""type"":""Point"",""coordinates"":[38.147105046685816,-3.534799511726394]}"
00000000000000000d54_0,0.11015848272278508,0.20865342,0.0328425,0.0416975,0.07626499999999997,0.1547775,0.23639749999999998,0.36012000000000005,0.31392000000000003,327.11644021999996,4,"{""geodesic"":false,""type"":""Point"",""coordinates"":[38.14656488122508,-3.534799013398033]}"
00000000000000000d55_0,0.10972409656620186,0.21012889,0.03242999999999999,0.04073499999999999,0.07577,0.151285,0.23177750000000003,0.353795,0.31202250000000004,325.42793833999997,4,"{""geodesic"":false,""type"":""Point"",""coordinates"":[38.145755626176864,-3.533712750566848]}"
00000000000000000d56_0,0.1013602959591839,0.19152834,0.031659999999999994,0.040982500000000005,0.0773375,0.16443000000000002,0.24233749999999998,0.37447500000000006,0.33746000000000004,326.49436058000003,4,"{""geodesic"":false,""type"":""Point"",""coordinates"":[38.14548479889066,-3.5345266371298694]}"
00000000000000000d57_0,0.10789725312934634,0.20232898,0.032649999999999985,0.04189000000000001,0.07802500000000001,0.1614875,0.24341000000000002,0.371725,0.32412250000000004,327.04807982,4,"{""geodesic"":false,""type"":""Point"",""coordinates"":[38.146835459856035,-3.5342565050777273]}"
00000000000000000d58_0,0.1055292423275081,0.20284618,0.03141250000000001,0.040185,0.07472499999999999,0.1536225,0.23180499999999998,0.36133,0.31994249999999996,326.20382888,4,"{""geodesic"":false,""type"":""Point"",""coordinates"":[38.14656612124913,-3.533442119672102]}"
00000000000000000d59_0,0.10891355734418477,0.20497593,0.034245,0.04386999999999999,0.08176499999999998,0.1553,0.23537999999999998,0.36452,0.32002500000000006,326.13205045999996,4,"{""geodesic"":false,""type"":""Point"",""coordinates"":[38.14602670090475,-3.5326274850805097]}"
00000000000000000d5a_0,0.10581211336498345,0.19858861,0.032072500000000004,0.041614999999999985,0.07813500000000001,0.1632475,0.2441525,0.37755500000000003,0.33493,327.33861152,4,"{""geodesic"":false,""type"":""Point"",""coordinates"":[38.14872628571616,-3.5339868681284656]}"
00000000000000000d5b_0,0.11550345595126524,0.2167261,0.031604999999999994,0.04084499999999999,0.07717249999999998,0.156785,0.24354750000000003,0.365895,0.31711000000000006,327.14036636000003,4,"{""geodesic"":false,""type"":""Point"",""coordinates"":[38.1484569453488,-3.5331724828866773]}"
00000000000000000d5c_0,0.11165158288543867,0.21032321,0.031219999999999998,0.04070750000000001,0.07676,0.15807749999999998,0.2422825,0.36413500000000004,0.31766,326.97971942000004,4,"{""geodesic"":false,""type"":""Point"",""coordinates"":[38.14818760529911,-3.5323580976664615]}"
00000000000000000d5d_0,0.11069057920245004,0.20707297,0.032484999999999986,0.0413675,0.07763999999999999,0.1613775,0.24566500000000002,0.37389750000000005,0.3285225,327.34544756,4,"{""geodesic"":false,""type"":""Point"",""coordinates"":[38.15034678183355,-3.533988358038254]}"
00000000000000000d5e_0,0.11052642929543442,0.20616075,0.0326775,0.0415325,0.07849250000000002,0.1628075,0.24736999999999998,0.37606999999999996,0.330695,327.44798816,4,"{""geodesic"":false,""type"":""Point"",""coordinates"":[38.150347522438096,-3.5331742209892067]}"
00000000000000000d5f_0,0.10900118013088726,0.20340957,0.03209999999999999,0.0413675,0.078575,0.16412749999999998,0.2479475,0.37469500000000006,0.33000749999999995,327.1984727,4,"{""geodesic"":false,""type"":""Point"",""coordinates"":[38.150348016079064,-3.5326314629484825]}"
00000000000000000d60_0,0.1116235046293331,0.20482457,0.03364,0.04351250000000001,0.08179249999999999,0.16745500000000002,0.2537225,0.38184500000000005,0.3320975,327.94360106,4,"{""geodesic"":false,""type"":""Point"",""coordinates"":[38.1503457940937,-3.5350738740811742]}"
00000000000000000d61_0,0.10798063795457362,0.18522517,0.039112499999999994,0.05143249999999999,0.09953000000000001,0.19996000000000003,0.290875,0.43467249999999996,0.384925,325.32539773999997,4,"{""geodesic"":false,""type"":""Point"",""coordinates"":[38.154947264067076,-3.523951527443783]}"
00000000000000000d8e_0,0.1537848736459128,0.2654608,0.04497000000000001,0.0568225,0.09094999999999998,0.14248500000000003,0.24547249999999998,0.36545500000000003,0.2879875,329.68679126,4,"{""geodesic"":false,""type"":""Point"",""coordinates"":[38.21222129338444,-3.504190936848881]}"
00000000000000000d93_0,0.15077114599903174,0.2752841,0.04117499999999999,0.0519,0.08300249999999998,0.12625999999999998,0.22218,0.3173575,0.250285,329.07154765999996,4,"{""geodesic"":false,""type"":""Point"",""coordinates"":[38.21276937827709,-3.494692971514109]}"
00000000000000000d94_0,0.14805556487601915,0.27027968,0.03925000000000001,0.05003000000000002,0.08182,0.13104500000000002,0.22812,0.3184575,0.25265,329.36207936,4,"{""geodesic"":false,""type"":""Point"",""coordinates"":[38.21546878299676,-3.496323542658195]}"
00000000000000000d95_0,0.13070442023077114,0.24611242,0.03776499999999999,0.047142500000000004,0.07931749999999999,0.133685,0.22097,0.31656,0.25782,330.01492118,4,"{""geodesic"":false,""type"":""Point"",""coordinates"":[38.216275630459876,-3.5003949777388326]}"
00000000000000000d96_0,0.13879726175278667,0.2575405,0.04139499999999999,0.051102499999999995,0.08129750000000002,0.1284325,0.21753250000000002,0.33014499999999997,0.2644475,330.32254298,4,"{""geodesic"":false,""type"":""Point"",""coordinates"":[38.217894519832214,-3.5022960228332454]}"
00000000000000000d97_0,0.13836684241063543,0.25347468,0.04100999999999999,0.05176249999999999,0.08286500000000002,0.13327250000000002,0.223775,0.353795,0.28444,330.16873208,4,"{""geodesic"":false,""type"":""Point"",""coordinates"":[38.218163021554616,-3.5041959356901557]}"
00000000000000000d98_0,0.1391202861903031,0.25685978,0.04084499999999999,0.0507725,0.08105000000000001,0.13088,0.22135500000000002,0.34496750000000004,0.279545,330.325961,4,"{""geodesic"":false,""type"":""Point"",""coordinates"":[38.216271793229836,-3.505008500252338]}"
00000000000000000d99_0,0.12609402708202236,0.23708287,0.038534999999999986,0.0477475,0.07975749999999998,0.13654500000000003,0.22141,0.34515999999999997,0.2857875,329.90554454,4,"{""geodesic"":false,""type"":""Point"",""coordinates"":[38.22005312372273,-3.5047402861217405]}"
00000000000000000d9a_0,0.13993550577053637,0.25918412,0.040212499999999984,0.050360000000000016,0.07997749999999998,0.12961499999999998,0.22031,0.35269500000000004,0.28389000000000003,330.26785466,4,"{""geodesic"":false,""type"":""Point"",""coordinates"":[38.221674046743814,-3.5041988717661656]}"
00000000000000000d9b_0,0.13031360634745268,0.24191019,0.04139499999999999,0.050937500000000024,0.08209499999999997,0.13418000000000002,0.21981499999999998,0.34686500000000003,0.28455,330.04226534,4,"{""geodesic"":false,""type"":""Point"",""coordinates"":[38.22005357321178,-3.5041975182958347]}"
00000000000000000d9c_0,0.12683931245523797,0.239667,0.03683,0.0464,0.07835500000000001,0.13596750000000002,0.22168500000000002,0.35189750000000003,0.29665,330.58573051999997,4,"{""geodesic"":false,""type"":""Point"",""coordinates"":[38.21924311171291,-3.5044682243664376]}"
00000000000000000d9d_0,0.13706538233159593,0.25081974,0.04144999999999999,0.050634999999999986,0.08253500000000003,0.1365175,0.2279275,0.3632825,0.2955225,331.3855472,4,"{""geodesic"":false,""type"":""Point"",""coordinates"":[38.224106992950276,-3.5014870548472885]}"
00000000000000000d9e_0,0.13894544396892006,0.2553735,0.040679999999999994,0.050112500000000004,0.08149,0.13407000000000002,0.22603,0.354015,0.2886475,329.7790778,4,"{""geodesic"":false,""type"":""Point"",""coordinates"":[38.22410766302933,-3.500672902262051]}"
00000000000000000d9f_0,0.1353270539839044,0.24935058,0.039002499999999996,0.048985,0.08195750000000002,0.13726,0.22845,0.34076,0.2781975,331.03690916,4,"{""geodesic"":false,""type"":""Point"",""coordinates"":[38.225188421661684,-3.500131030754086]}"
00000000000000000da0_0,0.1414577480453786,0.25614354,0.041037500000000005,0.05137750000000002,0.08344249999999998,0.13712249999999998,0.23155750000000003,0.34945,0.28059,329.75173364,4,"{""geodesic"":false,""type"":""Point"",""coordinates"":[38.22464871187861,-3.499587813991012]}"
00000000000000000da1_0,0.1376713635270408,0.2518864,0.040514999999999995,0.050992499999999996,0.0833875,0.1355825,0.2268825,0.33124499999999996,0.2697,329.62184888,4,"{""geodesic"":false,""type"":""Point"",""coordinates"":[38.22491901275401,-3.4993166538827616]}"
00000000000000000da2_0,0.140783512779781,0.25610554,0.04216500000000001,0.05236750000000001,0.08313999999999999,0.133795,0.22592,0.35539000000000004,0.2860075,329.91238058,4,"{""geodesic"":false,""type"":""Point"",""coordinates"":[38.223837808319985,-3.5004012936286117]}"
00000000000000000da3_0,0.13370625841184391,0.2523107,0.037434999999999996,0.04794000000000001,0.07876749999999999,0.1295325,0.216955,0.3383675,0.2783075,330.2063303,4,"{""geodesic"":false,""type"":""Point"",""coordinates"":[38.22329742874588,-3.5006722286698797]}"
00000000000000000da4_0,0.13300677913433157,0.24746025,0.038122500000000004,0.048022499999999996,0.07926250000000001,0.1360225,0.22548,0.35693,0.2941475,330.48318992,4,"{""geodesic"":false,""type"":""Point"",""coordinates"":[38.223296757967255,-3.501486381098084]}"
00000000000000000da5_0,0.13511402044391085,0.24870302,0.04013,0.04983750000000001,0.08138000000000001,0.13649,0.22685500000000003,0.36545500000000003,0.29984,329.85085621999997,4,"{""geodesic"":false,""type"":""Point"",""coordinates"":[38.22356594197286,-3.50257214237779]}"
00000000000000000da6_0,0.13334471294919004,0.24493217,0.0398,0.04961750000000001,0.08223249999999999,0.139075,0.22930250000000002,0.36850750000000004,0.30085750000000006,329.80983998,4,"{""geodesic"":false,""type"":""Point"",""coordinates"":[38.22383557351015,-3.5031151353652783]}"
00000000000000000da7_0,0.12668309218166415,0.23277868,0.037325,0.04810500000000001,0.08259,0.146335,0.23513250000000002,0.36952500000000005,0.30721000000000004,330.34646912,4,"{""geodesic"":false,""type"":""Point"",""coordinates"":[38.22464469310577,-3.5044727300299465]}"
00000000000000000da8_0,0.12944819731977092,0.23684227,0.03831499999999999,0.047719999999999985,0.08250750000000001,0.14705000000000001,0.2383225,0.37035,0.311885,330.50711606,4,"{""geodesic"":false,""type"":""Point"",""coordinates"":[38.22437371973246,-3.505558042247408]}"
00000000000000000da9_0,0.1317771084337349,0.24415775,0.039112499999999994,0.04816000000000001,0.07904250000000002,0.13855250000000002,0.22806500000000002,0.36413500000000004,0.2989325,331.31376878000003,4,"{""geodesic"":false,""type"":""Point"",""coordinates"":[38.22140239698366,-3.5060983343590886]}"
00000000000000000daa_0,0.13658310196305137,0.24486288,0.043182499999999985,0.0532475,0.08445999999999998,0.14226499999999997,0.2345275,0.3735675,0.3006925,331.12919569999997,4,"{""geodesic"":false,""type"":""Point"",""coordinates"":[38.22113186837924,-3.506640876719235]}"
00000000000000000dab_0,0.13384313438062437,0.23709664,0.04574,0.05599749999999998,0.08800750000000002,0.1454275,0.23582000000000003,0.37893000000000004,0.302425,329.81667602,4,"{""geodesic"":false,""type"":""Point"",""coordinates"":[38.22086021576202,-3.508540338652957]}"
00000000000000000dac_0,0.1331396561963308,0.23814744,0.04408999999999999,0.05327500000000002,0.08536749999999999,0.14595000000000002,0.237195,0.37747250000000004,0.3049825,331.09159748,4,"{""geodesic"":false,""type"":""Point"",""coordinates"":[38.22031915560458,-3.5096254223930172]}"
00000000000000000dad_0,0.13397180673625314,0.23556302,0.04689499999999999,0.05852750000000001,0.08993250000000003,0.1444375,0.23345500000000002,0.37681250000000005,0.30107750000000005,331.34111294,4,"{""geodesic"":false,""type"":""Point"",""coordinates"":[38.21896852820478,-3.5098956747999726]}"
00000000000000000dae_0,0.12497235124972346,0.22519945,0.0398,0.04967250000000001,0.084735,0.15502500000000002,0.24514249999999999,0.3823675,0.3206575,329.56374254,4,"{""geodesic"":false,""type"":""Point"",""coordinates"":[38.21680788529028,-3.5098938603402434]}"
00000000000000000daf_0,0.13468267254853733,0.24136995,0.04111999999999999,0.05165249999999999,0.08575250000000001,0.14672000000000002,0.24008250000000003,0.38993000000000005,0.31966750000000005,328.84254032,4,"{""geodesic"":false,""type"":""Point"",""coordinates"":[38.213296842955955,-3.5098909011549546]}"
00000000000000000db0_0,0.12802501765999155,0.23338683,0.03960749999999999,0.050167499999999976,0.085065,0.1457025,0.2344175,0.3451325,0.29115,332.55792806,4,"{""geodesic"":false,""type"":""Point"",""coordinates"":[38.22977642381459,-3.504205596903159]}"
00000000000000000db1_0,0.13825018676849005,0.25623974,0.03803999999999999,0.048765,0.079675,0.13294250000000002,0.224545,0.34373000000000004,0.2824875,332.21954408,4,"{""geodesic"":false,""type"":""Point"",""coordinates"":[38.22869543917875,-3.5050188576934]}"
00000000000000000db2_0,0.1295825882750205,0.23626049,0.03809499999999999,0.046922500000000006,0.08346999999999999,0.15010250000000003,0.24297000000000002,0.3563525,0.3036075,331.93584841999996,4,"{""geodesic"":false,""type"":""Point"",""coordinates"":[38.23031613926535,-3.5047488118934367]}"
00000000000000000db3_0,0.12731945683579837,0.23561853,0.040185,0.050277499999999975,0.084625,0.13877250000000002,0.224325,0.32844,0.2715425,333.39534296,4,"{""geodesic"":false,""type"":""Point"",""coordinates"":[38.22815594715006,-3.5042042575043997]}"
00000000000000000db4_0,0.1274040610044445,0.23423007,0.0398,0.0507725,0.08547749999999998,0.1409725,0.22721249999999998,0.3467275,0.2883175,331.74102128,4,"{""geodesic"":false,""type"":""Point"",""coordinates"":[38.22653569396055,-3.5039315309570034]}"
00000000000000000db5_0,0.12882376199275397,0.2382561,0.038067500000000004,0.04884749999999999,0.08363500000000001,0.14036749999999998,0.22817500000000002,0.3516225,0.295165,331.27275254,4,"{""geodesic"":false,""type"":""Point"",""coordinates"":[38.225186190913064,-3.5028448733781268]}"
00000000000000000db6_0,0.13230821359708922,0.24155754,0.038754999999999984,0.050277499999999975,0.08396500000000001,0.14160499999999998,0.23180499999999998,0.37010250000000006,0.30468,330.63016478,4,"{""geodesic"":false,""type"":""Point"",""coordinates"":[38.22464558665384,-3.5033871931768803]}"
00000000000000000db7_0,0.1491309179440633,0.26598993,0.04381499999999999,0.05462250000000002,0.08586250000000001,0.13340999999999997,0.23010000000000003,0.3457375,0.272835,329.70388135999997,4,"{""geodesic"":false,""type"":""Point"",""coordinates"":[38.22437908038022,-3.4990448213186305]}"
00000000000000000db9_0,0.1439607612840258,0.26516762,0.038479999999999986,0.048242499999999994,0.08019749999999998,0.13263999999999998,0.2283675,0.34961499999999995,0.283065,329.64919304,4,"{""geodesic"":false,""type"":""Point"",""coordinates"":[38.21465245186279,-3.5036502192739776]}"
00000000000000000dba_0,0.13988233970392044,0.2513803,0.03930500000000001,0.05102000000000001,0.08476250000000002,0.14254,0.23826750000000002,0.37178000000000005,0.30509250000000004,329.65602908,4,"{""geodesic"":false,""type"":""Point"",""coordinates"":[38.21438078879842,-3.505549676692602]}"
00000000000000000dbb_0,0.1286704714600696,0.23689242,0.037077499999999985,0.04851749999999999,0.08209499999999997,0.1432,0.23210750000000002,0.36672,0.31012500000000004,330.6506729,4,"{""geodesic"":false,""type"":""Point"",""coordinates"":[38.21410957706314,-3.5069063666880607]}"
00000000000000000dbc_0,0.1379659464367502,0.24879469,0.04054250000000001,0.050827500000000025,0.08432250000000002,0.1425675,0.2370025,0.3786,0.31265499999999996,330.28152674,4,"{""geodesic"":false,""type"":""Point"",""coordinates"":[38.21383813733579,-3.508534439873969]}"
00000000000000000dbd_0,0.13632510077420176,0.23813273,0.04637250000000001,0.056574999999999986,0.09050999999999998,0.14996500000000001,0.2437125,0.3913325,0.3177975,328.71607358,4,"{""geodesic"":false,""type"":""Point"",""coordinates"":[38.213564652496906,-3.512604963761412]}"
00000000000000000dbe_0,0.13565464384534387,0.23947185,0.04565749999999999,0.0563825,0.0902075,0.14515250000000002,0.2365625,0.38366000000000006,0.31095,329.45094788,4,"{""geodesic"":false,""type"":""Point"",""coordinates"":[38.21221379330868,-3.513146588301963]}"
00000000000000000dbf_0,0.13406686415573418,0.24741215,0.03993749999999999,0.05201,0.08443250000000002,0.13250250000000002,0.2196225,0.3220875,0.25562,329.01344131999997,4,"{""geodesic"":false,""type"":""Point"",""coordinates"":[38.203034273270234,-3.509339409821967]}"
00000000000000000dc0_0,0.12961586121437416,0.23585925,0.04321,0.053385000000000016,0.08556000000000002,0.13979000000000003,0.22608499999999998,0.3449125,0.27861,328.24780483999996,4,"{""geodesic"":false,""type"":""Point"",""coordinates"":[38.20168364695986,-3.5096096361296785]}"
00000000000000000dc2_0,0.1351102402425034,0.25374395,0.037544999999999995,0.048022499999999996,0.079345,0.13049500000000003,0.21923750000000003,0.31986,0.2624675,331.71709513999997,4,"{""geodesic"":false,""type"":""Point"",""coordinates"":[38.21438689649148,-3.498222320611075]}"
00000000000000000dd4_0,0.1313162974083178,0.24574451,0.03792999999999999,0.04816000000000001,0.079895,0.1343725,0.22193249999999998,0.3287975,0.267335,330.01492118,4,"{""geodesic"":false,""type"":""Point"",""coordinates"":[38.21654480589459,-3.5014807391813503]}"
00000000000000000dd5_0,0.13530519683443276,0.25598118,0.037325,0.0475275,0.07827250000000002,0.12804749999999998,0.2161575,0.31172000000000005,0.2506425,330.04568336,4,"{""geodesic"":false,""type"":""Point"",""coordinates"":[38.21600465020247,-3.5014802857189298]}"
00000000000000000dd6_0,0.13014130601530668,0.25563875,0.03476750000000001,0.043539999999999995,0.07414749999999998,0.1222725,0.20625749999999998,0.308035,0.253365,328.60669694,4,"{""geodesic"":false,""type"":""Point"",""coordinates"":[38.21357937939733,-3.4949650366231553]}"
00000000000000000dd7_0,0.13733117779798587,0.2616603,0.03641749999999999,0.045685,0.07750249999999997,0.12656250000000002,0.2162675,0.3184575,0.261395,328.23755078,4,"{""geodesic"":false,""type"":""Point"",""coordinates"":[38.21384968111942,-3.494693880107794]}"
00000000000000000dd8_0,0.14058602705903112,0.2642766,0.037242499999999984,0.046922500000000006,0.07898749999999999,0.12815749999999998,0.22022750000000002,0.317495,0.25837,328.51782842,4,"{""geodesic"":false,""type"":""Point"",""coordinates"":[38.213579831349705,-3.4944222695278904]}"
00000000000000000dd9_0,0.1395230847285642,0.26160276,0.039002499999999996,0.04816000000000001,0.0804725,0.128075,0.218825,0.3142225,0.252925,328.49390228,4,"{""geodesic"":false,""type"":""Point"",""coordinates"":[38.21330998173516,-3.4941506589037963]}"
00000000000000000dda_0,0.15077114599903174,0.2752841,0.04117499999999999,0.0519,0.08300249999999998,0.12625999999999998,0.22218,0.3173575,0.250285,329.07154765999996,4,"{""geodesic"":false,""type"":""Point"",""coordinates"":[38.21276937827709,-3.494692971514109]}"
00000000000000000ddb_0,0.15061205069423414,0.27087694,0.04334750000000001,0.05445749999999999,0.08467999999999998,0.1288725,0.22462749999999998,0.31807250000000004,0.250175,329.03394944,4,"{""geodesic"":false,""type"":""Point"",""coordinates"":[38.212499528888365,-3.494421360693107]}"
00000000000000000ddc_0,0.15041601664066562,0.2709698,0.04227500000000001,0.05437500000000001,0.08487250000000002,0.128405,0.2238575,0.31826499999999996,0.2524575,328.89381061999995,4,"{""geodesic"":false,""type"":""Point"",""coordinates"":[38.21249975514838,-3.4941499772138473]}"
00000000000000000ddf_0,0.13665655324590664,0.25690287,0.03738,0.0473625,0.07893250000000002,0.13005499999999998,0.21998,0.31644999999999995,0.2566375,330.42166556,4,"{""geodesic"":false,""type"":""Point"",""coordinates"":[38.21573570114123,-3.500123140604834]}"
00000000000000000de0_0,0.12756177785274514,0.23726337,0.04048750000000001,0.051844999999999974,0.085945,0.1337125,0.21689999999999998,0.3090525,0.255785,332.29474052,4,"{""geodesic"":false,""type"":""Point"",""coordinates"":[38.230595074235474,-3.4938936498441953]}"
00000000000000000de1_0,0.12507333497717052,0.23456164,0.038699999999999984,0.05170750000000002,0.085615,0.1320075,0.2129125,0.30470749999999996,0.2505875,332.56818211999996,4,"{""geodesic"":false,""type"":""Point"",""coordinates"":[38.23167449771453,-3.4949800765277415]}"
00000000000000000de2_0,0.13178221390686423,0.23948134,0.0447225,0.05613499999999999,0.08839249999999998,0.13409749999999998,0.21855000000000002,0.3217575,0.265135,332.4109532,4,"{""geodesic"":false,""type"":""Point"",""coordinates"":[38.23275458525998,-3.495252348145786]}"
00000000000000000de3_0,0.13695132927166997,0.2473517,0.04585,0.056684999999999985,0.08811750000000002,0.13241999999999998,0.21945750000000003,0.33473749999999997,0.27324750000000003,332.60578034,4,"{""geodesic"":false,""type"":""Point"",""coordinates"":[38.23356503696333,-3.494981627667038]}"
00000000000000000de4_0,0.13891759680308666,0.24814343,0.045795,0.057730000000000004,0.0893275,0.13440000000000002,0.223115,0.3305025,0.266235,332.87580391999995,4,"{""geodesic"":false,""type"":""Point"",""coordinates"":[38.232215313541644,-3.4941663658395]}"
00000000000000000de5_0,0.13625106746370624,0.24930573,0.043182499999999985,0.053659999999999985,0.08487250000000002,0.1321175,0.21987,0.3321525,0.2698375,332.57160014,4,"{""geodesic"":false,""type"":""Point"",""coordinates"":[38.23248605178156,-3.49335243313027]}"
00000000000000000de6_0,0.11813028276587792,0.22927648,0.03798499999999999,0.047609999999999986,0.07959250000000001,0.12868000000000002,0.20523999999999998,0.30902500000000005,0.261725,332.93732828,4,"{""geodesic"":false,""type"":""Point"",""coordinates"":[38.23302642523419,-3.4930814912147765]}"
00000000000000000de7_0,0.12676526187034362,0.23605219,0.041917499999999996,0.05297249999999998,0.0838275,0.1318975,0.21340750000000003,0.30841999999999997,0.25111,332.58527222,4,"{""geodesic"":false,""type"":""Point"",""coordinates"":[38.23221685723675,-3.492266672508977]}"
00000000000000000de8_0,0.13477702786634094,0.24291869,0.043897500000000006,0.05407250000000002,0.08776,0.1394875,0.22899999999999998,0.35055,0.2866125,332.07256922,4,"{""geodesic"":false,""type"":""Point"",""coordinates"":[38.23113611084858,-3.4928085551356154]}"
00000000000000000de9_0,0.1428642935204264,0.2571023,0.043045,0.053137500000000004,0.08633000000000002,0.13607750000000002,0.230265,0.351485,0.28521,331.72051316,4,"{""geodesic"":false,""type"":""Point"",""coordinates"":[38.23059617920148,-3.492536726554923]}"
00000000000000000dea_0,0.14405712236096854,0.25587943,0.044694999999999985,0.055117499999999986,0.08798,0.13811250000000003,0.2330975,0.3554175,0.284935,332.11700348,4,"{""geodesic"":false,""type"":""Point"",""coordinates"":[38.22951565323864,-3.4928072224415527]}"
00000000000000000deb_0,0.14853924375387595,0.26207426,0.045355000000000006,0.0567125,0.08778750000000002,0.13539,0.23155750000000003,0.34263000000000005,0.27113,331.76836544,4,"{""geodesic"":false,""type"":""Point"",""coordinates"":[38.22843512691494,-3.493077716941325]}"
00000000000000000dec_0,0.14615539553854676,0.2624412,0.04076250000000001,0.05327500000000002,0.08671499999999999,0.1345925,0.230375,0.33344500000000005,0.2614225,331.01981906000003,4,"{""geodesic"":false,""type"":""Point"",""coordinates"":[38.22735482215451,-3.493076825604049]}"
00000000000000000ded_0,0.1485245095128634,0.2643309,0.0442825,0.055117499999999986,0.08842,0.134015,0.23032000000000002,0.3361125,0.2655475,331.180466,4,"{""geodesic"":false,""type"":""Point"",""coordinates"":[38.227625120147565,-3.49280566408641]}"
00000000000000000dee_0,0.1416357771309633,0.25392964,0.040927500000000006,0.0535775,0.08671499999999999,0.13800250000000003,0.2319425,0.34232750000000006,0.276575,331.19072006,4,"{""geodesic"":false,""type"":""Point"",""coordinates"":[38.22816549402921,-3.4925347252152013]}"
00000000000000000def_0,0.14565262937355963,0.2570142,0.04436499999999999,0.0562725,0.0895475,0.1381675,0.2337575,0.344775,0.275805,330.84208202,4,"{""geodesic"":false,""type"":""Point"",""coordinates"":[38.22789563970227,-3.4922631179651744]}"
00000000000000000df0_0,0.1349161965228547,0.24033909,0.04419999999999999,0.055530000000000024,0.0896575,0.14259500000000003,0.2328225,0.34603999999999996,0.2831475,331.13261372,4,"{""geodesic"":false,""type"":""Point"",""coordinates"":[38.22816615889483,-3.491720571690281]}"
00000000000000000df1_0,0.14244518470640877,0.24630074,0.04904,0.059709999999999985,0.09375499999999998,0.1446575,0.23920249999999998,0.3646025,0.29434,331.23515432,4,"{""geodesic"":false,""type"":""Point"",""coordinates"":[38.22870653200119,-3.491449632327639]}"
00000000000000000df2_0,0.14571460212800402,0.2598449,0.0446675,0.05572250000000001,0.08795249999999999,0.13398749999999998,0.22806500000000002,0.34422500000000006,0.273825,331.71367712,4,"{""geodesic"":false,""type"":""Point"",""coordinates"":[38.22951675940976,-3.4914502994667074]}"
00000000000000000df3_0,0.14595317388232917,0.2618922,0.043017499999999986,0.053605000000000014,0.08492749999999999,0.13451000000000002,0.22996250000000001,0.3466725,0.2752,330.84208202,4,"{""geodesic"":false,""type"":""Point"",""coordinates"":[38.23059684197378,-3.491722572562354]}"
00000000000000000df4_0,0.12907773023379965,0.23786567,0.0412025,0.05214750000000001,0.08522999999999997,0.1363525,0.22146500000000002,0.31031749999999997,0.2531175,330.74295944,4,"{""geodesic"":false,""type"":""Point"",""coordinates"":[38.2308673595647,-3.4911800251211145]}"
00000000000000000df5_0,0.1274089757268604,0.23913553,0.0383975,0.049425,0.08275500000000002,0.13374000000000003,0.2178075,0.3081725,0.252815,331.01981906000003,4,"{""geodesic"":false,""type"":""Point"",""coordinates"":[38.23113721469379,-3.491451631641799]}"
00000000000000000df6_0,0.13634926709149287,0.24604908,0.043429999999999996,0.05387999999999998,0.08715499999999998,0.13811250000000003,0.2282575,0.3383675,0.2735225,331.19413808,4,"{""geodesic"":false,""type"":""Point"",""coordinates"":[38.231136773207496,-3.491994401044076]}"
00000000000000000df7_0,0.12810672362152833,0.23663951,0.0415325,0.05198249999999999,0.08567000000000002,0.13621499999999997,0.22066750000000002,0.32371,0.270635,332.1546017,4,"{""geodesic"":false,""type"":""Point"",""coordinates"":[38.23086537179013,-3.4936224872401747]}"
00000000000000000df8_0,0.13436457900229942,0.24689057,0.042385000000000006,0.05286249999999998,0.08536749999999999,0.13283250000000002,0.21992499999999998,0.3222525,0.2638425,332.52032984,4,"{""geodesic"":false,""type"":""Point"",""coordinates"":[38.22978506578617,-3.4936215985698764]}"
00000000000000000df9_0,0.126289193197889,0.24243587,0.035619999999999985,0.04893,0.08283750000000001,0.1258475,0.206395,0.2931025,0.24209000000000003,331.96661059999997,4,"{""geodesic"":false,""type"":""Point"",""coordinates"":[38.23086426686653,-3.4949794105842114]}"
00000000000000000dfa_0,0.12438069951670698,0.2383695,0.03825999999999999,0.050112500000000004,0.08237,0.1259575,0.20479999999999998,0.285045,0.23639749999999998,332.24688824,4,"{""geodesic"":false,""type"":""Point"",""coordinates"":[38.23086470888778,-3.49443664125135]}"
00000000000000000dfb_0,0.1346027014757904,0.24368978,0.04497000000000001,0.05599749999999998,0.08828249999999999,0.134125,0.22055750000000002,0.3272025,0.2686275,332.67755876,4,"{""geodesic"":false,""type"":""Point"",""coordinates"":[38.23302488280611,-3.4949811848742307]}"
00000000000000000dfc_0,0.12955755837771404,0.23629133,0.043952500000000005,0.055584999999999996,0.08864,0.1349225,0.2184125,0.31458,0.2606525,332.45880548,4,"{""geodesic"":false,""type"":""Point"",""coordinates"":[38.232484508146825,-3.49525212653721]}"
00000000000000000dfd_0,0.13154962891863636,0.24017125,0.043265,0.05530999999999997,0.08844750000000001,0.13354749999999999,0.2179725,0.317935,0.2624125,332.60919836,4,"{""geodesic"":false,""type"":""Point"",""coordinates"":[38.23167493927024,-3.4944373070912125]}"
00000000000000000dfe_0,0.12702911620716312,0.2373131,0.04106499999999999,0.05272500000000002,0.08536749999999999,0.13071500000000003,0.21206000000000003,0.3048175,0.25243,332.84845975999997,4,"{""geodesic"":false,""type"":""Point"",""coordinates"":[38.23113500657181,-3.494165478589837]}"
00000000000000000dff_0,0.11618276713441886,0.21290693,0.04084499999999999,0.05069000000000001,0.0875125,0.151175,0.23296,0.37178000000000005,0.323985,331.42656344,4,"{""geodesic"":false,""type"":""Point"",""coordinates"":[38.242197258875,-3.507743781304896]}"
00000000000000000e00_0,0.1273446196275191,0.23279218,0.043127499999999985,0.053549999999999986,0.08781499999999998,0.1389375,0.22325250000000002,0.3815975,0.3370475,331.1462858,4,"{""geodesic"":false,""type"":""Point"",""coordinates"":[38.241117152694706,-3.507471516939659]}"
00000000000000000e01_0,0.11735979836168872,0.21086666,0.047609999999999986,0.058555000000000024,0.09240749999999998,0.145675,0.2235275,0.35319000000000006,0.2994,331.12577768,4,"{""geodesic"":false,""type"":""Point"",""coordinates"":[38.23976608931845,-3.508284571832006]}"
00000000000000000e02_0,0.11698652511229074,0.20959,0.04681250000000001,0.05800499999999997,0.09287499999999999,0.1485625,0.22735,0.3531625,0.298025,331.05058124,4,"{""geodesic"":false,""type"":""Point"",""coordinates"":[38.23895672350971,-3.5071983699681804]}"
00000000000000000e03_0,0.1177981829822756,0.212476,0.04508000000000001,0.056052500000000005,0.09150000000000003,0.14815,0.22809250000000003,0.35044000000000003,0.29307500000000003,330.96854876,4,"{""geodesic"":false,""type"":""Point"",""coordinates"":[38.238686862119906,-3.506926764307308]}"
00000000000000000e04_0,0.12025750792457768,0.22617368,0.039965,0.048985,0.08267249999999998,0.1384975,0.21945750000000003,0.3762075,0.33647,332.02129892,4,"{""geodesic"":false,""type"":""Point"",""coordinates"":[38.24138810885885,-3.5063861957620444]}"
00000000000000000e05_0,0.12297278128890919,0.22725376,0.03803999999999999,0.04832500000000001,0.0844875,0.1459225,0.23175,0.3914975,0.3459575,331.693169,4,"{""geodesic"":false,""type"":""Point"",""coordinates"":[38.24165775241148,-3.5069291860628087]}"
00000000000000000e06_0,0.12459060809141695,0.22630647,0.042192499999999994,0.051927500000000015,0.0869625,0.146995,0.23298750000000001,0.39125000000000004,0.33856,330.96513074,4,"{""geodesic"":false,""type"":""Point"",""coordinates"":[38.24219791450425,-3.5069296253649025]}"
00000000000000000e07_0,0.12648115043267785,0.22956747,0.04013,0.05102000000000001,0.08666000000000001,0.1475725,0.2355175,0.39116750000000006,0.33671750000000006,331.56328424000003,4,"{""geodesic"":false,""type"":""Point"",""coordinates"":[38.24246777712797,-3.507201230230544]}"
00000000000000000e08_0,0.12374833922032467,0.22853859,0.04078999999999999,0.050580000000000014,0.08520250000000001,0.14179750000000002,0.22581,0.37417249999999996,0.3229125,331.44707156,4,"{""geodesic"":false,""type"":""Point"",""coordinates"":[38.24300728449914,-3.5080158251856863]}"
00000000000000000e09_0,0.1257910171322735,0.22544056,0.04367750000000001,0.05555749999999998,0.09070250000000002,0.14630749999999998,0.231475,0.37854499999999996,0.3258825,331.02323708,4,"{""geodesic"":false,""type"":""Point"",""coordinates"":[38.24246624751428,-3.5091009275096714]}"
00000000000000000e0a_0,0.13275977156419191,0.2341477,0.04659250000000001,0.05792249999999999,0.09207749999999998,0.144905,0.23351,0.36881,0.30888750000000004,331.12919569999997,4,"{""geodesic"":false,""type"":""Point"",""coordinates"":[38.24300641095531,-3.5091013666146664]}"
00000000000000000e0b_0,0.11916509437686011,0.22176442,0.03971749999999999,0.048132499999999995,0.08396500000000001,0.145675,0.2286975,0.37205499999999997,0.32483750000000006,331.44365354,4,"{""geodesic"":false,""type"":""Point"",""coordinates"":[38.24246734018053,-3.5077440008896748]}"
00000000000000000e0c_0,0.14913584042080819,0.2730283,0.03908500000000001,0.05080000000000001,0.08193,0.1278825,0.22394000000000003,0.30982250000000006,0.24308000000000002,330.01492118,4,"{""geodesic"":false,""type"":""Point"",""coordinates"":[38.21520096197115,-3.493609479468772]}"
00000000000000000e0d_0,0.1473351339562818,0.26912227,0.03908500000000001,0.05008499999999999,0.08278249999999998,0.13118249999999998,0.22779,0.32222500000000004,0.2532,330.38748536,4,"{""geodesic"":false,""type"":""Point"",""coordinates"":[38.214931562930126,-3.4927951019637193]}"
00000000000000000e0e_0,0.14743361027575308,0.27008426,0.0415325,0.050634999999999986,0.08237,0.1289825,0.224435,0.328605,0.26147750000000003,329.63893898000003,4,"{""geodesic"":false,""type"":""Point"",""coordinates"":[38.21304035834527,-3.4936076647177132]}"
00000000000000000e12_0,0.13271930264853013,0.2482097,0.038479999999999986,0.04915,0.08190249999999999,0.132145,0.2194025,0.3246725,0.26574000000000003,328.66138526,4,"{""geodesic"":false,""type"":""Point"",""coordinates"":[38.221137477244504,-3.4998562769649113]}"
00000000000000000e13_0,0.14828102415857938,0.26342043,0.045217499999999994,0.056574999999999986,0.08682499999999999,0.13252999999999998,0.22732249999999998,0.34202499999999997,0.26915,330.31570694,4,"{""geodesic"":false,""type"":""Point"",""coordinates"":[38.223838701755966,-3.4993157568894877]}"
00000000000000000e14_0,0.12207622399070207,0.22318883,0.04037750000000001,0.052395000000000025,0.08842,0.1447675,0.22795500000000002,0.3121325,0.25298,328.83570427999996,4,"{""geodesic"":false,""type"":""Point"",""coordinates"":[38.22708030268251,-3.498504290924419]}"
00000000000000000e15_0,0.13082293976539247,0.23924841,0.042330000000000007,0.052092499999999986,0.08476250000000002,0.13877250000000002,0.22605750000000002,0.3181825,0.2591675,332.55109202,4,"{""geodesic"":false,""type"":""Point"",""coordinates"":[38.229779085684264,-3.5009489822884623]}"
00000000000000000e16_0,0.13826947491780334,0.2435398,0.046619999999999995,0.05597000000000002,0.0893275,0.145125,0.23857,0.38608000000000003,0.31229750000000006,333.07404908,4,"{""geodesic"":false,""type"":""Point"",""coordinates"":[38.230858292819036,-3.5023067959569847]}"
00000000000000000e17_0,0.13487039165843626,0.23949607,0.0446675,0.054869999999999974,0.08855750000000001,0.14548250000000001,0.2371125,0.38525499999999996,0.31683500000000003,332.8552958,4,"{""geodesic"":false,""type"":""Point"",""coordinates"":[38.230858071316256,-3.5025781805782015]}"
00000000000000000e18_0,0.1377563627378305,0.24082862,0.04700499999999999,0.058335000000000026,0.09059250000000002,0.1449875,0.236975,0.37832499999999997,0.3059175,333.25862215999996,4,"{""geodesic"":false,""type"":""Point"",""coordinates"":[38.230588435370265,-3.5020351887475183]}"
00000000000000000e19_0,0.13712916866969227,0.24004202,0.04705999999999999,0.05742750000000002,0.09048250000000002,0.14652749999999998,0.23909249999999999,0.37213749999999995,0.30063750000000006,333.15608155999996,4,"{""geodesic"":false,""type"":""Point"",""coordinates"":[38.230318356453246,-3.50203496608273]}"
00000000000000000e1a_0,0.138693937571018,0.24289344,0.04727999999999999,0.05888500000000002,0.09064749999999999,0.1422925,0.23359249999999998,0.3653175,0.29588000000000003,332.8211156,4,"{""geodesic"":false,""type"":""Point"",""coordinates"":[38.230588878444976,-3.5014924195317243]}"
00000000000000000e1b_0,0.13815395469797287,0.24267673,0.046015,0.05709750000000002,0.09017999999999998,0.14451999999999998,0.23714000000000002,0.3825325,0.310235,332.32208468,4,"{""geodesic"":false,""type"":""Point"",""coordinates"":[38.23112881464661,-3.5017642492010346]}"
00000000000000000e1c_0,0.1417475888084473,0.24570717,0.0471975,0.058967500000000006,0.09105999999999997,0.14528999999999997,0.23994500000000002,0.3903425,0.31592749999999997,332.47247756,4,"{""geodesic"":false,""type"":""Point"",""coordinates"":[38.23112837184835,-3.502307018482802]}"
00000000000000000e1d_0,0.1376417958140278,0.2441453,0.042935,0.053385000000000016,0.08734750000000002,0.1466925,0.2414575,0.3922125,0.32349,332.47247756,4,"{""geodesic"":false,""type"":""Point"",""coordinates"":[38.231398229547665,-3.502578625586266]}"
00000000000000000e1e_0,0.1332698521213305,0.23839776,0.044529999999999986,0.05434749999999999,0.0871825,0.14386,0.23392249999999998,0.372605,0.30465250000000005,332.6843948,4,"{""geodesic"":false,""type"":""Point"",""coordinates"":[38.23031791315392,-3.5025777352575793]}"
0000000000000000022b_0,0.0800751726110226,0.16831915,0.03204499999999999,0.04043250000000001,0.07271749999999999,0.13316250000000002,0.18706250000000002,0.23626000000000003,0.200015,330.0012491,4,"{""geodesic"":false,""type"":""Point"",""coordinates"":[38.28401864932112,-3.5617830390682594]}"
00000000000000000243_0,0.06430734763307476,0.14452827,0.028085,0.0358125,0.066695,0.12614999999999998,0.168775,0.22515000000000002,0.20106000000000002,335.3504504,4,"{""geodesic"":false,""type"":""Point"",""coordinates"":[38.286723819834066,-3.556357387333797]}"
00000000000000000244_0,0.08447742532617783,0.17603451,0.03287000000000001,0.040157499999999985,0.072965,0.1339325,0.19116,0.25419,0.21700999999999998,333.73714496,4,"{""geodesic"":false,""type"":""Point"",""coordinates"":[38.287264432809025,-3.555815030765192]}"
00000000000000000245_0,0.08598991684071206,0.16993554,0.03479499999999999,0.04285249999999999,0.079895,0.15098250000000002,0.2128025,0.290765,0.2513575,333.61409624,4,"{""geodesic"":false,""type"":""Point"",""coordinates"":[38.288075142968815,-3.55527288290465]}"
00000000000000000246_0,0.08895489844447435,0.17954887,0.032759999999999984,0.0415875,0.07560499999999998,0.14149499999999998,0.20342500000000002,0.2743475,0.23560000000000003,332.38019102,4,"{""geodesic"":false,""type"":""Point"",""coordinates"":[38.28834565686406,-3.554730316272303]}"
0000000000000000024c_0,0.07180361196242827,0.14539354,0.033585000000000004,0.042082499999999995,0.079125,0.1518625,0.20353500000000002,0.25419,0.22127249999999998,331.35820304000003,4,"{""geodesic"":false,""type"":""Point"",""coordinates"":[38.277809958956595,-3.55716458960685]}"
0000000000000000024d_0,0.07741881166142373,0.1588717,0.031164999999999998,0.0386725,0.07365250000000001,0.14727,0.20290249999999999,0.2650525,0.228505,331.8811601,4,"{""geodesic"":false,""type"":""Point"",""coordinates"":[38.27699945424887,-3.5574353396707483]}"
0000000000000000024e_0,0.07730061349693254,0.1536637,0.03339249999999999,0.0413675,0.07851999999999998,0.157445,0.21461750000000002,0.279105,0.24220000000000003,331.81963573999997,4,"{""geodesic"":false,""type"":""Point"",""coordinates"":[38.27699903123053,-3.5579781139971636]}"
00000000000000000252_0,0.08343303318430832,0.17537263,0.029349999999999987,0.03611500000000001,0.06895000000000001,0.1370675,0.19536750000000003,0.276795,0.24398750000000002,334.96079612,4,"{""geodesic"":false,""type"":""Point"",""coordinates"":[38.282404769946886,-3.5530973738233085]}"
00000000000000000253_0,0.060526853175413495,0.1321498,0.031247499999999984,0.039222499999999993,0.07315749999999999,0.1338225,0.1745775,0.2148925,0.18423,336.06481657999996,4,"{""geodesic"":false,""type"":""Point"",""coordinates"":[38.28537834062979,-3.5498430338416984]}"
00000000000000000254_0,0.06325389820535451,0.13511926,0.03287000000000001,0.04183500000000001,0.07546750000000002,0.1362425,0.17881249999999999,0.217175,0.18563249999999998,334.05843884,4,"{""geodesic"":false,""type"":""Point"",""coordinates"":[38.2848385659614,-3.5492998391382407]}"
00000000000000000255_0,0.06938457900077055,0.14169376,0.03375,0.041092500000000004,0.07717249999999998,0.151505,0.20152750000000003,0.25782,0.2257,331.90850426,4,"{""geodesic"":false,""type"":""Point"",""coordinates"":[38.28618987882317,-3.5482153356797697]}"
00000000000000000258_0,0.09856215213358063,0.21286373,0.027150000000000007,0.037215,0.06900499999999998,0.11669000000000002,0.17980249999999998,0.22011750000000002,0.17642000000000002,328.43579594,4,"{""geodesic"":false,""type"":""Point"",""coordinates"":[38.29428285448062,-3.561248211819817]}"
00000000000000000259_0,0.10130809426584081,0.21688107,0.030670000000000003,0.038534999999999986,0.06707999999999997,0.11627749999999998,0.18068250000000002,0.243245,0.201115,328.82545022,4,"{""geodesic"":false,""type"":""Point"",""coordinates"":[38.295093773533374,-3.560434669737334]}"
0000000000000000025a_0,0.06535021010028103,0.15327184,0.020907499999999996,0.03339249999999999,0.0680425,0.115535,0.15736250000000002,0.1648425,0.13712249999999998,332.92707422,4,"{""geodesic"":false,""type"":""Point"",""coordinates"":[38.29347544976114,-3.5574481546574543]}"
0000000000000000025b_0,0.0711131391095196,0.14528883,0.030230000000000007,0.0418625,0.08355249999999997,0.14875500000000003,0.1993275,0.23681000000000002,0.20326,329.56374254,4,"{""geodesic"":false,""type"":""Point"",""coordinates"":[38.29158413697314,-3.5582608631796186]}"
0000000000000000025c_0,0.05711171934144738,0.1331259,0.024922499999999986,0.0327325,0.06944499999999998,0.1229325,0.16069,0.18114999999999998,0.15607,333.94564418,4,"{""geodesic"":false,""type"":""Point"",""coordinates"":[38.29239484779068,-3.5577187114591835]}"
0000000000000000025d_0,0.06318744740585178,0.12456375,0.034409999999999996,0.04642750000000001,0.09196749999999998,0.16399000000000002,0.2106575,0.23254750000000002,0.19883250000000002,330.38748536,4,"{""geodesic"":false,""type"":""Point"",""coordinates"":[38.29809308119155,-3.522985331904356]}"
0000000000000000025e_0,0.03433622026887277,0.072201885,0.030862499999999987,0.049699999999999994,0.09865000000000002,0.150185,0.17356,0.1781525,0.1555475,331.37871115999997,4,"{""geodesic"":false,""type"":""Point"",""coordinates"":[38.298903957657195,-3.5221717784727367]}"
0000000000000000025f_0,0.03430210802045657,0.074528806,0.030257499999999993,0.0473625,0.09573500000000001,0.1408625,0.16355000000000003,0.1701225,0.14754499999999998,332.98518056,4,"{""geodesic"":false,""type"":""Point"",""coordinates"":[38.29917404653796,-3.522171982458284]}"
00000000000000000260_0,0.03934182953776415,0.08374159,0.03220999999999999,0.0475275,0.090785,0.14517999999999998,0.17171750000000002,0.18414750000000002,0.1598925,330.88309826,4,"{""geodesic"":false,""type"":""Point"",""coordinates"":[38.29890355153036,-3.5227145558087742]}"
00000000000000000261_0,0.041576021271452684,0.094639435,0.02291499999999999,0.03628000000000001,0.07951000000000003,0.13574750000000002,0.16412749999999998,0.17375249999999998,0.1496075,331.23173629999997,4,"{""geodesic"":false,""type"":""Point"",""coordinates"":[38.300793972581516,-3.5229873710534783]}"
00000000000000000262_0,0.06510288471005223,0.14678752,0.02156749999999999,0.03408,0.0722775,0.1268375,0.17048000000000002,0.16871999999999998,0.13879999999999998,332.09307734000004,4,"{""geodesic"":false,""type"":""Point"",""coordinates"":[38.30133415104811,-3.5229877779400933]}"
00000000000000000263_0,0.04911822031576558,0.105697155,0.0266275,0.039992499999999986,0.0842675,0.146005,0.1805175,0.1875575,0.16212,332.69806688,4,"{""geodesic"":false,""type"":""Point"",""coordinates"":[38.301874936210226,-3.522174017991712]}"
00000000000000000264_0,0.06133804508714424,0.12973766,0.027425000000000005,0.0388375,0.07816250000000002,0.146005,0.18953750000000003,0.2067525,0.17562250000000001,333.58675208,4,"{""geodesic"":false,""type"":""Point"",""coordinates"":[38.30268540536282,-3.5219032382289437]}"
00000000000000000265_0,0.07333866614833694,0.14831562,0.030505000000000004,0.03988249999999999,0.078905,0.15491500000000002,0.20887,0.24555500000000002,0.20942,333.27913028,4,"{""geodesic"":false,""type"":""Point"",""coordinates"":[38.304035649077015,-3.5221756407604987]}"
00000000000000000266_0,0.06961470452755611,0.142093,0.030670000000000003,0.038644999999999985,0.07571499999999998,0.15557500000000002,0.20711000000000002,0.25485,0.2176975,331.6589888,4,"{""geodesic"":false,""type"":""Point"",""coordinates"":[38.30376515660271,-3.5227182160908184]}"
00000000000000000267_0,0.04775668178269466,0.10267357,0.026489999999999986,0.045795,0.09617500000000001,0.138195,0.16982000000000003,0.187145,0.15849000000000002,329.31422708,4,"{""geodesic"":false,""type"":""Point"",""coordinates"":[38.29458457990772,-3.519454619770055]}"
00000000000000000268_0,0.05052916368266092,0.10321389,0.031219999999999998,0.049205,0.09920000000000001,0.151725,0.18664999999999998,0.20859500000000003,0.17889500000000003,329.642357,4,"{""geodesic"":false,""type"":""Point"",""coordinates"":[38.293774316463576,-3.519454004045911]}"
00000000000000000269_0,0.052810509291349,0.11359052,0.027865,0.04403499999999999,0.08875,0.13734249999999998,0.1725425,0.18989499999999998,0.16244999999999998,329.46803797999996,4,"{""geodesic"":false,""type"":""Point"",""coordinates"":[38.29323454994428,-3.518910816460775]}"
0000000000000000026a_0,0.05929067848869188,0.13304605,0.022062499999999985,0.037544999999999995,0.08176499999999998,0.12749749999999999,0.16663,0.1761725,0.14878249999999998,328.36059950000003,4,"{""geodesic"":false,""type"":""Point"",""coordinates"":[38.29620693962878,-3.517013352284734]}"
0000000000000000026b_0,0.06734314746530813,0.12872812,0.03595000000000001,0.04607,0.08677000000000001,0.17812499999999998,0.23076000000000002,0.284495,0.250395,329.83376612,4,"{""geodesic"":false,""type"":""Point"",""coordinates"":[38.29809937683528,-3.5145722839952014]}"
0000000000000000026c_0,0.0702432551330222,0.13725515,0.034135,0.04340250000000001,0.0839375,0.16836250000000003,0.22193249999999998,0.2774275,0.241045,329.73122552,4,"{""geodesic"":false,""type"":""Point"",""coordinates"":[38.29863934745051,-3.5148440801737193]}"
0000000000000000026d_0,0.07216032053386574,0.1314012,0.03955249999999999,0.0503325,0.09653250000000002,0.19578,0.255015,0.32404000000000005,0.28642,327.37962776,4,"{""geodesic"":false,""type"":""Point"",""coordinates"":[38.29431816544703,-3.5145694228470177]}"
0000000000000000026e_0,0.08005868591141604,0.16881913,0.02698500000000001,0.037132499999999985,0.0744225,0.13668249999999998,0.19220500000000001,0.210905,0.18469750000000001,329.35524332,4,"{""geodesic"":false,""type"":""Point"",""coordinates"":[38.29323802414352,-3.514297214170515]}"
0000000000000000026f_0,0.07049113480532819,0.14335574,0.031439999999999996,0.040569999999999995,0.079125,0.1534025,0.204745,0.242035,0.20870500000000003,329.32448114,4,"{""geodesic"":false,""type"":""Point"",""coordinates"":[38.293236798479256,-3.5159255444431534]}"
00000000000000000270_0,0.065782414553018,0.14758514,0.027342499999999992,0.0352075,0.0679325,0.12658999999999998,0.170425,0.2115375,0.18497249999999998,333.74398099999996,4,"{""geodesic"":false,""type"":""Point"",""coordinates"":[38.29405011836067,-3.5118553335157805]}"
00000000000000000271_0,0.07460613822580892,0.15316936,0.031907500000000005,0.04002,0.07390000000000002,0.1470225,0.20020749999999998,0.2334,0.205735,335.18638544,4,"{""geodesic"":false,""type"":""Point"",""coordinates"":[38.29270009890742,-3.5113115316192904]}"
00000000000000000272_0,0.08658860968024493,0.18291318,0.029404999999999987,0.03663749999999999,0.06889499999999998,0.132365,0.1916275,0.24019250000000003,0.2058725,334.26693806000003,4,"{""geodesic"":false,""type"":""Point"",""coordinates"":[38.29296957183026,-3.5121259019247484]}"
00000000000000000273_0,0.0945474786050575,0.1893402,0.030945,0.03955249999999999,0.07434000000000002,0.1439975,0.21126250000000002,0.27212000000000003,0.23243750000000002,334.61899412,4,"{""geodesic"":false,""type"":""Point"",""coordinates"":[38.283518652647096,-3.509404794849214]}"
00000000000000000274_0,0.08511597756545755,0.1589835,0.03746250000000001,0.046015,0.0867425,0.1757325,0.2421725,0.31441500000000006,0.2763,332.24347022,4,"{""geodesic"":false,""type"":""Point"",""coordinates"":[38.284058408053845,-3.509947985920759]}"
00000000000000000275_0,0.06869397671106639,0.15450497,0.02621499999999999,0.035674999999999985,0.06851000000000002,0.12340000000000001,0.16849999999999998,0.189125,0.16118500000000002,336.59460967999996,4,"{""geodesic"":false,""type"":""Point"",""coordinates"":[38.287571152099844,-3.5077795737554145]}"
00000000000000000276_0,0.040272966062499416,0.102629155,0.012685000000000002,0.030202499999999993,0.07337749999999998,0.11097000000000001,0.1363525,0.1373975,0.11801,331.70342306,4,"{""geodesic"":false,""type"":""Point"",""coordinates"":[38.297824415607465,-3.5210854073058435]}"
00000000000000000277_0,0.062017279748658206,0.14041528,0.025142499999999984,0.033915,0.06867499999999999,0.12760749999999998,0.1692975,0.1956425,0.16498000000000002,329.33815322,4,"{""geodesic"":false,""type"":""Point"",""coordinates"":[38.298901926393285,-3.5248856650891134]}"
00000000000000000278_0,0.058508922610698205,0.115311734,0.036967499999999986,0.048242499999999994,0.0925725,0.16456749999999998,0.20746750000000003,0.22553499999999999,0.19685249999999999,329.02369538,4,"{""geodesic"":false,""type"":""Point"",""coordinates"":[38.29944149651878,-3.525700239344987]}"
00000000000000000279_0,0.09203461845770139,0.18401639,0.02979000000000001,0.037132499999999985,0.06930750000000002,0.150295,0.2180825,0.3280825,0.2841925,330.38748536,4,"{""geodesic"":false,""type"":""Point"",""coordinates"":[38.3061965638723,-3.5219058694063015]}"
0000000000000000027a_0,0.08832257585874326,0.17902867,0.028634999999999994,0.03506999999999999,0.067465,0.15012999999999999,0.2156075,0.336745,0.29274500000000003,329.4885461,4,"{""geodesic"":false,""type"":""Point"",""coordinates"":[38.30646705475113,-3.5213632930311984]}"
0000000000000000027b_0,0.050626827412184106,0.10753287,0.031852500000000006,0.04373250000000001,0.08412999999999998,0.144245,0.17900500000000003,0.1910775,0.1632475,331.0779254,4,"{""geodesic"":false,""type"":""Point"",""coordinates"":[38.3013329364204,-3.5246161107498364]}"
0000000000000000027c_0,0.0590042276224946,0.11799997,0.034107499999999985,0.04678499999999999,0.09119749999999999,0.15950750000000002,0.20218750000000002,0.21272000000000002,0.18236000000000002,328.31274722,4,"{""geodesic"":false,""type"":""Point"",""coordinates"":[38.301331923799204,-3.5259730547140733]}"
0000000000000000027d_0,0.060746727515001556,0.13546918,0.022254999999999997,0.042192499999999994,0.08366249999999997,0.12241000000000002,0.16077249999999998,0.17061749999999998,0.1424025,328.92457279999996,4,"{""geodesic"":false,""type"":""Point"",""coordinates"":[38.29512414359229,-3.520269195246065]}"
0000000000000000027e_0,0.09438708379127254,0.18582085,0.03375,0.042550000000000004,0.07582499999999998,0.14694000000000002,0.2140125,0.29258,0.2518525,334.64292026,4,"{""geodesic"":false,""type"":""Point"",""coordinates"":[38.285950442008264,-3.5080497214770294]}"
0000000000000000027f_0,0.0730447837527943,0.16359453,0.025197499999999984,0.03377749999999999,0.06807000000000002,0.1245,0.17320249999999998,0.1987775,0.16913250000000002,334.98814028,4,"{""geodesic"":false,""type"":""Point"",""coordinates"":[38.286761105671985,-3.507507565933995]}"
00000000000000000280_0,0.1069866895536303,0.19632675,0.039112499999999994,0.048077499999999995,0.08611000000000002,0.16277999999999998,0.24231000000000003,0.31012500000000004,0.2626325,331.26249848,4,"{""geodesic"":false,""type"":""Point"",""coordinates"":[38.28324774092096,-3.510490138331258]}"
00000000000000000281_0,0.0999344442242312,0.19519755,0.03333749999999999,0.04117499999999999,0.07909749999999999,0.14864500000000003,0.22075,0.31950249999999997,0.29049,335.87340745999995,4,"{""geodesic"":false,""type"":""Point"",""coordinates"":[38.27785354600742,-3.500716014183826]}"
00000000000000000282_0,0.09644793946928841,0.19007112,0.03182499999999999,0.04054250000000001,0.07618249999999999,0.14817750000000002,0.217725,0.30550499999999997,0.269425,336.19811935999996,4,"{""geodesic"":false,""type"":""Point"",""coordinates"":[38.27839433203521,-3.499902269024021]}"
00000000000000000283_0,0.09406873920280197,0.20039414,0.02547250000000001,0.031797500000000006,0.061277499999999985,0.13085249999999998,0.19644,0.3162575,0.275695,334.85141948,4,"{""geodesic"":false,""type"":""Point"",""coordinates"":[38.282718110241966,-3.4966489434650923]}"
00000000000000000284_0,0.10995308464630106,0.21120541,0.035042500000000004,0.04189000000000001,0.07461499999999999,0.1477925,0.22693750000000001,0.32651500000000006,0.2787475,333.48421148,4,"{""geodesic"":false,""type"":""Point"",""coordinates"":[38.27542406456375,-3.499085806737114]}"
00000000000000000285_0,0.10304604690322161,0.1841736,0.0418075,0.05187249999999999,0.09273749999999997,0.17443999999999998,0.2532,0.3643,0.32788999999999996,333.66194852,4,"{""geodesic"":false,""type"":""Point"",""coordinates"":[38.275692894788534,-3.5007143407093255]}"
00000000000000000286_0,0.0906583531493668,0.16578658,0.037132499999999985,0.04711499999999999,0.08877750000000001,0.18148000000000003,0.2536125,0.36034000000000005,0.32505750000000005,332.1033314,4,"{""geodesic"":false,""type"":""Point"",""coordinates"":[38.27623201562746,-3.502071696777469]}"
00000000000000000287_0,0.09049807738524396,0.14922097,0.058499999999999996,0.07439499999999999,0.12422499999999997,0.1889325,0.25520750000000003,0.333555,0.28724500000000003,331.32744086,4,"{""geodesic"":false,""type"":""Point"",""coordinates"":[38.27731192655276,-3.5026153088511345]}"
00000000000000000288_0,0.11582174151941933,0.20721039,0.0386175,0.04882,0.09006999999999998,0.168555,0.25666500000000003,0.377005,0.3227475,334.10970914,4,"{""geodesic"":false,""type"":""Point"",""coordinates"":[38.28730907279976,-3.4971952312732615]}"
00000000000000000289_0,0.07764818402133301,0.16602334,0.028579999999999994,0.03768250000000001,0.07131500000000002,0.1323375,0.1850275,0.20301249999999998,0.1700125,337.62685172,4,"{""geodesic"":false,""type"":""Point"",""coordinates"":[38.28757546374643,-3.502080423583096]}"
0000000000000000028a_0,0.06763588330262066,0.15324862,0.022749999999999992,0.03220999999999999,0.06897750000000002,0.12603999999999999,0.1716625,0.18103999999999998,0.15736250000000002,336.7176584,4,"{""geodesic"":false,""type"":""Point"",""coordinates"":[38.28568488708829,-3.5020789786866633]}"
0000000000000000028b_0,0.0662254270888455,0.13337527,0.038534999999999986,0.0471975,0.08300249999999998,0.1498275,0.19594499999999998,0.2313925,0.19872250000000002,334.20199568,4,"{""geodesic"":false,""type"":""Point"",""coordinates"":[38.28244307372848,-3.5031620440606623]}"
0000000000000000028c_0,0.07790180543692746,0.15200554,0.03625249999999999,0.043594999999999995,0.0806925,0.16231250000000003,0.2205025,0.269755,0.2302925,332.35284686,4,"{""geodesic"":false,""type"":""Point"",""coordinates"":[38.28190270202308,-3.5034330163010368]}"
0000000000000000028d_0,0.0783540211400908,0.17732,0.02134749999999999,0.032704999999999984,0.06875749999999997,0.1193575,0.17081000000000002,0.2103275,0.17829,332.55109202,4,"{""geodesic"":false,""type"":""Point"",""coordinates"":[38.2802811705435,-3.504788706091623]}"
0000000000000000028e_0,0.09309401841081541,0.19092312,0.029157500000000003,0.0356475,0.06727250000000001,0.140835,0.2073025,0.3423825,0.29654,331.21122818000003,4,"{""geodesic"":false,""type"":""Point"",""coordinates"":[38.28380316454626,-3.4904078489976316]}"
0000000000000000028f_0,0.09460096185091306,0.19691321,0.030807499999999988,0.03809499999999999,0.07123249999999998,0.13060500000000003,0.1946525,0.33891750000000004,0.30470749999999996,332.31524864,4,"{""geodesic"":false,""type"":""Point"",""coordinates"":[38.28974388423675,-3.491769315636843]}"
00000000000000000290_0,0.10350634701237633,0.20181923,0.035922499999999996,0.04436499999999999,0.07973000000000002,0.14171499999999998,0.21338000000000001,0.3527225,0.301105,331.70000504,4,"{""geodesic"":false,""type"":""Point"",""coordinates"":[38.290824202816935,-3.4917701346481027]}"
00000000000000000291_0,0.10884715979389512,0.21139808,0.03473999999999999,0.042495000000000005,0.07629249999999999,0.14259500000000003,0.219045,0.3477725,0.2937625,330.43191962000003,4,"{""geodesic"":false,""type"":""Point"",""coordinates"":[38.28866397434099,-3.4912257188874105]}"
00000000000000000292_0,0.10213927123064633,0.19636905,0.03449250000000001,0.042385000000000006,0.07871250000000002,0.152495,0.22702,0.33913750000000004,0.2940925,328.58618881999996,4,"{""geodesic"":false,""type"":""Point"",""coordinates"":[38.25815721773623,-3.475733007850852]}"
00000000000000000293_0,0.08453536856684006,0.16868122,0.031604999999999994,0.03803999999999999,0.07323999999999997,0.15552,0.2186325,0.29907,0.264365,331.22490026,4,"{""geodesic"":false,""type"":""Point"",""coordinates"":[38.25680366444328,-3.4798027376368754]}"
00000000000000000294_0,0.08107209929593255,0.16727068,0.029734999999999984,0.037847500000000006,0.07401000000000002,0.14361249999999998,0.20130750000000003,0.2659875,0.23133750000000003,331.46416166,4,"{""geodesic"":false,""type"":""Point"",""coordinates"":[38.25572251576,-3.4808874275655004]}"
00000000000000000295_0,0.09548570706634134,0.16877691,0.03991,0.04967250000000001,0.09455249999999998,0.19448749999999998,0.27346750000000003,0.3733475,0.33154750000000005,332.31866665999996,4,"{""geodesic"":false,""type"":""Point"",""coordinates"":[38.250595818725685,-3.4749128542805994]}"
00000000000000000296_0,0.08682452083362888,0.16817176,0.031384999999999996,0.03925000000000001,0.07604499999999997,0.1664925,0.23381249999999998,0.352805,0.31185749999999995,330.30203486,4,"{""geodesic"":false,""type"":""Point"",""coordinates"":[38.24762351769532,-3.4768101836866405]}"
00000000000000000297_0,0.08813631202374922,0.16064537,0.03776499999999999,0.047554999999999986,0.09072999999999998,0.1851375,0.256005,0.36286999999999997,0.31515750000000003,329.94314276,4,"{""geodesic"":false,""type"":""Point"",""coordinates"":[38.261937399517464,-3.4768215296880167]}"
00000000000000000298_0,0.06577333496872317,0.13303825,0.03408,0.04397999999999999,0.08231499999999997,0.15376,0.20095000000000002,0.2366725,0.20634000000000002,330.57889448000003,4,"{""geodesic"":false,""type"":""Point"",""coordinates"":[38.25950461931403,-3.479533483977837]}"
00000000000000000299_0,0.10318921921131866,0.1910361,0.036885,0.04629,0.08575250000000001,0.16443000000000002,0.24209000000000003,0.3433175,0.2887575,327.87524066000003,4,"{""geodesic"":false,""type"":""Point"",""coordinates"":[38.25653614169188,-3.4765458873882134]}"
0000000000000000029a_0,0.09637209871070793,0.18611796,0.03506999999999999,0.0442275,0.08313999999999999,0.1516425,0.2209975,0.3794525,0.34620500000000004,329.25270272,4,"{""geodesic"":false,""type"":""Point"",""coordinates"":[38.25303244068907,-3.467315973954525]}"
0000000000000000029b_0,0.08723811119020705,0.1606421,0.03751750000000001,0.04744499999999999,0.09086749999999999,0.17961,0.24836000000000003,0.3648225,0.3267625,326.49436058000003,4,"{""geodesic"":false,""type"":""Point"",""coordinates"":[38.24006994565985,-3.4662200715724385]}"
0000000000000000029c_0,0.09212812122818882,0.17023833,0.0355925,0.04543749999999999,0.08798,0.17699750000000003,0.24962499999999999,0.36966250000000006,0.3287975,327.77270006000003,4,"{""geodesic"":false,""type"":""Point"",""coordinates"":[38.24114979047973,-3.4667637124665474]}"
0000000000000000029d_0,0.08718910657218287,0.16346951,0.0352075,0.043484999999999996,0.085945,0.1766125,0.2456375,0.34073250000000005,0.302425,328.10082997999996,4,"{""geodesic"":false,""type"":""Point"",""coordinates"":[38.24141921125829,-3.4675780862778893]}"
0000000000000000029e_0,0.09765919787050123,0.17524804,0.0382325,0.048490000000000005,0.09606500000000001,0.18423,0.2625225,0.369415,0.32205999999999996,326.38156591999996,4,"{""geodesic"":false,""type"":""Point"",""coordinates"":[38.23494581781749,-3.4572602136685924]}"
0000000000000000029f_0,0.0829183790326672,0.16400792,0.030395000000000005,0.0384525,0.07689750000000001,0.16036,0.22327999999999998,0.32239,0.2834225,326.74729406,4,"{""geodesic"":false,""type"":""Point"",""coordinates"":[38.23224515412971,-3.4572580244279583]}"
000000000000000002a0_0,0.09084177953492924,0.17412499,0.03141250000000001,0.0387275,0.07546750000000002,0.1696275,0.241155,0.3787375,0.33641499999999996,327.24974299999997,4,"{""geodesic"":false,""type"":""Point"",""coordinates"":[38.22711279914766,-3.4586107668096857]}"
000000000000000002a1_0,0.08882634888527328,0.17677243,0.029762499999999997,0.03694,0.07065500000000002,0.1552175,0.2218775,0.36449250000000005,0.32244500000000004,326.7541301,4,"{""geodesic"":false,""type"":""Point"",""coordinates"":[38.23143342561637,-3.4591570605429625]}"
000000000000000002a2_0,0.09533378746594005,0.17965864,0.031247499999999984,0.038479999999999986,0.0775575,0.1757325,0.252705,0.39933500000000005,0.35341000000000006,326.90452298,4,"{""geodesic"":false,""type"":""Point"",""coordinates"":[38.226842293051945,-3.459153315138312]}"
000000000000000002a3_0,0.09102749431078165,0.17829427,0.030175000000000007,0.03694,0.07406499999999999,0.16121249999999998,0.2311725,0.32822,0.290655,325.92355124,4,"{""geodesic"":false,""type"":""Point"",""coordinates"":[38.231165544712326,-3.4564429918614135]}"
000000000000000002a4_0,0.10122836445141115,0.1966064,0.03058749999999999,0.038122500000000004,0.07412000000000002,0.1553,0.23131000000000002,0.34252,0.30655000000000004,323.50017506,4,"{""geodesic"":false,""type"":""Point"",""coordinates"":[38.22954646256898,-3.4548133642342003]}"
000000000000000002a5_0,0.08608732573773972,0.16017596,0.03740750000000001,0.04689499999999999,0.09493750000000001,0.17540250000000002,0.24231000000000003,0.33691,0.2845775,326.49094256,4,"{""geodesic"":false,""type"":""Point"",""coordinates"":[38.23224907973053,-3.452373094708632]}"
000000000000000002a6_0,0.08775508717223895,0.16337137,0.03836999999999999,0.04884749999999999,0.0960375,0.1696275,0.235875,0.32332500000000003,0.270525,327.14036636000003,4,"{""geodesic"":false,""type"":""Point"",""coordinates"":[38.23278920956931,-3.4523735325527976]}"
000000000000000002a7_0,0.0939678690512277,0.16868094,0.039112499999999994,0.049754999999999994,0.10137249999999998,0.18486249999999999,0.2598825,0.3711475,0.30602749999999995,323.16520909999997,4,"{""geodesic"":false,""type"":""Point"",""coordinates"":[38.231439321394625,-3.4518296674682056]}"
000000000000000002a8_0,0.09109647543818777,0.16249521,0.042385000000000006,0.0537975,0.10610249999999999,0.18291000000000002,0.2538875,0.36922250000000006,0.30165500000000006,322.91227562,4,"{""geodesic"":false,""type"":""Point"",""coordinates"":[38.23116947490333,-3.4515580633007517]}"
000000000000000002a9_0,0.08724172898973251,0.14954199,0.042715,0.05508999999999997,0.1124,0.2152775,0.290985,0.41382749999999996,0.35242,322.26968786,4,"{""geodesic"":false,""type"":""Point"",""coordinates"":[38.226579037541995,-3.450740170908321]}"
000000000000000002aa_0,0.10643488443415958,0.17226456,0.05613499999999999,0.06983,0.12859749999999998,0.20177499999999998,0.28576,0.41003249999999997,0.336745,321.86977952,4,"{""geodesic"":false,""type"":""Point"",""coordinates"":[38.226579476385545,-3.4501974016167942]}"
000000000000000002ab_0,0.10616822152457714,0.19122356,0.041037500000000005,0.052092499999999986,0.09878749999999997,0.1663825,0.24506,0.37959000000000004,0.31029,321.49721534,4,"{""geodesic"":false,""type"":""Point"",""coordinates"":[38.22604154327568,-3.447483114304353]}"
000000000000000002ac_0,0.10220792513525362,0.18835202,0.0383425,0.04744499999999999,0.09414,0.16566750000000002,0.24255749999999998,0.38366000000000006,0.317495,321.63735416,4,"{""geodesic"":false,""type"":""Point"",""coordinates"":[38.22658166956161,-3.447483555065297]}"
000000000000000002ad_0,0.09636652871348621,0.15977055,0.04835249999999999,0.06045250000000002,0.12037500000000001,0.21989750000000002,0.303525,0.437725,0.369195,323.0626685,4,"{""geodesic"":false,""type"":""Point"",""coordinates"":[38.235219577596304,-3.4526468842263567]}"
000000000000000002ae_0,0.09545892341169332,0.16637088,0.046152499999999985,0.058252499999999985,0.11289500000000002,0.18436750000000002,0.2579575,0.3742825,0.31958499999999995,323.54460932,4,"{""geodesic"":false,""type"":""Point"",""coordinates"":[38.23224995132795,-3.4512875547020956]}"
000000000000000002af_0,0.10931977303197321,0.17852063,0.05041499999999999,0.06509999999999999,0.12422499999999997,0.20430500000000001,0.2931025,0.42380999999999996,0.35085249999999996,321.93130388,4,"{""geodesic"":false,""type"":""Point"",""coordinates"":[38.233060362818826,-3.45101682608858]}"
000000000000000002b0_0,0.09119613280895264,0.15849654,0.04519000000000001,0.058362499999999984,0.11539749999999999,0.19061,0.2624125,0.38101999999999997,0.3159,324.31024579999996,4,"{""geodesic"":false,""type"":""Point"",""coordinates"":[38.236301138905056,-3.451019444727895]}"
000000000000000002b1_0,0.09879020001215878,0.1787073,0.03523499999999999,0.045162499999999994,0.0896575,0.18483500000000003,0.2652725,0.37747250000000004,0.33168500000000006,325.35957794,4,"{""geodesic"":false,""type"":""Point"",""coordinates"":[38.235216753742606,-3.4561748915169375]}"
000000000000000002b2_0,0.09365643287197911,0.16555165,0.038122500000000004,0.048187499999999994,0.09540500000000002,0.19987749999999999,0.27918750000000003,0.40214,0.35849749999999997,325.31856170000003,4,"{""geodesic"":false,""type"":""Point"",""coordinates"":[38.235756886106856,-3.4561753281478347]}"
000000000000000002b3_0,0.08702755459997738,0.15521383,0.04268749999999999,0.055035,0.10731249999999998,0.18417499999999998,0.2518525,0.3655375,0.30863999999999997,326.64817148,4,"{""geodesic"":false,""type"":""Point"",""coordinates"":[38.23656534865372,-3.4583470644808165]}"
000000000000000002b4_0,0.08705749733462814,0.1513886,0.04436499999999999,0.05720750000000002,0.11490250000000002,0.19762249999999998,0.2681325,0.3861625,0.32885250000000005,326.73362198,4,"{""geodesic"":false,""type"":""Point"",""coordinates"":[38.236295281797545,-3.4583468462979354]}"
000000000000000002b5_0,0.07317887617139485,0.14001656,0.03647249999999999,0.045217499999999994,0.08721000000000001,0.17397250000000003,0.2306225,0.28097500000000003,0.2468475,325.08271832,4,"{""geodesic"":false,""type"":""Point"",""coordinates"":[38.23629158757729,-3.4629603948483143]}"
000000000000000002b6_0,0.07912670629906585,0.15007322,0.03460250000000001,0.04279749999999999,0.08434999999999998,0.1784825,0.24151250000000002,0.3300625,0.2887575,325.39034012,4,"{""geodesic"":false,""type"":""Point"",""coordinates"":[38.236561655739536,-3.4629606133229394]}"
000000000000000002b7_0,0.06611401780254125,0.12227808,0.040047499999999986,0.04991999999999999,0.098045,0.1920675,0.24558249999999998,0.28961000000000003,0.2565275,325.369832,4,"{""geodesic"":false,""type"":""Point"",""coordinates"":[38.23709961903748,-3.4656749024316174]}"
000000000000000002b8_0,0.07387955438193534,0.14228813,0.0356475,0.04637250000000001,0.09108749999999999,0.1674275,0.2229775,0.24539,0.2158,325.90987916,4,"{""geodesic"":false,""type"":""Point"",""coordinates"":[38.237369253352995,-3.466217891339586]}"
000000000000000002b9_0,0.08408792375841924,0.15638456,0.03672,0.0464,0.08886,0.17853750000000002,0.24473,0.34802000000000005,0.3140025,325.15449674,4,"{""geodesic"":false,""type"":""Point"",""coordinates"":[38.23737012261894,-3.4651323503459563]}"
000000000000000002ba_0,0.10030969540630459,0.18396808,0.03831499999999999,0.0473625,0.08907999999999999,0.17028749999999998,0.2470675,0.37145,0.33396750000000003,328.41528782,4,"{""geodesic"":false,""type"":""Point"",""coordinates"":[38.239530023788376,-3.465948250761505]}"
000000000000000002bb_0,0.09148184919491498,0.17560394,0.0351525,0.0443925,0.0827,0.158215,0.22561750000000003,0.36003749999999995,0.32475499999999996,328.06664978000003,4,"{""geodesic"":false,""type"":""Point"",""coordinates"":[38.23926060490001,-3.4651338768415516]}"
000000000000000002bc_0,0.09935303270572295,0.18584351,0.03762750000000001,0.046922500000000006,0.08787,0.16077249999999998,0.23417,0.3598725,0.3247275,327.68041352,4,"{""geodesic"":false,""type"":""Point"",""coordinates"":[38.23898988541252,-3.4659478150584384]}"
000000000000000002bd_0,0.08949660048747729,0.1787956,0.031549999999999995,0.038892499999999997,0.07335000000000003,0.1498,0.21503,0.334215,0.2895275,326.82932654,4,"{""geodesic"":false,""type"":""Point"",""coordinates"":[38.238991836568005,-3.4635053468486894]}"
000000000000000002be_0,0.08477997577714974,0.16678254,0.033805,0.04183500000000001,0.07763999999999999,0.15579500000000002,0.218165,0.3236275,0.278445,326.68235168,4,"{""geodesic"":false,""type"":""Point"",""coordinates"":[38.23818163120917,-3.463504693176234]}"
000000000000000002bf_0,0.08096464669287659,0.16354106,0.031659999999999994,0.03892000000000001,0.07343250000000001,0.15120250000000002,0.2103275,0.31851250000000003,0.28004,326.48410651999995,4,"{""geodesic"":false,""type"":""Point"",""coordinates"":[38.237371643175216,-3.463232653546622]}"
000000000000000002c0_0,0.08838760707996295,0.17619218,0.031,0.038479999999999986,0.07299250000000002,0.1523025,0.21744999999999998,0.33553499999999997,0.290765,326.59006514,4,"{""geodesic"":false,""type"":""Point"",""coordinates"":[38.23710179211542,-3.4629610500404286]}"
000000000000000002c1_0,0.08653944878771436,0.16753575,0.034464999999999996,0.042495000000000005,0.079125,0.16124,0.22614,0.3460125,0.30690750000000006,326.74387604000003,4,"{""geodesic"":false,""type"":""Point"",""coordinates"":[38.23845256699609,-3.462419369813809]}"
000000000000000002c2_0,0.08990782904482358,0.1669793,0.0351525,0.043484999999999996,0.08498250000000002,0.1798575,0.2519625,0.38652000000000003,0.3402375,327.12669428000004,4,"{""geodesic"":false,""type"":""Point"",""coordinates"":[38.23872328524474,-3.461605431570471]}"
000000000000000002c3_0,0.0919809645571419,0.17296018,0.03454750000000001,0.043649999999999994,0.08220499999999997,0.17028749999999998,0.24151250000000002,0.37277,0.3225275,327.54369271999997,4,"{""geodesic"":false,""type"":""Point"",""coordinates"":[38.23845343407362,-3.461333828458182]}"
000000000000000002c4_0,0.09307292204884435,0.17096348,0.0355925,0.04527249999999999,0.08511999999999997,0.18016,0.254465,0.38781250000000006,0.340485,327.66674144,4,"{""geodesic"":false,""type"":""Point"",""coordinates"":[38.23872393519415,-3.4607912754906405]}"
000000000000000002c5_0,0.09662120943778657,0.17135334,0.038122500000000004,0.0474725,0.09205000000000002,0.19589,0.276905,0.4002425,0.352805,328.28198504,4,"{""geodesic"":false,""type"":""Point"",""coordinates"":[38.24169316997816,-3.4626933641241644]}"
000000000000000002c7_0,0.08119809501318537,0.16244675,0.036032499999999995,0.0445025,0.0805825,0.1462525,0.20298500000000003,0.254575,0.21629500000000002,328.83570427999996,4,"{""geodesic"":false,""type"":""Point"",""coordinates"":[38.26780884704383,-3.566655212474604]}"
000000000000000002c8_0,0.08473800974315583,0.16307762,0.03792999999999999,0.0474175,0.08704499999999998,0.1568675,0.21800000000000003,0.2851825,0.24087999999999998,328.11108404000004,4,"{""geodesic"":false,""type"":""Point"",""coordinates"":[38.267267572531736,-3.5680117133787816]}"
000000000000000002c9_0,0.09306905293656068,0.17841199,0.035977499999999996,0.04519000000000001,0.0843775,0.1562075,0.22405000000000003,0.297915,0.2560325,329.97732296000004,4,"{""geodesic"":false,""type"":""Point"",""coordinates"":[38.266187386780835,-3.5677394622855205]}"
000000000000000002cc_0,0.08446366976755411,0.17034842,0.035619999999999985,0.0443375,0.07802500000000001,0.14069749999999998,0.198475,0.2415675,0.19787,329.91238058,4,"{""geodesic"":false,""type"":""Point"",""coordinates"":[38.2734849946471,-3.5615033745452394]}"
000000000000000002cd_0,0.12220611536257289,0.23711126,0.03727,0.04618,0.07736500000000002,0.128295,0.20804499999999998,0.2871625,0.22669,331.24199036,4,"{""geodesic"":false,""type"":""Point"",""coordinates"":[38.27213535351247,-3.5604167572540923]}"
000000000000000002cf_0,0.09649988983099264,0.18978384,0.03735250000000001,0.046922500000000006,0.08143499999999998,0.1388275,0.20386500000000002,0.254465,0.2113175,328.0187975,4,"{""geodesic"":false,""type"":""Point"",""coordinates"":[38.268889675701466,-3.56611330163805]}"
000000000000000002d0_0,0.08389936809220648,0.16284443,0.03897500000000001,0.049067499999999986,0.08690750000000003,0.15034999999999998,0.2088425,0.253365,0.21351750000000003,329.39625956,4,"{""geodesic"":false,""type"":""Point"",""coordinates"":[38.265642874474366,-3.573166757506209]}"
000000000000000002d1_0,0.07636702809840273,0.14719602,0.040404999999999996,0.0507725,0.09053749999999999,0.1565375,0.210575,0.2590025,0.21992499999999998,329.11939994,4,"{""geodesic"":false,""type"":""Point"",""coordinates"":[38.26753358677818,-3.5731682731070054]}"
000000000000000002d2_0,0.06492167360698003,0.13298623,0.036087499999999995,0.045162499999999994,0.08215,0.14674749999999998,0.19176500000000002,0.216955,0.18450500000000003,329.40993163999997,4,"{""geodesic"":false,""type"":""Point"",""coordinates"":[38.26429085262858,-3.575065376607212]}"
000000000000000002d3_0,0.06352192045883799,0.12798464,0.036500000000000005,0.04565749999999999,0.085065,0.1543925,0.19971250000000002,0.2284775,0.19627499999999998,329.34157124,4,"{""geodesic"":false,""type"":""Point"",""coordinates"":[38.264291501392876,-3.5742512177320895]}"
000000000000000002d4_0,0.08243531006001167,0.16374865,0.03792999999999999,0.04749999999999999,0.08432250000000002,0.14353,0.19974000000000003,0.23329,0.19247999999999998,330.28494476000003,4,"{""geodesic"":false,""type"":""Point"",""coordinates"":[38.267802182271865,-3.575068194868436]}"
000000000000000002d5_0,0.08068232467836613,0.15656902,0.037187499999999984,0.046152499999999985,0.08492749999999999,0.158215,0.216955,0.259415,0.22234500000000001,329.19801440000003,4,"{""geodesic"":false,""type"":""Point"",""coordinates"":[38.26509986267649,-3.5766943461756493]}"
000000000000000002d7_0,0.08474200439047111,0.16757353,0.03193499999999999,0.03988249999999999,0.07785999999999998,0.15661999999999998,0.21967750000000003,0.31017999999999996,0.27179000000000003,331.36503908,4,"{""geodesic"":false,""type"":""Point"",""coordinates"":[38.28024273360553,-3.554724010312071]}"
000000000000000002d9_0,0.08898844496670585,0.17845534,0.03595000000000001,0.045520000000000005,0.0805825,0.1380575,0.19803500000000002,0.23493999999999998,0.19091249999999998,330.90018836,4,"{""geodesic"":false,""type"":""Point"",""coordinates"":[38.27483591340459,-3.560961668424385]}"
000000000000000002da_0,0.04833577606828515,0.09476277,0.03925000000000001,0.05264249999999998,0.09870499999999999,0.1672075,0.20221499999999998,0.2242425,0.1922875,325.77999439999996,4,"{""geodesic"":false,""type"":""Point"",""coordinates"":[38.26726520677335,-3.5709969649227413]}"
000000000000000002db_0,0.07274534242446463,0.14870265,0.036390000000000006,0.046042499999999986,0.08261750000000001,0.14058749999999998,0.1897025,0.21629500000000002,0.18059999999999998,329.29371896,4,"{""geodesic"":false,""type"":""Point"",""coordinates"":[38.26564114780922,-3.5753378485201797]}"
000000000000000002e1_0,0.04527830105001733,0.10116505,0.03171499999999999,0.04246749999999999,0.07904250000000002,0.13096249999999998,0.1604425,0.1729275,0.1487,330.66776300000004,4,"{""geodesic"":false,""type"":""Point"",""coordinates"":[38.281313442348115,-3.56720867577329]}"
000000000000000002e7_0,0.07045210044344156,0.15352294,0.031164999999999998,0.04362250000000001,0.0778875,0.122135,0.16643750000000002,0.1861275,0.15692250000000002,330.64725488,4,"{""geodesic"":false,""type"":""Point"",""coordinates"":[38.28293173339467,-3.5701952072187724]}"
000000000000000002e8_0,0.09736514859336425,0.2116232,0.027122499999999994,0.04111999999999999,0.073735,0.11069499999999999,0.1701225,0.21005250000000003,0.1650625,326.55588494,4,"{""geodesic"":false,""type"":""Point"",""coordinates"":[38.28698389116049,-3.569384207901103]}"
000000000000000002e9_0,0.0797628433060351,0.16405316,0.03419,0.042385000000000006,0.07706249999999998,0.1389375,0.19346999999999998,0.23471999999999998,0.19721,334.21224974,4,"{""geodesic"":false,""type"":""Point"",""coordinates"":[38.2877998350226,-3.5620573688136927]}"
000000000000000007c2_0,0.08658807550066804,0.1699194,0.03204499999999999,0.04065250000000001,0.07851999999999998,0.15758250000000001,0.2220975,0.30809000000000003,0.2728075,334.59506797999995,4,"{""geodesic"":false,""type"":""Point"",""coordinates"":[38.28375420792357,-3.5544553640724326]}"
000000000000000007c3_0,0.0908617081689965,0.18107761,0.03325500000000001,0.0418075,0.07676,0.14526250000000002,0.20950249999999998,0.291095,0.248745,332.4280433,4,"{""geodesic"":false,""type"":""Point"",""coordinates"":[38.28726505792247,-3.555000867394995]}"
000000000000000007c4_0,0.0840967568100916,0.16477619,0.0357025,0.044062500000000004,0.08250750000000001,0.15444750000000002,0.2153875,0.29005000000000003,0.2505325,333.6756206,4,"{""geodesic"":false,""type"":""Point"",""coordinates"":[38.28780483693907,-3.5555440615667404]}"
000000000000000007c7_0,0.05349106125267244,0.12006858,0.0265175,0.0386175,0.07461499999999999,0.12958750000000002,0.1649525,0.20301249999999998,0.1716625,331.37187512,4,"{""geodesic"":false,""type"":""Point"",""coordinates"":[38.28888917593762,-3.5503885276840976]}"
000000000000000007c8_0,0.05860522126982244,0.13787171,0.02767249999999999,0.03350249999999999,0.061360000000000026,0.11839499999999997,0.15626250000000003,0.1950925,0.17125,336.06481657999996,4,"{""geodesic"":false,""type"":""Point"",""coordinates"":[38.28510740972833,-3.5509283749756912]}"
000000000000000007c9_0,0.06544787113290024,0.14335406,0.0295975,0.03625249999999999,0.06972,0.1336025,0.17831750000000002,0.2283675,0.2007025,334.91977987999996,4,"{""geodesic"":false,""type"":""Point"",""coordinates"":[38.28456742587612,-3.5506565676887716]}"
000000000000000007ca_0,0.06250152990037289,0.1409313,0.02739749999999999,0.034107499999999985,0.06474249999999998,0.128405,0.170535,0.21486500000000003,0.19006,334.67026441999997,4,"{""geodesic"":false,""type"":""Point"",""coordinates"":[38.28429753855947,-3.5503849701285786]}"
000000000000000007cb_0,0.05184524965142347,0.1297834,0.025252499999999983,0.031,0.057784999999999975,0.10832999999999998,0.1406425,0.1765025,0.15447500000000003,333.54231782,4,"{""geodesic"":false,""type"":""Point"",""coordinates"":[38.2840276514005,-3.5501133725197396]}"
000000000000000007cc_0,0.052111565564480405,0.113775484,0.030395000000000005,0.041614999999999985,0.079785,0.1359125,0.17081000000000002,0.20991500000000002,0.18026999999999999,331.51201394,4,"{""geodesic"":false,""type"":""Point"",""coordinates"":[38.29051244626988,-3.546861733539116]}"
000000000000000007cd_0,0.04663038034956365,0.10173245,0.030670000000000003,0.04290749999999999,0.08129750000000002,0.13792,0.16915999999999998,0.19737500000000002,0.170865,331.69658702,4,"{""geodesic"":false,""type"":""Point"",""coordinates"":[38.29105263734924,-3.546862149204983]}"
000000000000000007ce_0,0.05333432791287482,0.11937064,0.02803,0.038699999999999984,0.07604499999999997,0.13055,0.1659425,0.19718249999999998,0.17061749999999998,332.19561794000003,4,"{""geodesic"":false,""type"":""Point"",""coordinates"":[38.290512653183775,-3.5465903455057832]}"
000000000000000007cf_0,0.04915887386006902,0.11127208,0.027700000000000002,0.038012500000000005,0.0719475,0.13035750000000002,0.16299999999999998,0.19424000000000002,0.16762,330.4797719,4,"{""geodesic"":false,""type"":""Point"",""coordinates"":[38.28970278117299,-3.546046945485601]}"
000000000000000007d0_0,0.056327011160570276,0.12218432,0.03174250000000001,0.03991,0.07472499999999999,0.13800250000000003,0.17642000000000002,0.212995,0.18486249999999999,330.26443664,4,"{""geodesic"":false,""type"":""Point"",""coordinates"":[38.28916279798533,-3.545775141165886]}"
000000000000000007d1_0,0.06669392762216318,0.14024624,0.03471250000000001,0.04345750000000001,0.07824500000000001,0.13748,0.1823325,0.235765,0.2029575,330.20974832,4,"{""geodesic"":false,""type"":""Point"",""coordinates"":[38.288352305174115,-3.546045903988789]}"
000000000000000007d2_0,0.06287175409465452,0.13457878,0.0294325,0.037187499999999984,0.0717275,0.14262249999999999,0.18697999999999998,0.2393675,0.20788,330.40799347999996,4,"{""geodesic"":false,""type"":""Point"",""coordinates"":[38.289703402432075,-3.5452327815099403]}"
000000000000000007d3_0,0.07167990109837859,0.15398961,0.029212500000000002,0.03617000000000001,0.0689225,0.13665500000000003,0.18640250000000003,0.2710475,0.24310750000000003,331.21806422,4,"{""geodesic"":false,""type"":""Point"",""coordinates"":[38.290244006249054,-3.5446904214034576]}"
000000000000000007d4_0,0.08157681784902311,0.16923077,0.029349999999999987,0.03658249999999999,0.07005,0.1428975,0.201115,0.30611000000000005,0.279875,330.29519882,4,"{""geodesic"":false,""type"":""Point"",""coordinates"":[38.290784609436365,-3.5441480608465845]}"
000000000000000007d5_0,0.06769053791871985,0.1521093,0.02530750000000001,0.03836999999999999,0.07643,0.12086999999999998,0.16423749999999998,0.1902525,0.1607175,329.80983998,4,"{""geodesic"":false,""type"":""Point"",""coordinates"":[38.29321649253182,-3.542792985646949]}"
000000000000000007d6_0,0.04962194735688006,0.11428523,0.02082500000000001,0.03361249999999999,0.07224999999999998,0.13022,0.163825,0.18384499999999998,0.15904000000000001,326.0192558,4,"{""geodesic"":false,""type"":""Point"",""coordinates"":[38.30078016306168,-3.54144180405861]}"
000000000000000007d7_0,0.05981640747564301,0.12980613,0.026599999999999985,0.0388375,0.07670500000000002,0.1370675,0.17796,0.21106999999999998,0.18125999999999998,325.97482154,4,"{""geodesic"":false,""type"":""Point"",""coordinates"":[38.30078036666887,-3.541170415391565]}"
000000000000000007d8_0,0.04006038086391084,0.09575614,0.02767249999999999,0.040075,0.07717249999999998,0.11647000000000002,0.14113750000000003,0.150185,0.1325575,329.88503642,4,"{""geodesic"":false,""type"":""Point"",""coordinates"":[38.29727138974075,-3.5381824760515244]}"
000000000000000007d9_0,0.04763830271171873,0.10584392,0.026902499999999996,0.04246749999999999,0.08399250000000003,0.13137500000000002,0.1624775,0.17356,0.152495,329.84402018000003,4,"{""geodesic"":false,""type"":""Point"",""coordinates"":[38.29673079372453,-3.5387248419320296]}"
000000000000000007da_0,0.04160923725066962,0.096710384,0.0264625,0.04043250000000001,0.08096750000000003,0.12329000000000001,0.14969,0.157665,0.13990000000000002,328.8562124,4,"{""geodesic"":false,""type"":""Point"",""coordinates"":[38.29619081148481,-3.538453042123621]}"
000000000000000007db_0,0.052914027224851244,0.11772849,0.025582500000000008,0.040267499999999984,0.08242500000000003,0.13066,0.16553,0.17416500000000001,0.152275,329.3689154,4,"{""geodesic"":false,""type"":""Point"",""coordinates"":[38.29673161214478,-3.5376392881358534]}"
000000000000000007dc_0,0.03735362590777999,0.08863653,0.025279999999999997,0.03892000000000001,0.08050000000000002,0.121585,0.145235,0.15169749999999999,0.13440000000000002,329.39967758,4,"{""geodesic"":false,""type"":""Point"",""coordinates"":[38.296461109602674,-3.538181859411546]}"
000000000000000007dd_0,0.051781741509887354,0.110517845,0.024262499999999992,0.03971749999999999,0.08575250000000001,0.14784750000000002,0.18458750000000002,0.19918999999999998,0.16759249999999998,329.34157124,4,"{""geodesic"":false,""type"":""Point"",""coordinates"":[38.31238943313159,-3.547963872019702]}"
000000000000000007df_0,0.06278880799757056,0.13745958,0.022474999999999995,0.0387825,0.08206750000000002,0.1320075,0.17408250000000003,0.176255,0.146335,329.51930828,4,"{""geodesic"":false,""type"":""Point"",""coordinates"":[38.312389031892245,-3.5485066506123712]}"
000000000000000007e0_0,0.06223732861768827,0.13288064,0.022942500000000005,0.035977499999999996,0.07829999999999998,0.145895,0.19061,0.21547,0.18214000000000002,330.34646912,4,"{""geodesic"":false,""type"":""Point"",""coordinates"":[38.31508159818706,-3.559907018041629]}"
000000000000000007e1_0,0.06803952810905638,0.15074599,0.02099000000000001,0.03397,0.07414749999999998,0.13099,0.1774925,0.18599,0.15447500000000003,332.27765042,4,"{""geodesic"":false,""type"":""Point"",""coordinates"":[38.314812099106256,-3.5590926484468564]}"
000000000000000007e2_0,0.0646243152390438,0.14201988,0.019119999999999998,0.032594999999999985,0.07370749999999998,0.13797500000000001,0.1836525,0.19896999999999998,0.16696,331.14970382,4,"{""geodesic"":false,""type"":""Point"",""coordinates"":[38.314271496771006,-3.5596350239989625]}"
000000000000000007e3_0,0.05846685138336741,0.13291286,0.019532500000000008,0.0322925,0.0721675,0.13060500000000003,0.170645,0.1881625,0.157775,332.06231516,4,"{""geodesic"":false,""type"":""Point"",""coordinates"":[38.314540995412486,-3.5604493936812984]}"
000000000000000007e4_0,0.05656634914415849,0.1304772,0.019532500000000008,0.0323475,0.07087500000000002,0.12700250000000002,0.16511750000000003,0.16949000000000003,0.14155,332.86554986,4,"{""geodesic"":false,""type"":""Point"",""coordinates"":[38.314272299507586,-3.5585494666388033]}"
000000000000000007e5_0,0.07496251874062966,0.1663684,0.016122499999999984,0.0295975,0.0717275,0.13159500000000002,0.18412,0.20554250000000002,0.168885,331.67266087999997,4,"{""geodesic"":false,""type"":""Point"",""coordinates"":[38.313732701313924,-3.557734895313582]}"
000000000000000007e6_0,0.093641627567593,0.19579142,0.02767249999999999,0.034245,0.0650175,0.1348125,0.200455,0.32563499999999995,0.295165,333.56966198,4,"{""geodesic"":false,""type"":""Point"",""coordinates"":[38.26895409107059,-3.4836116941937667]}"
000000000000000007e7_0,0.09289233460678692,0.18468222,0.030615000000000003,0.038012500000000005,0.07200250000000002,0.150845,0.2191825,0.34471999999999997,0.30748499999999995,332.02813496,4,"{""geodesic"":false,""type"":""Point"",""coordinates"":[38.2632841854134,-3.481436164215013]}"
000000000000000007e8_0,0.08930010402473154,0.18002523,0.027480000000000004,0.034519999999999995,0.06812499999999999,0.15268749999999998,0.2197325,0.3549775,0.3002525,330.9582947,4,"{""geodesic"":false,""type"":""Point"",""coordinates"":[38.26436680124832,-3.478451755904043]}"
000000000000000007e9_0,0.1308640488840058,0.25089186,0.02984500000000001,0.035729999999999984,0.06969249999999999,0.1427875,0.2384325,0.35035750000000004,0.300885,332.82453362,4,"{""geodesic"":false,""type"":""Point"",""coordinates"":[38.2646362445142,-3.4792661279033337]}"
0000000000000000094d_0,0.08786098874204598,0.18434606,0.031549999999999995,0.03881000000000001,0.07101249999999998,0.13104500000000002,0.19028,0.2660425,0.22528750000000003,334.48227332,4,"{""geodesic"":false,""type"":""Point"",""coordinates"":[38.28699475179884,-3.5552720457887004]}"
00000000000000000951_0,0.07060869831734456,0.14979422,0.025087499999999985,0.03506999999999999,0.0747525,0.14383249999999997,0.194515,0.228615,0.19171,331.53594008,4,"{""geodesic"":false,""type"":""Point"",""coordinates"":[38.30268439548144,-3.5232601826651715]}"
00000000000000000952_0,0.05849595393097557,0.1332247,0.021072499999999994,0.03047749999999999,0.0649075,0.13230999999999998,0.17298249999999998,0.20097749999999998,0.17196499999999998,331.50175988,4,"{""geodesic"":false,""type"":""Point"",""coordinates"":[38.30241410398221,-3.5235313685052763]}"
00000000000000000953_0,0.06771295785238332,0.14911641,0.025197499999999984,0.03432750000000001,0.0687025,0.13283250000000002,0.17939,0.20174750000000002,0.16995749999999998,331.25224442,4,"{""geodesic"":false,""type"":""Point"",""coordinates"":[38.30241369973224,-3.524074146234059]}"
00000000000000000954_0,0.10285328241222652,0.18049248,0.04144999999999999,0.052202499999999985,0.09328750000000002,0.18629250000000003,0.2683525,0.36265,0.31007,325.85519084,4,"{""geodesic"":false,""type"":""Point"",""coordinates"":[38.30403322921073,-3.525432308260809]}"
00000000000000000955_0,0.10131567979104728,0.18053485,0.040624999999999994,0.05003000000000002,0.09210499999999999,0.18205749999999998,0.262275,0.35239250000000005,0.30063750000000006,326.14230452,4,"{""geodesic"":false,""type"":""Point"",""coordinates"":[38.30376293727331,-3.5257034944343366]}"
00000000000000000956_0,0.09613351612001172,0.172189,0.03762750000000001,0.04879249999999999,0.09059250000000002,0.1863475,0.26387,0.33141000000000004,0.2818275,325.40743022000004,4,"{""geodesic"":false,""type"":""Point"",""coordinates"":[38.30349325092034,-3.5251605137462403]}"
00000000000000000957_0,0.09613351612001172,0.172189,0.03762750000000001,0.04879249999999999,0.09059250000000002,0.1863475,0.26387,0.33141000000000004,0.2818275,325.40743022000004,4,"{""geodesic"":false,""type"":""Point"",""coordinates"":[38.30349325092034,-3.5251605137462403]}"
00000000000000000958_0,0.10172247274546449,0.18493553,0.03600500000000001,0.04582249999999999,0.0838275,0.17743750000000003,0.2579575,0.33913750000000004,0.288565,326.31662354,4,"{""geodesic"":false,""type"":""Point"",""coordinates"":[38.303763542732575,-3.5248893276325246]}"
00000000000000000959_0,0.10172247274546449,0.18493553,0.03600500000000001,0.04582249999999999,0.0838275,0.17743750000000003,0.2579575,0.33913750000000004,0.288565,326.31662354,4,"{""geodesic"":false,""type"":""Point"",""coordinates"":[38.303763542732575,-3.5248893276325246]}"
0000000000000000095a_0,0.10707517372078329,0.19408958,0.036610000000000004,0.045905,0.08470749999999999,0.17419250000000003,0.258095,0.33482000000000006,0.2861725,325.5578231,4,"{""geodesic"":false,""type"":""Point"",""coordinates"":[38.303763340928455,-3.5251607165680574]}"
0000000000000000095b_0,0.10285328241222652,0.18049248,0.04144999999999999,0.052202499999999985,0.09328750000000002,0.18629250000000003,0.2683525,0.36265,0.31007,325.85519084,4,"{""geodesic"":false,""type"":""Point"",""coordinates"":[38.30403322921073,-3.525432308260809]}"
0000000000000000095c_0,0.11007188076082143,0.1976071,0.037847500000000006,0.048600000000000004,0.08883249999999998,0.17202,0.2567475,0.323985,0.27608,325.84151876,4,"{""geodesic"":false,""type"":""Point"",""coordinates"":[38.303493049022315,-3.5254319026645256]}"
0000000000000000095d_0,0.07178583563137567,0.1494791,0.030395000000000005,0.04065250000000001,0.08028000000000002,0.14215499999999998,0.19212250000000003,0.2256725,0.19223250000000003,332.46905954,4,"{""geodesic"":false,""type"":""Point"",""coordinates"":[38.291888820397574,-3.512667857265659]}"
0000000000000000095e_0,0.06466646125404399,0.13210544,0.03047749999999999,0.043045,0.08715499999999998,0.15167000000000003,0.19784249999999998,0.22641499999999998,0.19677,331.8982502,4,"{""geodesic"":false,""type"":""Point"",""coordinates"":[38.291348853645815,-3.51239605780456]}"
0000000000000000095f_0,0.08192314320179221,0.14921957,0.03814999999999999,0.050002500000000005,0.09702749999999999,0.1863475,0.251715,0.30492749999999996,0.2669225,328.31274722,4,"{""geodesic"":false,""type"":""Point"",""coordinates"":[38.29377799264471,-3.514569012856967]}"
00000000000000000960_0,0.089664189375172,0.1588584,0.041724999999999984,0.053549999999999986,0.0988425,0.18973,0.261395,0.316065,0.2786375,328.57935278,4,"{""geodesic"":false,""type"":""Point"",""coordinates"":[38.29377819672634,-3.514297624442455]}"
00000000000000000961_0,0.07128628109514168,0.15673435,0.0263525,0.036555000000000004,0.06991249999999999,0.12813000000000002,0.17576000000000003,0.20466250000000002,0.1769425,333.060377,4,"{""geodesic"":false,""type"":""Point"",""coordinates"":[38.29377962485379,-3.5123979054963232]}"
00000000000000000962_0,0.08419386745796234,0.17252359,0.03220999999999999,0.04043250000000001,0.07458749999999997,0.14034000000000002,0.19885999999999998,0.2529525,0.2142325,333.72005486,4,"{""geodesic"":false,""type"":""Point"",""coordinates"":[38.29323945336309,-3.5123974954466974]}"
00000000000000000963_0,0.060581615778647166,0.13369477,0.029047500000000004,0.03647249999999999,0.0706,0.1338225,0.1751275,0.20623000000000002,0.17914249999999998,335.34703238,4,"{""geodesic"":false,""type"":""Point"",""coordinates"":[38.2929701843012,-3.5113117367764333]}"
00000000000000000964_0,0.05460370638412058,0.12038855,0.031082499999999985,0.0387275,0.0721675,0.1349225,0.17185499999999998,0.19569750000000002,0.169215,334.03793071999996,4,"{""geodesic"":false,""type"":""Point"",""coordinates"":[38.293780440577756,-3.511312351777825]}"
00000000000000000965_0,0.0869739158265323,0.1835444,0.028772500000000006,0.03628000000000001,0.06738250000000001,0.13296999999999998,0.192755,0.247535,0.21283000000000002,333.30647444,4,"{""geodesic"":false,""type"":""Point"",""coordinates"":[38.29216054119716,-3.5104969560504693]}"
00000000000000000966_0,0.08667710752281692,0.17676844,0.031192499999999984,0.0382325,0.07049,0.1438875,0.20568000000000003,0.284605,0.2482225,333.84652159999996,4,"{""geodesic"":false,""type"":""Point"",""coordinates"":[38.29189106920531,-3.5096825857199603]}"
00000000000000000967_0,0.09478187562537921,0.19421166,0.030972499999999986,0.03757250000000001,0.07002249999999999,0.13726,0.20342500000000002,0.262165,0.2285875,333.10481126,4,"{""geodesic"":false,""type"":""Point"",""coordinates"":[38.291620575455866,-3.5102251569721186]}"
00000000000000000968_0,0.06589067982206863,0.122313656,0.04373250000000001,0.05792249999999999,0.10249999999999998,0.17158,0.2194025,0.2378,0.2074125,328.76050784,4,"{""geodesic"":false,""type"":""Point"",""coordinates"":[38.297289116991465,-3.5145716721858227]}"
00000000000000000969_0,0.0706663038877804,0.13337569,0.041504999999999986,0.053549999999999986,0.09699999999999998,0.16707,0.218495,0.23945,0.20645000000000002,329.03394944,4,"{""geodesic"":false,""type"":""Point"",""coordinates"":[38.297289320058674,-3.514300283565467]}"
0000000000000000096a_0,0.07733712564320179,0.15386902,0.03168750000000001,0.04373250000000001,0.08624749999999998,0.1529625,0.20859500000000003,0.229385,0.1977875,328.69214744,4,"{""geodesic"":false,""type"":""Point"",""coordinates"":[38.297828884335324,-3.515114857436245]}"
0000000000000000096b_0,0.05093798424054592,0.11250124,0.024400000000000005,0.040569999999999995,0.08429500000000001,0.13407000000000002,0.16806,0.1785925,0.1521925,328.0529777,4,"{""geodesic"":false,""type"":""Point"",""coordinates"":[38.29620714315035,-3.516741963741934]}"
0000000000000000096c_0,0.052394905802806827,0.11556145,0.0233275,0.039002499999999996,0.08283750000000001,0.13585750000000002,0.17136,0.18156250000000002,0.1530725,327.2839232,4,"{""geodesic"":false,""type"":""Point"",""coordinates"":[38.29593705600599,-3.516741759208424]}"
0000000000000000096d_0,0.051368163319326324,0.11964689,0.018955,0.033530000000000004,0.07535750000000002,0.12565500000000002,0.15981,0.16701500000000002,0.140725,328.05639571999995,4,"{""geodesic"":false,""type"":""Point"",""coordinates"":[38.29566676519969,-3.5170129431076034]}"
0000000000000000096e_0,0.04336574395608034,0.09791343,0.021237499999999992,0.039470000000000005,0.08525749999999999,0.1328875,0.16173500000000002,0.17006749999999998,0.14482250000000002,328.6340411,4,"{""geodesic"":false,""type"":""Point"",""coordinates"":[38.29593624151251,-3.517827313306783]}"
0000000000000000096f_0,0.04799396934416621,0.109722346,0.020797499999999997,0.03798499999999999,0.0812425,0.127855,0.15937,0.16723500000000002,0.1417425,328.86304844,4,"{""geodesic"":false,""type"":""Point"",""coordinates"":[38.29593664879087,-3.5172845362607887]}"
00000000000000000970_0,0.09609022444594788,0.18811567,0.031852500000000006,0.03938749999999999,0.07478000000000001,0.1534025,0.22449000000000002,0.336965,0.2851825,335.26158188,4,"{""geodesic"":false,""type"":""Point"",""coordinates"":[38.278396822820284,-3.496645617891695]}"
00000000000000000971_0,0.08662242147210497,0.17218101,0.030780000000000002,0.037654999999999994,0.07219500000000001,0.156345,0.22138249999999998,0.30666,0.2638425,330.8215739,4,"{""geodesic"":false,""type"":""Point"",""coordinates"":[38.25599365473398,-3.4795307099194277]}"
00000000000000000972_0,0.08383627863893589,0.1660034,0.03064249999999999,0.03787499999999999,0.07359749999999998,0.16005750000000002,0.223775,0.32373749999999996,0.2862275,331.75127534,4,"{""geodesic"":false,""type"":""Point"",""coordinates"":[38.25572315474548,-3.4800732686230944]}"
00000000000000000973_0,0.07936686968945034,0.16505669,0.027535000000000004,0.0343,0.06573249999999997,0.14683000000000002,0.20488250000000002,0.3063025,0.2664275,330.35330516,4,"{""geodesic"":false,""type"":""Point"",""coordinates"":[38.25518364562179,-3.4792586816021025]}"
00000000000000000974_0,0.08391083219320682,0.17029406,0.029404999999999987,0.03617000000000001,0.06878499999999999,0.15120250000000002,0.21327000000000002,0.31345249999999997,0.27368750000000003,329.17067024,4,"{""geodesic"":false,""type"":""Point"",""coordinates"":[38.25491314533061,-3.4798012399923652]}"
00000000000000000975_0,0.09217940907706368,0.18453383,0.03157750000000001,0.038754999999999984,0.07219500000000001,0.14710499999999999,0.2136825,0.31600999999999996,0.26926,328.8391223,4,"{""geodesic"":false,""type"":""Point"",""coordinates"":[38.25734657387061,-3.476275141265005]}"
00000000000000000976_0,0.08776447047052936,0.16921331,0.034574999999999995,0.04321,0.0808025,0.16107500000000002,0.22669,0.33649750000000006,0.29324,328.29565712,4,"{""geodesic"":false,""type"":""Point"",""coordinates"":[38.25680663982921,-3.476003328093182]}"
00000000000000000977_0,0.08550257237195727,0.17399055,0.031137499999999985,0.03842499999999999,0.07222250000000002,0.14537250000000002,0.206615,0.3049,0.2664,329.66970116,4,"{""geodesic"":false,""type"":""Point"",""coordinates"":[38.26058956667215,-3.4735638288784623]}"
00000000000000000978_0,0.08833382966051226,0.17221178,0.033585000000000004,0.04216500000000001,0.08006000000000002,0.15683999999999998,0.2220975,0.29577000000000003,0.25573,330.31570694,4,"{""geodesic"":false,""type"":""Point"",""coordinates"":[38.26031864884019,-3.474649163169974]}"
00000000000000000979_0,0.10623887716062279,0.19004294,0.041147500000000004,0.050992499999999996,0.09482750000000001,0.1728175,0.253915,0.35013750000000005,0.29929,329.3689154,4,"{""geodesic"":false,""type"":""Point"",""coordinates"":[38.2595075836572,-3.4757340720777896]}"
0000000000000000097a_0,0.08591943204431776,0.15484767,0.038947499999999996,0.04904,0.09400249999999999,0.19182,0.26211,0.3615225,0.3213725,331.47783374,4,"{""geodesic"":false,""type"":""Point"",""coordinates"":[38.25005588813882,-3.4746410378112405]}"
0000000000000000097b_0,0.09304367223873292,0.17883143,0.033310000000000006,0.04043250000000001,0.07708999999999999,0.163275,0.23439,0.3412,0.3065775,331.63506266,4,"{""geodesic"":false,""type"":""Point"",""coordinates"":[38.24951595791102,-3.474369221097662]}"
0000000000000000097c_0,0.0793943597538479,0.15797341,0.033007499999999995,0.039965,0.07516499999999998,0.15772000000000003,0.21689999999999998,0.3003075,0.2614225,330.01150315999996,4,"{""geodesic"":false,""type"":""Point"",""coordinates"":[38.25059753113466,-3.472741766010058]}"
0000000000000000097d_0,0.09309180519816473,0.16910331,0.03705,0.046509999999999996,0.09070250000000002,0.18478,0.2599925,0.35706750000000004,0.317165,329.97390494,4,"{""geodesic"":false,""type"":""Point"",""coordinates"":[38.25005717337102,-3.4730127218105262]}"
0000000000000000097e_0,0.08553534358396958,0.1582729,0.03716,0.0476375,0.091335,0.17776750000000002,0.24462,0.33787249999999996,0.29868500000000003,328.45288603999995,4,"{""geodesic"":false,""type"":""Point"",""coordinates"":[38.25006081157083,-3.4683991595008288]}"
0000000000000000097f_0,0.09166793030493395,0.17235123,0.0358125,0.045217499999999994,0.08704499999999998,0.1676475,0.23747000000000001,0.32678999999999997,0.2921675,327.91967492000003,4,"{""geodesic"":false,""type"":""Point"",""coordinates"":[38.2497911688779,-3.467856172519169]}"
00000000000000000980_0,0.09981453044293322,0.18627246,0.028662500000000007,0.03691249999999999,0.0751925,0.18037999999999998,0.2629625,0.3923775,0.354675,325.77999439999996,4,"{""geodesic"":false,""type"":""Point"",""coordinates"":[38.19173678723718,-3.4555959664072415]}"
00000000000000000981_0,0.09426576865097083,0.16953151,0.03432750000000001,0.043842500000000006,0.08762249999999999,0.19627499999999998,0.27641,0.39306500000000005,0.35198,324.96308762,4,"{""geodesic"":false,""type"":""Point"",""coordinates"":[38.190116868729866,-3.4550518159723596]}"
00000000000000000982_0,0.09951197959552552,0.18170655,0.03344749999999999,0.042192499999999994,0.08396500000000001,0.1840925,0.26585000000000003,0.37948,0.3392475,324.02655014,4,"{""geodesic"":false,""type"":""Point"",""coordinates"":[38.19038739159878,-3.4545092826553976]}"
00000000000000000983_0,0.0956797178591255,0.17160048,0.034932500000000005,0.0448875,0.08875,0.19448749999999998,0.2750625,0.39292750000000004,0.34868000000000005,324.00946004,4,"{""geodesic"":false,""type"":""Point"",""coordinates"":[38.1901170987923,-3.4547804337543973]}"
00000000000000000984_0,0.09558363231265272,0.1790381,0.03053249999999999,0.0385075,0.07717249999999998,0.17906,0.25716,0.356875,0.31887000000000004,324.75800642,4,"{""geodesic"":false,""type"":""Point"",""coordinates"":[38.19173862383749,-3.453424907771915]}"
00000000000000000985_0,0.09767988416907401,0.18551303,0.030780000000000002,0.0388375,0.07585249999999999,0.16860999999999998,0.2454175,0.3607525,0.3188975,324.8742191,4,"{""geodesic"":false,""type"":""Point"",""coordinates"":[38.19146810209658,-3.4539674417412694]}"
00000000000000000986_0,0.08538996187457835,0.17959756,0.028359999999999996,0.03523499999999999,0.06644749999999999,0.1367375,0.19660500000000003,0.3143875,0.288235,334.76255096,4,"{""geodesic"":false,""type"":""Point"",""coordinates"":[38.267603920830425,-3.483339254125001]}"
00000000000000000987_0,0.09216771839484428,0.19098984,0.029294999999999988,0.03663749999999999,0.0684825,0.13594,0.200125,0.31051,0.278995,334.36264262,4,"{""geodesic"":false,""type"":""Point"",""coordinates"":[38.26706355916294,-3.483610219391195]}"
00000000000000000988_0,0.09192911862570612,0.18985908,0.028937500000000005,0.03523499999999999,0.06721749999999999,0.139405,0.204745,0.30558749999999996,0.27102,334.2908642,4,"{""geodesic"":false,""type"":""Point"",""coordinates"":[38.26706397900796,-3.4830674454015913]}"
00000000000000000989_0,0.09307984790874524,0.18984772,0.028085,0.03528999999999999,0.06743749999999998,0.14364,0.21095999999999998,0.3146625,0.27597,334.05502082,4,"{""geodesic"":false,""type"":""Point"",""coordinates"":[38.266524247580186,-3.482524249465886]}"
0000000000000000098a_0,0.0758330198213351,0.14778028,0.03617000000000001,0.0445025,0.08179249999999999,0.1630275,0.21956750000000003,0.30553250000000004,0.26461250000000003,330.48318992,4,"{""geodesic"":false,""type"":""Point"",""coordinates"":[38.25977363453171,-3.480890629653326]}"
0000000000000000098b_0,0.07201360984096195,0.14711958,0.03325500000000001,0.04122999999999999,0.07747500000000002,0.14914,0.2005925,0.2438225,0.2133525,330.37039526,4,"{""geodesic"":false,""type"":""Point"",""coordinates"":[38.25950440745055,-3.4798048705303035]}"
0000000000000000098c_0,0.07152682255845941,0.14009668,0.03372249999999999,0.04299,0.08212249999999999,0.1667675,0.2211075,0.277785,0.23994500000000002,330.77713964,4,"{""geodesic"":false,""type"":""Point"",""coordinates"":[38.25950398367371,-3.4803476436305063]}"
0000000000000000098d_0,0.06212451157546835,0.12606215,0.03361249999999999,0.04497000000000001,0.085835,0.15337499999999998,0.19762249999999998,0.22996250000000001,0.200785,328.35376346,4,"{""geodesic"":false,""type"":""Point"",""coordinates"":[38.26031568866971,-3.4784485758568904]}"
0000000000000000098e_0,0.09236680439076989,0.17739582,0.033172499999999994,0.0412575,0.07876749999999999,0.16277999999999998,0.23298750000000001,0.3428225,0.293845,328.47339416,4,"{""geodesic"":false,""type"":""Point"",""coordinates"":[38.2586975759003,-3.475462047248101]}"
0000000000000000098f_0,0.08999093616470284,0.18250564,0.030147499999999994,0.037132499999999985,0.06958249999999999,0.1455375,0.21051999999999998,0.32849500000000004,0.283945,328.97242508,4,"{""geodesic"":false,""type"":""Point"",""coordinates"":[38.258158065636025,-3.4746474618701413]}"
00000000000000000990_0,0.09951771891630384,0.1945536,0.032594999999999985,0.04035,0.073405,0.14988249999999997,0.22229,0.33883500000000005,0.28807,328.05981374,4,"{""geodesic"":false,""type"":""Point"",""coordinates"":[38.2584287739969,-3.4738335152518505]}"
00000000000000000991_0,0.08663623929590866,0.17135239,0.031907500000000005,0.03991,0.07469749999999997,0.1549975,0.21910000000000002,0.2906275,0.2473975,331.93584841999996,4,"{""geodesic"":false,""type"":""Point"",""coordinates"":[38.257343812911444,-3.479803164836618]}"
00000000000000000992_0,0.08389973010781557,0.16141589,0.03237499999999999,0.04089999999999999,0.07940000000000003,0.169655,0.2349675,0.327945,0.28534750000000003,333.37483484,4,"{""geodesic"":false,""type"":""Point"",""coordinates"":[38.25653316475761,-3.4803452966538724]}"
00000000000000000993_0,0.06393397306796189,0.13314642,0.029294999999999988,0.04241249999999999,0.08206750000000002,0.14493250000000002,0.18945499999999998,0.22693750000000001,0.19470749999999998,326.64133544000003,4,"{""geodesic"":false,""type"":""Point"",""coordinates"":[38.30051027220448,-3.5411702107771577]}"
00000000000000000994_0,0.0559496909682993,0.12758647,0.024812499999999987,0.035784999999999983,0.0717275,0.126645,0.16368749999999999,0.18931750000000003,0.16165249999999998,332.72882905999995,4,"{""geodesic"":false,""type"":""Point"",""coordinates"":[38.29159324167414,-3.5463197883585584]}"
00000000000000000995_0,0.06039675265156476,0.13284676,0.030670000000000003,0.03836999999999999,0.07123249999999998,0.132475,0.17306500000000002,0.21035500000000001,0.18134250000000002,335.8802435,4,"{""geodesic"":false,""type"":""Point"",""coordinates"":[38.28564801966043,-3.550386018844817]}"
00000000000000000996_0,0.052264548766586476,0.10720116,0.03215499999999999,0.04235749999999999,0.08322249999999998,0.16066249999999999,0.199245,0.241375,0.21351750000000003,330.78055766,4,"{""geodesic"":false,""type"":""Point"",""coordinates"":[38.286999957847215,-3.5484873509146957]}"
00000000000000000997_0,0.06048944603189239,0.12566277,0.03171499999999999,0.04106499999999999,0.07895999999999997,0.15067999999999998,0.1939925,0.23945,0.2080725,331.95293852,4,"{""geodesic"":false,""type"":""Point"",""coordinates"":[38.286729862066466,-3.548487141838143]}"
00000000000000000998_0,0.06035348778803286,0.1289993,0.030257499999999993,0.038644999999999985,0.07376250000000001,0.1427875,0.18508249999999998,0.23021000000000003,0.20166499999999998,332.30157656,4,"{""geodesic"":false,""type"":""Point"",""coordinates"":[38.28645976630174,-3.5484869326824198]}"
00000000000000000999_0,0.06493354274596215,0.13555677,0.0324025,0.04081750000000001,0.07599,0.14573000000000003,0.19143500000000002,0.23986249999999998,0.2086225,332.21954408,4,"{""geodesic"":false,""type"":""Point"",""coordinates"":[38.28618967055303,-3.5484867234475272]}"
0000000000000000099a_0,0.06493354274596215,0.13555677,0.0324025,0.04081750000000001,0.07599,0.14573000000000003,0.19143500000000002,0.23986249999999998,0.2086225,332.21954408,4,"{""geodesic"":false,""type"":""Point"",""coordinates"":[38.28618967055303,-3.5484867234475272]}"
000000000000000009be_0,0.06823595348185513,0.13167015,0.03386,0.043649999999999994,0.085065,0.17664000000000002,0.23021000000000003,0.2681875,0.23235499999999998,333.20735186,4,"{""geodesic"":false,""type"":""Point"",""coordinates"":[38.30133920591764,-3.5162030572817224]}"
000000000000000009bf_0,0.08714724260982033,0.18014832,0.029239999999999988,0.036885,0.06889499999999998,0.1399825,0.2015,0.2767675,0.2375525,330.838664,4,"{""geodesic"":false,""type"":""Point"",""coordinates"":[38.296211210263074,-3.5113141925516773]}"
000000000000000009c0_0,0.08714724260982033,0.18014832,0.029239999999999988,0.036885,0.06889499999999998,0.1399825,0.2015,0.2767675,0.2375525,330.838664,4,"{""geodesic"":false,""type"":""Point"",""coordinates"":[38.296211210263074,-3.5113141925516773]}"
000000000000000009c1_0,0.09051400700350179,0.1814685,0.03314500000000001,0.04133999999999999,0.0754125,0.14364,0.20733000000000001,0.274045,0.235765,328.91431874,4,"{""geodesic"":false,""type"":""Point"",""coordinates"":[38.29567124245675,-3.5110423954946315]}"
000000000000000009c2_0,0.08759225305455835,0.17435247,0.03372249999999999,0.04189000000000001,0.07761249999999997,0.14806750000000002,0.21060250000000003,0.2834225,0.2465175,329.05103954000003,4,"{""geodesic"":false,""type"":""Point"",""coordinates"":[38.295400953558854,-3.5113135796654475]}"
000000000000000009c3_0,0.0939766168417937,0.18758437,0.03281500000000001,0.040927500000000006,0.07458749999999997,0.14369500000000002,0.21005250000000003,0.2763275,0.2374425,329.65944709999997,4,"{""geodesic"":false,""type"":""Point"",""coordinates"":[38.29567103911112,-3.511313784039197]}"
000000000000000009c4_0,0.06775456814937109,0.1415651,0.033475000000000005,0.041917499999999996,0.07676,0.14166,0.1883825,0.21459,0.18335,334.43783906,4,"{""geodesic"":false,""type"":""Point"",""coordinates"":[38.293510559105684,-3.511040758437977]}"
000000000000000009c5_0,0.07935155566226984,0.1600588,0.033695,0.042137499999999994,0.07805250000000002,0.14784750000000002,0.20419500000000002,0.24992750000000002,0.212885,333.77132516,4,"{""geodesic"":false,""type"":""Point"",""coordinates"":[38.292970592535774,-3.510768960002939]}"
000000000000000009c6_0,0.08279096854415383,0.17402028,0.02990000000000001,0.03625249999999999,0.07010499999999997,0.13731500000000002,0.195175,0.2559225,0.2209425,335.34019634000003,4,"{""geodesic"":false,""type"":""Point"",""coordinates"":[38.292699690453404,-3.511854308354635]}"
000000000000000009c7_0,0.09931692593087513,0.19989644,0.026379999999999987,0.039167499999999994,0.07491750000000003,0.139075,0.20856750000000002,0.2228675,0.18362499999999998,328.9074827,4,"{""geodesic"":false,""type"":""Point"",""coordinates"":[38.29836885512166,-3.5153866538157432]}"
000000000000000009c8_0,0.06301281038796938,0.13935687,0.01936750000000001,0.0385075,0.08454250000000002,0.128735,0.170425,0.17666749999999998,0.14914,328.6511312,4,"{""geodesic"":false,""type"":""Point"",""coordinates"":[38.2970165914343,-3.517828131223066]}"
000000000000000009c9_0,0.08636638396864066,0.20972927,0.014499999999999985,0.031275,0.06834499999999999,0.097715,0.14958,0.163275,0.128295,326.50119662,4,"{""geodesic"":false,""type"":""Point"",""coordinates"":[38.29647600941267,-3.518370499524794]}"
000000000000000009ca_0,0.056104636014660175,0.1314271,0.017662499999999998,0.036555000000000004,0.07959250000000001,0.11740499999999998,0.152935,0.16525499999999999,0.1391575,328.07690384,4,"{""geodesic"":false,""type"":""Point"",""coordinates"":[38.29539545514163,-3.5186410693397883]}"
000000000000000009cb_0,0.05174912026495547,0.10707055,0.03069749999999999,0.050277499999999975,0.09697250000000002,0.1433375,0.1777125,0.19391000000000003,0.1648425,329.40309560000003,4,"{""geodesic"":false,""type"":""Point"",""coordinates"":[38.294314492077156,-3.519454414607195]}"
000000000000000009cc_0,0.052485737571312155,0.105707675,0.03220999999999999,0.05294500000000002,0.10060249999999998,0.1498275,0.1852475,0.19787,0.169435,329.40651362,4,"{""geodesic"":false,""type"":""Point"",""coordinates"":[38.29431428785052,-3.5197258030231824]}"
000000000000000009cd_0,0.05040874126999449,0.103199385,0.030917499999999987,0.04980999999999999,0.09730250000000001,0.1497175,0.18417499999999998,0.1960825,0.1686375,329.15699816,4,"{""geodesic"":false,""type"":""Point"",""coordinates"":[38.29377452083065,-3.5191826156600645]}"
000000000000000009ce_0,0.05040874126999449,0.103199385,0.030917499999999987,0.04980999999999999,0.09730250000000001,0.1497175,0.18417499999999998,0.1960825,0.1686375,329.15699816,4,"{""geodesic"":false,""type"":""Point"",""coordinates"":[38.29377452083065,-3.5191826156600645]}"
000000000000000009cf_0,0.0894807239727071,0.1900644,0.03193499999999999,0.04013,0.07315749999999999,0.12386750000000002,0.1820025,0.23884500000000003,0.21093250000000002,329.28688292,4,"{""geodesic"":false,""type"":""Point"",""coordinates"":[38.29727670005327,-3.5311263750135753]}"
000000000000000009d0_0,0.0894807239727071,0.1900644,0.03193499999999999,0.04013,0.07315749999999999,0.12386750000000002,0.1820025,0.23884500000000003,0.21093250000000002,329.28688292,4,"{""geodesic"":false,""type"":""Point"",""coordinates"":[38.29727670005327,-3.5311263750135753]}"
000000000000000009d1_0,0.09325459835720849,0.1976974,0.03042249999999999,0.040872500000000006,0.07348749999999998,0.121255,0.18101250000000002,0.229495,0.20053749999999998,329.52614431999996,4,"{""geodesic"":false,""type"":""Point"",""coordinates"":[38.29700660869872,-3.531126169956614]}"
000000000000000009d2_0,0.09283453634474259,0.19950803,0.028002499999999986,0.03949749999999999,0.07208500000000001,0.11878,0.17798750000000002,0.22292250000000002,0.19380000000000003,330.08328158,4,"{""geodesic"":false,""type"":""Point"",""coordinates"":[38.29700640457478,-3.5313975584622743]}"
000000000000000009d3_0,0.09461395995876878,0.19823459,0.031192499999999984,0.040047499999999986,0.07461499999999999,0.12557249999999998,0.1876675,0.23590250000000001,0.20386500000000002,329.92263463999996,4,"{""geodesic"":false,""type"":""Point"",""coordinates"":[38.29727649600773,-3.531397763535034]}"
000000000000000009d4_0,0.10142689092231566,0.2282384,0.02318999999999999,0.0354825,0.066805,0.10503000000000001,0.16715249999999998,0.20942,0.17578749999999999,328.97242508,4,"{""geodesic"":false,""type"":""Point"",""coordinates"":[38.29673610893947,-3.531668741798983]}"
000000000000000009d5_0,0.10043604533577104,0.20558813,0.031219999999999998,0.038947499999999996,0.07167249999999997,0.13192500000000001,0.20020749999999998,0.2907375,0.24979,329.34840728,4,"{""geodesic"":false,""type"":""Point"",""coordinates"":[38.298086770401234,-3.531398378280581]}"
000000000000000009d6_0,0.08327754719507295,0.19904965,0.01582,0.031137499999999985,0.06625500000000001,0.10324250000000001,0.15455750000000001,0.1696275,0.13910250000000002,328.82545022,4,"{""geodesic"":false,""type"":""Point"",""coordinates"":[38.29511658358275,-3.5303105671576707]}"
000000000000000009d7_0,0.07682600950118768,0.17117584,0.02187,0.03364,0.07244250000000002,0.12403249999999999,0.175265,0.2188525,0.19110500000000002,331.31376878000003,4,"{""geodesic"":false,""type"":""Point"",""coordinates"":[38.29295606131989,-3.530037531560469]}"
000000000000000009d8_0,0.07702844317553575,0.16985783,0.022804999999999992,0.035097500000000004,0.0747525,0.12546249999999998,0.176805,0.2147,0.18494500000000003,331.6589888,4,"{""geodesic"":false,""type"":""Point"",""coordinates"":[38.29322615212343,-3.5300377377356105]}"
000000000000000009d9_0,0.0822960987720369,0.17865008,0.02291499999999999,0.03740750000000001,0.07601750000000002,0.12447249999999999,0.17862,0.2197325,0.18631999999999999,331.88457812,4,"{""geodesic"":false,""type"":""Point"",""coordinates"":[38.29349624294284,-3.5300379438319935]}"
000000000000000009da_0,0.0827525039117083,0.18082844,0.021045000000000008,0.03647249999999999,0.07577,0.12320750000000003,0.1776025,0.21349,0.1807375,331.9837007,4,"{""geodesic"":false,""type"":""Point"",""coordinates"":[38.29376633377811,-3.5300381498496187]}"
000000000000000009db_0,0.0838269335511982,0.1891222,0.019339999999999996,0.033530000000000004,0.07343250000000001,0.11614000000000002,0.170315,0.2010325,0.169325,330.79764776,4,"{""geodesic"":false,""type"":""Point"",""coordinates"":[38.29403642462924,-3.5300383557884856]}"
000000000000000009dc_0,0.07305605471135226,0.1749613,0.017634999999999984,0.030670000000000003,0.06721749999999999,0.10860500000000001,0.1546675,0.17988500000000002,0.1553,330.36697724,4,"{""geodesic"":false,""type"":""Point"",""coordinates"":[38.29322738273924,-3.52840940796059]}"
000000000000000009dd_0,0.0746071337287702,0.17769529,0.020742499999999997,0.032072500000000004,0.067025,0.10772500000000002,0.1542825,0.186375,0.1590125,331.0950155,4,"{""geodesic"":false,""type"":""Point"",""coordinates"":[38.293227177676286,-3.5286807962604216]}"
000000000000000009de_0,0.0746071337287702,0.17769529,0.020742499999999997,0.032072500000000004,0.067025,0.10772500000000002,0.1542825,0.186375,0.1590125,331.0950155,4,"{""geodesic"":false,""type"":""Point"",""coordinates"":[38.293227177676286,-3.5286807962604216]}"
000000000000000009f1_0,0.05467273664318849,0.12252702,0.030505000000000004,0.041559999999999986,0.07689750000000001,0.12535249999999998,0.16036,0.17622749999999998,0.14842499999999997,331.57695632,4,"{""geodesic"":false,""type"":""Point"",""coordinates"":[38.27564726985018,-3.5596053727822516]}"
000000000000000009f2_0,0.05306401917151654,0.11917868,0.02907499999999999,0.04128499999999999,0.07752999999999999,0.12601250000000003,0.1601125,0.1808475,0.15356750000000002,331.28984263999996,4,"{""geodesic"":false,""type"":""Point"",""coordinates"":[38.27537759567343,-3.5590623856010635]}"
000000000000000009f3_0,0.04947750053316279,0.11085049,0.031055,0.042082499999999995,0.0781075,0.12793749999999998,0.15983750000000002,0.17732750000000003,0.151065,331.26249848,4,"{""geodesic"":false,""type"":""Point"",""coordinates"":[38.27537738360077,-3.559333772657788]}"
000000000000000009f4_0,0.05686644242856663,0.12685275,0.029239999999999988,0.040679999999999994,0.07697999999999999,0.1267275,0.16355000000000003,0.1843125,0.15491500000000002,330.19607624,4,"{""geodesic"":false,""type"":""Point"",""coordinates"":[38.27456730123026,-3.5590617460142875]}"
000000000000000009f5_0,0.07135828877005351,0.15625958,0.02984500000000001,0.04076250000000001,0.07626499999999997,0.12384,0.16971000000000003,0.18486249999999999,0.15200000000000002,330.38064932,4,"{""geodesic"":false,""type"":""Point"",""coordinates"":[38.274027529903,-3.558518545270817]}"
000000000000000009f6_0,0.05810080362940281,0.12746812,0.030505000000000004,0.042027499999999995,0.07873999999999998,0.12969750000000002,0.16759249999999998,0.18582500000000002,0.15639999999999998,330.77372162,4,"{""geodesic"":false,""type"":""Point"",""coordinates"":[38.27429741548761,-3.5587901456667463]}"
000000000000000009f7_0,0.057305524797963886,0.1274401,0.025334999999999996,0.03842499999999999,0.07873999999999998,0.1305775,0.16871999999999998,0.1901425,0.16107500000000002,330.90702439999995,4,"{""geodesic"":false,""type"":""Point"",""coordinates"":[38.275108558023724,-3.557705237258526]}"
000000000000000009f8_0,0.06761571534944792,0.13356481,0.04048750000000001,0.05115750000000002,0.09092250000000002,0.15065250000000002,0.1971,0.2309525,0.19583499999999998,328.5827708,4,"{""geodesic"":false,""type"":""Point"",""coordinates"":[38.26915204978819,-3.575883434976314]}"
000000000000000009f9_0,0.06754631459242345,0.13302577,0.0418625,0.05225750000000001,0.09295750000000003,0.15010250000000003,0.19616499999999998,0.23285,0.19589,328.5485906,4,"{""geodesic"":false,""type"":""Point"",""coordinates"":[38.269151834880134,-3.576154821556609]}"
000000000000000009fa_0,0.06816975273885556,0.13586581,0.03991,0.04997499999999999,0.08844750000000001,0.1482325,0.194845,0.224655,0.1901425,329.60475878,4,"{""geodesic"":false,""type"":""Point"",""coordinates"":[38.268612059456174,-3.5756116164250433]}"
000000000000000009fb_0,0.08494075560743343,0.17255872,0.03636249999999999,0.046922500000000006,0.08286500000000002,0.13338250000000001,0.189015,0.21959499999999998,0.17485250000000002,330.1892402,4,"{""geodesic"":false,""type"":""Point"",""coordinates"":[38.26699252156695,-3.574253386326583]}"
000000000000000009fc_0,0.06638175500259615,0.13259356,0.039167499999999994,0.04945250000000001,0.08828249999999999,0.1494975,0.1952025,0.230595,0.19644,330.09695366,4,"{""geodesic"":false,""type"":""Point"",""coordinates"":[38.26645231740023,-3.574252953245644]}"
000000000000000009fd_0,0.06154110373253945,0.12649667,0.03751750000000001,0.04805000000000001,0.085725,0.1428975,0.18428499999999998,0.21073999999999998,0.17980249999999998,330.32254298,4,"{""geodesic"":false,""type"":""Point"",""coordinates"":[38.26618178395981,-3.574795509401815]}"
000000000000000009fe_0,0.0652380681402476,0.13234335,0.039002499999999996,0.04873749999999999,0.08660499999999999,0.144685,0.1888225,0.21890749999999998,0.1859075,330.29861684,4,"{""geodesic"":false,""type"":""Point"",""coordinates"":[38.26645210179696,-3.574524339671075]}"
000000000000000009ff_0,0.07187579079696,0.14525454,0.03751750000000001,0.048187499999999994,0.084735,0.14248500000000003,0.19091249999999998,0.21954,0.18417499999999998,329.40309560000003,4,"{""geodesic"":false,""type"":""Point"",""coordinates"":[38.26564179543235,-3.574523689402086]}"
00000000000000000a00_0,0.0588566997955875,0.1202059,0.03622500000000001,0.04593249999999999,0.08357999999999999,0.1512575,0.19258999999999998,0.21802749999999999,0.18522,329.55007046000003,4,"{""geodesic"":false,""type"":""Point"",""coordinates"":[38.264291285154634,-3.574522604025417]}"
00000000000000000a01_0,0.05910890320577503,0.113660574,0.041092500000000004,0.055145,0.10214250000000002,0.16330250000000002,0.205185,0.23749750000000003,0.2008125,324.98359574,4,"{""geodesic"":false,""type"":""Point"",""coordinates"":[38.267805194125785,-3.571268783657287]}"
00000000000000000a02_0,0.05097909856958646,0.0986326,0.03779250000000001,0.05327500000000002,0.1014275,0.1708925,0.2082925,0.23392249999999998,0.19644,325.21943912,4,"{""geodesic"":false,""type"":""Point"",""coordinates"":[38.267535738073306,-3.5704544080398684]}"
00000000000000000a03_0,0.04894634583769246,0.095033966,0.03933249999999999,0.05288999999999999,0.09999750000000002,0.17152499999999998,0.20755,0.23186,0.19578,326.11154234,4,"{""geodesic"":false,""type"":""Point"",""coordinates"":[38.26726563705935,-3.5704541919293042]}"
00000000000000000a04_0,0.04833577606828515,0.09476277,0.03925000000000001,0.05264249999999998,0.09870499999999999,0.1672075,0.20221499999999998,0.2242425,0.1922875,325.77999439999996,4,"{""geodesic"":false,""type"":""Point"",""coordinates"":[38.26726520677335,-3.5709969649227413]}"
00000000000000000a05_0,0.04462465100229007,0.094451234,0.02792,0.04375999999999999,0.09207749999999998,0.15002,0.181315,0.18973,0.16575,331.22831828,4,"{""geodesic"":false,""type"":""Point"",""coordinates"":[38.29836377994289,-3.5221713702658954]}"
00000000000000000a06_0,0.06479418562929216,0.14709859,0.025719999999999993,0.034877500000000006,0.06776749999999998,0.12381249999999999,0.16652,0.18563249999999998,0.15871000000000002,336.14343104,4,"{""geodesic"":false,""type"":""Point"",""coordinates"":[38.28703118962409,-3.5075077725901997]}"
00000000000000000a07_0,0.09128241410071054,0.18063472,0.033117499999999994,0.04183500000000001,0.07601750000000002,0.14806750000000002,0.2133525,0.28713500000000003,0.24690250000000002,333.81234140000004,4,"{""geodesic"":false,""type"":""Point"",""coordinates"":[38.28622052606807,-3.5080499284000877]}"
00000000000000000a08_0,0.08058033449618754,0.1656832,0.03064249999999999,0.03944249999999999,0.0747525,0.14298,0.1997675,0.24946000000000002,0.2169275,334.3250444,4,"{""geodesic"":false,""type"":""Point"",""coordinates"":[38.286490815947914,-3.507778747223003]}"
00000000000000000a09_0,0.08414908355856372,0.16719885,0.03281500000000001,0.0414225,0.07829999999999998,0.15224749999999998,0.21338000000000001,0.27597,0.24044,333.84310358,4,"{""geodesic"":false,""type"":""Point"",""coordinates"":[38.28622073194997,-3.507778540394251]}"
00000000000000000a0a_0,0.08414908355856372,0.16719885,0.03281500000000001,0.0414225,0.07829999999999998,0.15224749999999998,0.21338000000000001,0.27597,0.24044,333.84310358,4,"{""geodesic"":false,""type"":""Point"",""coordinates"":[38.28622073194997,-3.507778540394251]}"
00000000000000000a0b_0,0.08860723092518172,0.1659313,0.03727,0.04637250000000001,0.08765,0.17037000000000002,0.23815750000000002,0.3102075,0.273055,332.1033314,4,"{""geodesic"":false,""type"":""Point"",""coordinates"":[38.28405820142025,-3.5102193737853415]}"
00000000000000000a0c_0,0.08511597756545755,0.1589835,0.03746250000000001,0.046015,0.0867425,0.1757325,0.2421725,0.31441500000000006,0.2763,332.24347022,4,"{""geodesic"":false,""type"":""Point"",""coordinates"":[38.284058408053845,-3.509947985920759]}"
00000000000000000a0d_0,0.08592982274665109,0.16699518,0.034107499999999985,0.04263249999999999,0.07964749999999998,0.15953499999999998,0.22349999999999998,0.2929375,0.256005,334.21908578,4,"{""geodesic"":false,""type"":""Point"",""coordinates"":[38.283788530272545,-3.5096763904088344]}"
00000000000000000a0e_0,0.0864739386765259,0.17346996,0.032072500000000004,0.04065250000000001,0.0746425,0.14740750000000002,0.20928249999999998,0.2741825,0.2358475,333.79866932,4,"{""geodesic"":false,""type"":""Point"",""coordinates"":[38.28324815467185,-3.5099473627002897]}"
00000000000000000a0f_0,0.09061321969608277,0.1835494,0.031137499999999985,0.03949749999999999,0.073845,0.14201750000000002,0.2058725,0.26211,0.22215250000000003,334.66342838,4,"{""geodesic"":false,""type"":""Point"",""coordinates"":[38.28324856835837,-3.509404587062964]}"
00000000000000000a10_0,0.0875880281690141,0.18031977,0.031962500000000005,0.039965,0.07235999999999998,0.13682,0.1970175,0.25265,0.2137925,333.48421148,4,"{""geodesic"":false,""type"":""Point"",""coordinates"":[38.283248981980506,-3.508861811419279]}"
00000000000000000a11_0,0.09504448291131602,0.19258463,0.033172499999999994,0.0413125,0.073405,0.13610499999999998,0.2010325,0.2685175,0.2246825,333.64827644,4,"{""geodesic"":false,""type"":""Point"",""coordinates"":[38.28297931157727,-3.5083188279691435]}"
00000000000000000a12_0,0.08541502636413525,0.17553973,0.03168750000000001,0.040157499999999985,0.07186500000000001,0.1387175,0.1977875,0.261615,0.2234175,333.49788356,4,"{""geodesic"":false,""type"":""Point"",""coordinates"":[38.2829788978637,-3.508861603586959]}"
00000000000000000a13_0,0.08976743854547531,0.16319475,0.040047499999999986,0.051102499999999995,0.09405750000000002,0.1776025,0.246875,0.3224725,0.2840825,331.39921928,4,"{""geodesic"":false,""type"":""Point"",""coordinates"":[38.28297724236543,-3.5110327059946402]}"
00000000000000000a14_0,0.09045171955295224,0.16636322,0.0386175,0.04934250000000001,0.09119749999999999,0.17342249999999998,0.24264000000000002,0.31768749999999996,0.27627250000000003,331.04716322,4,"{""geodesic"":false,""type"":""Point"",""coordinates"":[38.28297744935907,-3.5107613181992443]}"
00000000000000000a15_0,0.08653880368643917,0.15890704,0.03949749999999999,0.04983750000000001,0.09232499999999999,0.17699750000000003,0.24387750000000002,0.31964,0.2812775,331.06425332000003,4,"{""geodesic"":false,""type"":""Point"",""coordinates"":[38.282707364712856,-3.5107611101758063]}"
00000000000000000a16_0,0.05155955959365449,0.120072834,0.01650750000000001,0.03636249999999999,0.08162750000000002,0.122025,0.1553275,0.16748249999999998,0.14182499999999998,333.20393384,4,"{""geodesic"":false,""type"":""Point"",""coordinates"":[38.297014353711205,-3.5208134055578912]}"
00000000000000000a17_0,0.0552103170625773,0.12801959,0.0175525,0.034245,0.07769500000000001,0.12381249999999999,0.16016750000000002,0.1741375,0.14641749999999998,331.27617055999997,4,"{""geodesic"":false,""type"":""Point"",""coordinates"":[38.29647397331915,-3.521084384943683]}"
00000000000000000a18_0,0.052517479161000295,0.11621994,0.021045000000000008,0.037105,0.0808025,0.1372875,0.17339500000000002,0.18975750000000002,0.1615975,330.5652224,4,"{""geodesic"":false,""type"":""Point"",""coordinates"":[38.29620368113443,-3.521355568752883]}"
00000000000000000a19_0,0.060682300072787076,0.12986194,0.022474999999999995,0.03914000000000001,0.08341500000000002,0.14133,0.18351499999999998,0.2047175,0.174,329.17750628,4,"{""geodesic"":false,""type"":""Point"",""coordinates"":[38.295933592661754,-3.5213553639503967]}"
00000000000000000a1a_0,0.045461088187314085,0.09738303,0.025115,0.043484999999999996,0.09158250000000001,0.144905,0.1761725,0.18282749999999998,0.1586825,331.54619414,4,"{""geodesic"":false,""type"":""Point"",""coordinates"":[38.2983639831391,-3.5218999816270142]}"
00000000000000000a1b_0,0.04462465100229007,0.094451234,0.02792,0.04375999999999999,0.09207749999999998,0.15002,0.181315,0.18973,0.16575,331.22831828,4,"{""geodesic"":false,""type"":""Point"",""coordinates"":[38.29836377994289,-3.5221713702658954]}"
00000000000000000a1c_0,0.04690266164941021,0.09654104,0.029514999999999986,0.04560249999999999,0.09397499999999998,0.15750000000000003,0.19116,0.20029000000000002,0.1758425,330.81815588,4,"{""geodesic"":false,""type"":""Point"",""coordinates"":[38.298093691109365,-3.522171166044601]}"
00000000000000000a1d_0,0.04862725809336429,0.097014874,0.032897499999999996,0.04799500000000001,0.09644999999999998,0.16701500000000002,0.20290249999999999,0.21802749999999999,0.19052750000000002,330.48318992,4,"{""geodesic"":false,""type"":""Point"",""coordinates"":[38.29809348781919,-3.522442554666114]}"
00000000000000000a1e_0,0.03876001058971474,0.08339604,0.03157750000000001,0.04733499999999999,0.091005,0.14160499999999998,0.16737249999999998,0.17248750000000002,0.151505,331.10185154,4,"{""geodesic"":false,""type"":""Point"",""coordinates"":[38.29890375460165,-3.522443167141553]}"
00000000000000000a1f_0,0.04421768707482988,0.09367763,0.0294325,0.04447499999999999,0.09229749999999998,0.1487275,0.17947249999999998,0.1911875,0.1645125,331.04716322,4,"{""geodesic"":false,""type"":""Point"",""coordinates"":[38.29863366565841,-3.522442963061662]}"
00000000000000000a20_0,0.04484357528794506,0.09423619,0.031219999999999998,0.0445575,0.09103250000000002,0.1515875,0.18313000000000001,0.1942125,0.168665,330.8215739,4,"{""geodesic"":false,""type"":""Point"",""coordinates"":[38.29863346250891,-3.5227143517131214]}"
00000000000000000a21_0,0.05033700861027779,0.1025027,0.0352625,0.047967499999999996,0.09139000000000003,0.1555475,0.1910775,0.2057075,0.17688749999999998,330.74979548,4,"{""geodesic"":false,""type"":""Point"",""coordinates"":[38.298633259343646,-3.522985740362986]}"
00000000000000000a22_0,0.0495097135251718,0.105433494,0.03237499999999999,0.04367750000000001,0.08456999999999998,0.14407999999999999,0.1780425,0.18918000000000001,0.16231250000000003,329.40993163999997,4,"{""geodesic"":false,""type"":""Point"",""coordinates"":[38.29998269089287,-3.52434370375318]}"
00000000000000000a23_0,0.053737594315792885,0.1158283,0.0322925,0.042385000000000006,0.08399250000000003,0.13844250000000002,0.174715,0.19017,0.16297250000000002,329.05787558,4,"{""geodesic"":false,""type"":""Point"",""coordinates"":[38.299982488024405,-3.524615092472219]}"
00000000000000000a24_0,0.05356121337502248,0.11035278,0.034217499999999984,0.04582249999999999,0.08690750000000003,0.15153250000000001,0.189125,0.20243499999999998,0.1742475,329.15016212,4,"{""geodesic"":false,""type"":""Point"",""coordinates"":[38.29944169960668,-3.5254288506638125]}"
00000000000000000a25_0,0.04989336983161989,0.106736615,0.03001000000000001,0.04222000000000001,0.08341500000000002,0.14429999999999998,0.17878500000000003,0.18929,0.16297250000000002,331.0608353,4,"{""geodesic"":false,""type"":""Point"",""coordinates"":[38.30133313889757,-3.5243447219522017]}"
00000000000000000a26_0,0.04989336983161989,0.106736615,0.03001000000000001,0.04222000000000001,0.08341500000000002,0.14429999999999998,0.17878500000000003,0.18929,0.16297250000000002,331.0608353,4,"{""geodesic"":false,""type"":""Point"",""coordinates"":[38.30133313889757,-3.5243447219522017]}"
00000000000000000a27_0,0.050626827412184106,0.10753287,0.031852500000000006,0.04373250000000001,0.08412999999999998,0.144245,0.17900500000000003,0.1910775,0.1632475,331.0779254,4,"{""geodesic"":false,""type"":""Point"",""coordinates"":[38.3013329364204,-3.5246161107498364]}"
00000000000000000a28_0,0.05279046548376197,0.10938668,0.033420000000000005,0.04538249999999999,0.08655000000000002,0.15034999999999998,0.18728250000000002,0.2023525,0.17323,330.11746178,4,"{""geodesic"":false,""type"":""Point"",""coordinates"":[38.30160262130181,-3.5251590917913322]}"
00000000000000000a29_0,0.04776307003417254,0.09890565,0.034052499999999986,0.04659250000000001,0.08940999999999999,0.15233000000000002,0.18577,0.19776,0.17083749999999998,329.74831561999997,4,"{""geodesic"":false,""type"":""Point"",""coordinates"":[38.300792351700416,-3.5251584812023435]}"
00000000000000000a2a_0,0.07521415366990394,0.1333253,0.040872500000000006,0.05294500000000002,0.10170249999999997,0.20656000000000002,0.27011250000000003,0.3415575,0.29841,327.46849627999995,4,"{""geodesic"":false,""type"":""Point"",""coordinates"":[38.303499502001856,-3.5167474564884214]}"
00000000000000000a2b_0,0.07665820000523715,0.13645995,0.0418075,0.05206499999999997,0.10027249999999999,0.20378249999999998,0.2681875,0.33625,0.295055,327.9675272,4,"{""geodesic"":false,""type"":""Point"",""coordinates"":[38.303229414432934,-3.5167472540733633]}"
00000000000000000a2c_0,0.0798034503783939,0.15791851,0.030202499999999993,0.0381775,0.07376250000000001,0.1631375,0.224325,0.2981625,0.25529,331.51543196,4,"{""geodesic"":false,""type"":""Point"",""coordinates"":[38.302420160212854,-3.5153897018083717]}"
00000000000000000a2d_0,0.07977702895972423,0.15251195,0.03355749999999999,0.042027499999999995,0.0808025,0.17474250000000002,0.23763499999999999,0.3065775,0.2656575,331.97686466,4,"{""geodesic"":false,""type"":""Point"",""coordinates"":[38.3021500730969,-3.5153894991578793]}"
00000000000000000a2e_0,0.0798034503783939,0.15791851,0.030202499999999993,0.0381775,0.07376250000000001,0.1631375,0.224325,0.2981625,0.25529,331.51543196,4,"{""geodesic"":false,""type"":""Point"",""coordinates"":[38.302420160212854,-3.5153897018083717]}"
00000000000000000a2f_0,0.08602493959507876,0.15835337,0.03663749999999999,0.04738999999999999,0.0863025,0.181095,0.24924000000000002,0.31876,0.2734125,331.28984263999996,4,"{""geodesic"":false,""type"":""Point"",""coordinates"":[38.301879985996614,-3.515389296428956]}"
00000000000000000a30_0,0.08374887658365458,0.16583492,0.03064249999999999,0.03803999999999999,0.07546750000000002,0.15983750000000002,0.22338999999999998,0.2894725,0.24736999999999998,331.86748802,4,"{""geodesic"":false,""type"":""Point"",""coordinates"":[38.301610706280805,-3.514303538141977]}"
00000000000000000a31_0,0.08443714520332747,0.1624364,0.032649999999999985,0.0417525,0.07692500000000002,0.16767500000000002,0.2327125,0.30116000000000004,0.25639,331.64531672,4,"{""geodesic"":false,""type"":""Point"",""coordinates"":[38.301610908083795,-3.5140321492680933]}"
00000000000000000a32_0,0.07731227022895208,0.1556666,0.029762499999999997,0.037132499999999985,0.0715075,0.15840749999999998,0.2168175,0.2988225,0.2559225,331.73760326,4,"{""geodesic"":false,""type"":""Point"",""coordinates"":[38.30134082140508,-3.514031946460811]}"
00000000000000000a33_0,0.07494522446026469,0.140945,0.03652749999999999,0.0445575,0.08732000000000001,0.18403750000000002,0.24442750000000002,0.3302825,0.2902975,331.63506266,4,"{""geodesic"":false,""type"":""Point"",""coordinates"":[38.301070936685385,-3.51376035473106]}"
00000000000000000a34_0,0.08442072935583617,0.15742117,0.03727,0.046097499999999986,0.08803499999999997,0.17721750000000003,0.24343750000000003,0.33647,0.29698,329.2663748,4,"{""geodesic"":false,""type"":""Point"",""coordinates"":[38.29999119717433,-3.5129453761141245]}"
00000000000000000a35_0,0.08477234952907962,0.14846382,0.043952500000000005,0.054952500000000015,0.09834749999999998,0.20031749999999998,0.2701675,0.36201750000000005,0.32195,329.61501283999996,4,"{""geodesic"":false,""type"":""Point"",""coordinates"":[38.300261283462504,-3.5129455792504856]}"
00000000000000000a36_0,0.08432048853580613,0.15507054,0.039635000000000004,0.049534999999999996,0.08979500000000001,0.1787575,0.2443725,0.32019000000000003,0.2799575,329.93972474,4,"{""geodesic"":false,""type"":""Point"",""coordinates"":[38.299720706313565,-3.513487950438229]}"
00000000000000000a37_0,0.080766753261462,0.15070121,0.038947499999999996,0.0477475,0.08814499999999997,0.1768325,0.2395875,0.319475,0.27817000000000003,330.13796990000003,4,"{""geodesic"":false,""type"":""Point"",""coordinates"":[38.29972050399583,-3.5137593392052633]}"
00000000000000000a38_0,0.08027117516168615,0.14618863,0.04139499999999999,0.050937500000000024,0.09361750000000002,0.18599,0.24968,0.3220875,0.2862275,330.7361234,4,"{""geodesic"":false,""type"":""Point"",""coordinates"":[38.299450215093586,-3.514030524614621]}"
00000000000000000a39_0,0.07836075841257192,0.1478195,0.03809499999999999,0.046729999999999994,0.0875125,0.17454999999999998,0.235105,0.30523000000000006,0.2675,330.76346756,4,"{""geodesic"":false,""type"":""Point"",""coordinates"":[38.299179926035286,-3.5143017099124956]}"
00000000000000000a3a_0,0.07068483287640887,0.13419603,0.03600500000000001,0.04508000000000001,0.08478999999999998,0.18114999999999998,0.237305,0.31117,0.2728625,330.11062574,4,"{""geodesic"":false,""type"":""Point"",""coordinates"":[38.29863975282034,-3.514301302776805]}"
00000000000000000a3b_0,0.09650375939849623,0.19418217,0.029157500000000003,0.035619999999999985,0.06542999999999999,0.1464725,0.217065,0.33831249999999996,0.29852,323.23015148,4,"{""geodesic"":false,""type"":""Point"",""coordinates"":[38.2171210243805,-3.4577883901377215]}"
00000000000000000a3c_0,0.10724409575279659,0.21468394,0.0325675,0.040212499999999984,0.06823499999999999,0.134345,0.20779750000000002,0.32046500000000006,0.2845225,323.10368474,4,"{""geodesic"":false,""type"":""Point"",""coordinates"":[38.21712080179448,-3.4580597741282886]}"
00000000000000000a3d_0,0.09106166791408672,0.18948294,0.025444999999999995,0.031907500000000005,0.062460000000000016,0.14168750000000002,0.20793499999999998,0.3321525,0.2994825,323.02165226,4,"{""geodesic"":false,""type"":""Point"",""coordinates"":[38.216850513584575,-3.4583309343796085]}"
00000000000000000a3e_0,0.08686536916034804,0.16634832,0.03182499999999999,0.039992499999999986,0.0779975,0.17130499999999999,0.23967,0.32846749999999997,0.289335,323.50017506,4,"{""geodesic"":false,""type"":""Point"",""coordinates"":[38.215235470837776,-3.4518163771242985]}"
00000000000000000a3f_0,0.09778191386086245,0.18105134,0.03141250000000001,0.03977249999999999,0.07906999999999997,0.18167250000000001,0.262,0.3789575,0.34103500000000003,324.8913092,4,"{""geodesic"":false,""type"":""Point"",""coordinates"":[38.21199112768573,-3.4561558246362503]}"
00000000000000000a40_0,0.10627054105314973,0.20111592,0.03193499999999999,0.040514999999999995,0.07552249999999999,0.16036,0.24109999999999998,0.3610275,0.3098775,323.96160776,4,"{""geodesic"":false,""type"":""Point"",""coordinates"":[38.21145122246309,-3.455883990804845]}"
00000000000000000a41_0,0.09501673609294402,0.17748907,0.030725000000000002,0.038892499999999997,0.07791500000000001,0.1805175,0.258425,0.385805,0.34571,324.73749829999997,4,"{""geodesic"":false,""type"":""Point"",""coordinates"":[38.21145099838892,-3.4561553744355527]}"
00000000000000000a82_0,0.03389512949131751,0.08529291,0.012217499999999992,0.03053249999999999,0.0753025,0.11737750000000002,0.1392675,0.145455,0.12452750000000001,328.93482686,4,"{""geodesic"":false,""type"":""Point"",""coordinates"":[38.297826650925295,-3.5181001324674175]}"
000000000000000007ea_0,0.10781998294299022,0.19011489,0.034822500000000006,0.045630000000000004,0.09130749999999999,0.192535,0.2829275,0.4127,0.37942499999999996,325.09297238,5,"{""geodesic"":false,""type"":""Point"",""coordinates"":[38.13713000544919,-3.5152510166799824]}"
000000000000000007eb_0,0.09889349487752845,0.17474695,0.0354825,0.04560249999999999,0.0923525,0.200455,0.28534750000000003,0.41960250000000004,0.38979250000000004,325.02803,5,"{""geodesic"":false,""type"":""Point"",""coordinates"":[38.136589353523824,-3.5157932715921567]}"
000000000000000007ec_0,0.10887991027046315,0.18922837,0.03495999999999999,0.04607,0.0959275,0.20130750000000003,0.295275,0.42782500000000007,0.39664000000000005,325.20918506,5,"{""geodesic"":false,""type"":""Point"",""coordinates"":[38.137670158292345,-3.515251517736203]}"
000000000000000007ed_0,0.10100329728134662,0.17763317,0.035564999999999986,0.04618,0.09425,0.200455,0.2870525,0.41077500000000006,0.3832475,325.20234902,5,"{""geodesic"":false,""type"":""Point"",""coordinates"":[38.13739983252505,-3.5155226454473185]}"
000000000000000007ee_0,0.10400886632958871,0.18441276,0.0352075,0.04543749999999999,0.09103250000000002,0.19289250000000002,0.2801225,0.41545000000000004,0.38126750000000004,325.3014716,5,"{""geodesic"":false,""type"":""Point"",""coordinates"":[38.13685992905667,-3.5152507660342485]}"
000000000000000007ef_0,0.10165772149221372,0.18341681,0.033007499999999995,0.04299,0.0870725,0.18830000000000002,0.27289,0.407695,0.38189999999999996,326.09787026000004,5,"{""geodesic"":false,""type"":""Point"",""coordinates"":[38.13740157747054,-3.5136229980136537]}"
000000000000000007f0_0,0.10068661777411127,0.17993394,0.034409999999999996,0.04378750000000001,0.08822750000000001,0.19426749999999998,0.27951750000000003,0.41151750000000004,0.38189999999999996,326.4465083,5,"{""geodesic"":false,""type"":""Point"",""coordinates"":[38.13740207585208,-3.513080241589662]}"
000000000000000007f1_0,0.09980175433832118,0.18420424,0.032649999999999985,0.04117499999999999,0.08151750000000002,0.17903249999999998,0.2598825,0.40412,0.37321,326.64133544000003,5,"{""geodesic"":false,""type"":""Point"",""coordinates"":[38.13767240074296,-3.512809113689715]}"
000000000000000007f2_0,0.09767160358129215,0.1852176,0.03064249999999999,0.0386175,0.07522000000000001,0.16984749999999998,0.2470675,0.38564000000000004,0.35940500000000003,326.38840196,5,"{""geodesic"":false,""type"":""Point"",""coordinates"":[38.142803843268645,-3.5128138547754917]}"
000000000000000007f3_0,0.10440081058463072,0.19520812,0.030780000000000002,0.039057499999999995,0.0770075,0.17114000000000001,0.2541625,0.3892425,0.36089,325.94405936,5,"{""geodesic"":false,""type"":""Point"",""coordinates"":[38.14469511753201,-3.5120014581439163]}"
000000000000000007f4_0,0.0980803777299038,0.1846268,0.030120000000000008,0.038947499999999996,0.07634750000000001,0.17306500000000002,0.25144,0.3918,0.3659225,327.00706358,5,"{""geodesic"":false,""type"":""Point"",""coordinates"":[38.14226492959671,-3.5114564642101307]}"
000000000000000007f5_0,0.10021023125437982,0.19035518,0.030037499999999995,0.03831499999999999,0.0742025,0.16726249999999998,0.24591249999999998,0.38896749999999997,0.35995499999999997,327.50951252,5,"{""geodesic"":false,""type"":""Point"",""coordinates"":[38.14469585841206,-3.5111873219130625]}"
000000000000000007f6_0,0.1003746069971235,0.18332824,0.032072500000000004,0.04183500000000001,0.0833875,0.18381750000000002,0.266345,0.39823500000000006,0.36133,325.87911698,5,"{""geodesic"":false,""type"":""Point"",""coordinates"":[38.14983245179126,-3.5054930604382952]}"
000000000000000007f7_0,0.10111667985579881,0.18691535,0.031192499999999984,0.040157499999999985,0.07973000000000002,0.17884,0.261065,0.40357000000000004,0.36606,326.59006514,5,"{""geodesic"":false,""type"":""Point"",""coordinates"":[38.14875411621503,-3.503321042292261]}"
000000000000000007f8_0,0.0990852208972823,0.17300785,0.0356475,0.0473625,0.09554249999999997,0.20545999999999998,0.291425,0.42309500000000005,0.38454000000000005,326.09445224,5,"{""geodesic"":false,""type"":""Point"",""coordinates"":[38.152268006240085,-3.5000676867433187]}"
000000000000000007f9_0,0.10455581640638291,0.19267006,0.031494999999999995,0.04043250000000001,0.0810225,0.1770525,0.26156,0.39314750000000004,0.36339250000000006,326.43283622,5,"{""geodesic"":false,""type"":""Point"",""coordinates"":[38.13821180541802,-3.5136237488963036]}"
000000000000000007fa_0,0.10575637693649198,0.19365607,0.03187999999999999,0.041147500000000004,0.08132499999999998,0.17845499999999997,0.26417250000000003,0.39884000000000003,0.364025,326.82249049999996,5,"{""geodesic"":false,""type"":""Point"",""coordinates"":[38.13821255225934,-3.512809614083517]}"
000000000000000007fb_0,0.100581238439411,0.17997067,0.03479499999999999,0.0447225,0.0896575,0.19146249999999998,0.2755025,0.40445000000000003,0.37257750000000006,325.09980842,5,"{""geodesic"":false,""type"":""Point"",""coordinates"":[38.13631977632978,-3.515250264507534]}"
000000000000000007fc_0,0.10011650822374538,0.17497452,0.034822500000000006,0.04486000000000001,0.09262749999999997,0.20947500000000002,0.2983275,0.4394025,0.40538500000000005,324.55976125999996,5,"{""geodesic"":false,""type"":""Point"",""coordinates"":[38.13469956871174,-3.5149773800379815]}"
000000000000000007fd_0,0.10066091197539247,0.19040075,0.030092499999999994,0.03792999999999999,0.07568750000000002,0.1699025,0.24981750000000003,0.39364250000000006,0.36529000000000006,327.12669428000004,5,"{""geodesic"":false,""type"":""Point"",""coordinates"":[38.146317052696105,-3.5103746726474396]}"
00000000000000000a78_0,0.12443769158295623,0.18864845,0.05926999999999999,0.07780500000000001,0.1347025,0.22182249999999998,0.32497499999999996,0.484585,0.4186675,326.17648471999996,5,"{""geodesic"":false,""type"":""Point"",""coordinates"":[38.155769468583685,-3.5106546700423924]}"
00000000000000000a79_0,0.11976249915660207,0.17808282,0.06630999999999998,0.08489999999999998,0.14292500000000002,0.22528750000000003,0.3229125,0.4798275,0.4195475,325.98165758,5,"{""geodesic"":false,""type"":""Point"",""coordinates"":[38.15657774955091,-3.512826440971853]}"
00000000000000000a7a_0,0.11924887073652318,0.17775834,0.0663375,0.084515,0.1424025,0.224325,0.3213175,0.48024000000000006,0.4170725,325.95089540000004,5,"{""geodesic"":false,""type"":""Point"",""coordinates"":[38.15657799315648,-3.512555061394656]}"
00000000000000000a7b_0,0.12243565326222994,0.18308921,0.06540249999999997,0.08313999999999999,0.13992749999999998,0.22086,0.31986,0.47474,0.40692500000000004,326.1730667,5,"{""geodesic"":false,""type"":""Point"",""coordinates"":[38.15630889070942,-3.511469298335611]}"
00000000000000000a7c_0,0.11910940764695706,0.17854875,0.06435750000000001,0.08231499999999997,0.1409725,0.22647,0.32492000000000004,0.47980000000000006,0.41333250000000005,326.37131186,5,"{""geodesic"":false,""type"":""Point"",""coordinates"":[38.156309377868155,-3.5109265392015883]}"
00000000000000000a7d_0,0.12243316543975204,0.18602328,0.058609999999999995,0.07626499999999997,0.13682,0.2281475,0.33242750000000004,0.4849425,0.421885,326.46018038,5,"{""geodesic"":false,""type"":""Point"",""coordinates"":[38.156040032192855,-3.5101121557707855]}"
00000000000000000a7e_0,0.12482767182181102,0.19447722,0.052559999999999996,0.06985750000000002,0.12636999999999998,0.217615,0.3226925,0.48846249999999997,0.41778750000000003,326.50119662,5,"{""geodesic"":false,""type"":""Point"",""coordinates"":[38.15631010846418,-3.5101124004885933]}"
00000000000000000a7f_0,0.10838155045189152,0.16668737,0.061167499999999986,0.07816250000000002,0.13638,0.22636,0.3169175,0.46374,0.406155,327.25657904,5,"{""geodesic"":false,""type"":""Point"",""coordinates"":[38.16117124247105,-3.5103881719323478]}"
00000000000000000a80_0,0.10701592995320945,0.16604587,0.05992999999999998,0.07662249999999998,0.13676500000000003,0.223335,0.31227,0.46253000000000005,0.4034325,327.45824222,5,"{""geodesic"":false,""type"":""Point"",""coordinates"":[38.16144131917919,-3.5103884151812577]}"
00000000000000000a81_0,0.09908009406556924,0.18750557,0.030257499999999993,0.03809499999999999,0.07522000000000001,0.17070000000000002,0.24948750000000003,0.3968325,0.3704325,327.18480062000003,5,"{""geodesic"":false,""type"":""Point"",""coordinates"":[38.14631729909253,-3.510103293780614]}"
00000000000000000d62_0,0.0987000131017717,0.19216944,0.030340000000000006,0.037709999999999994,0.07180999999999998,0.1567575,0.23133750000000003,0.37120250000000005,0.3421625,326.46018038,5,"{""geodesic"":false,""type"":""Point"",""coordinates"":[38.143613824304076,-3.51308597944075]}"
00000000000000000d63_0,0.09899598118150524,0.18516445,0.03036749999999999,0.039635000000000004,0.07747500000000002,0.1746875,0.25408000000000003,0.394935,0.3661975,327.42406202,5,"{""geodesic"":false,""type"":""Point"",""coordinates"":[38.1444255356305,-3.511458452477363]}"
00000000000000000d64_0,0.10230723182667274,0.19622971,0.03111,0.0386725,0.073515,0.1597825,0.2378,0.36754499999999996,0.334435,327.05149784,5,"{""geodesic"":false,""type"":""Point"",""coordinates"":[38.143615060951745,-3.511729086131311]}"
00000000000000000d65_0,0.10174356490648284,0.19375344,0.03111,0.03897500000000001,0.07516499999999998,0.1634675,0.242035,0.387125,0.3556925,327.20872676,5,"{""geodesic"":false,""type"":""Point"",""coordinates"":[38.146589098370846,-3.50820388907057]}"
00000000000000000d66_0,0.11179411701045429,0.2087776,0.0324025,0.0413125,0.078575,0.1614875,0.24670999999999998,0.379975,0.34007250000000006,325.88253499999996,5,"{""geodesic"":false,""type"":""Point"",""coordinates"":[38.14929034057747,-3.5076636006080375]}"
00000000000000000d67_0,0.10223495150965684,0.18892537,0.03220999999999999,0.04133999999999999,0.08140750000000002,0.1757325,0.2576,0.3939175,0.359075,326.19015679999995,5,"{""geodesic"":false,""type"":""Point"",""coordinates"":[38.149831226306105,-3.506849956136554]}"
00000000000000000d68_0,0.10248207842522046,0.18890406,0.033007499999999995,0.041147500000000004,0.08212249999999999,0.17741,0.2600475,0.39716250000000003,0.36133,325.94747738,5,"{""geodesic"":false,""type"":""Point"",""coordinates"":[38.14929156712751,-3.506306705124815]}"
00000000000000000d69_0,0.10479092373755419,0.19116373,0.0327325,0.0415875,0.08292,0.180875,0.2663725,0.39345,0.356655,326.16964868,5,"{""geodesic"":false,""type"":""Point"",""coordinates"":[38.14875166318238,-3.506034833011563]}"
00000000000000000d6a_0,0.0993309715027735,0.18990059,0.030092499999999994,0.03798499999999999,0.0740925,0.16511750000000003,0.24253000000000002,0.3845125,0.35646249999999996,327.420644,5,"{""geodesic"":false,""type"":""Point"",""coordinates"":[38.14631779182788,-3.5095605360421778]}"
00000000000000000d6b_0,0.10097556849421285,0.19205572,0.030835,0.03842499999999999,0.0747525,0.1657225,0.24451,0.38869250000000005,0.35728750000000004,327.30443132,5,"{""geodesic"":false,""type"":""Point"",""coordinates"":[38.14631803816681,-3.509289157170569]}"
00000000000000000d6c_0,0.11276419884283861,0.2148097,0.03111,0.039470000000000005,0.07348749999999998,0.15359499999999998,0.23763499999999999,0.36232000000000003,0.32076750000000004,327.14378438,5,"{""geodesic"":false,""type"":""Point"",""coordinates"":[38.146048209232056,-3.509017530759151]}"
00000000000000000d6d_0,0.10606198500430547,0.19659309,0.0322925,0.0414775,0.0813525,0.17026000000000002,0.253585,0.3884175,0.356435,326.98997348,5,"{""geodesic"":false,""type"":""Point"",""coordinates"":[38.150098849582264,-3.509563993894109]}"
00000000000000000d6e_0,0.10145029817565895,0.18964949,0.0327325,0.0417525,0.08022499999999999,0.16891250000000002,0.247975,0.38687750000000004,0.35310749999999996,326.1047063,5,"{""geodesic"":false,""type"":""Point"",""coordinates"":[38.149289849823745,-3.5082063587901713]}"
00000000000000000d6f_0,0.10301088100617464,0.18667749,0.033997499999999986,0.04296249999999999,0.08489999999999998,0.1840925,0.2686,0.4000225,0.3668575,325.6090934,5,"{""geodesic"":false,""type"":""Point"",""coordinates"":[38.14902075633493,-3.507120595876227]}"
00000000000000000d70_0,0.10166465260899674,0.18738021,0.03152250000000001,0.04095499999999999,0.08201249999999999,0.1785925,0.260955,0.38803250000000006,0.3556375,326.29611542,5,"{""geodesic"":false,""type"":""Point"",""coordinates"":[38.14875068143418,-3.5071203492546905]}"
00000000000000000d71_0,0.10256604867143672,0.19097424,0.03111,0.040157499999999985,0.07871250000000002,0.17317500000000002,0.2549325,0.39158,0.35684750000000004,326.16281263999997,5,"{""geodesic"":false,""type"":""Point"",""coordinates"":[38.148752153941814,-3.5054920748804417]}"
00000000000000000d72_0,0.10517324569982915,0.18644656,0.03479499999999999,0.044639999999999985,0.08836500000000003,0.19355250000000002,0.2822675,0.4202075,0.3836875,325.29805358,5,"{""geodesic"":false,""type"":""Point"",""coordinates"":[38.13550979724781,-3.514978133563592]}"
00000000000000000d73_0,0.10159218139591081,0.18408439,0.034025,0.043484999999999996,0.08721000000000001,0.18447750000000002,0.26772,0.4054125,0.3764825,326.14230452,5,"{""geodesic"":false,""type"":""Point"",""coordinates"":[38.137131501526774,-3.5136227475626782]}"
00000000000000000d74_0,0.10151433067616024,0.18174948,0.033007499999999995,0.042495000000000005,0.08690750000000003,0.1948725,0.2814425,0.41426750000000007,0.38132250000000006,326.56272098,5,"{""geodesic"":false,""type"":""Point"",""coordinates"":[38.13794222748572,-3.5130807421789494]}"
00000000000000000d75_0,0.10575637693649198,0.19365607,0.03187999999999999,0.041147500000000004,0.08132499999999998,0.17845499999999997,0.26417250000000003,0.39884000000000003,0.364025,326.82249049999996,5,"{""geodesic"":false,""type"":""Point"",""coordinates"":[38.13821255225934,-3.512809614083517]}"
00000000000000000d76_0,0.10440835266821352,0.19145913,0.03226499999999999,0.040927500000000006,0.0808025,0.17925249999999998,0.264145,0.40062749999999997,0.36652750000000006,326.90110496,5,"{""geodesic"":false,""type"":""Point"",""coordinates"":[38.13794272547786,-3.512537985671047]}"
00000000000000000d77_0,0.0982261273209549,0.18469277,0.03146750000000001,0.039470000000000005,0.07719999999999999,0.17262500000000003,0.25083500000000003,0.3896,0.362925,326.98997348,5,"{""geodesic"":false,""type"":""Point"",""coordinates"":[38.142264681935075,-3.511727842780491]}"
00000000000000000d78_0,0.10326109854921842,0.19377309,0.031907500000000005,0.040075,0.07651249999999998,0.16825250000000003,0.24913000000000002,0.3762625,0.34683749999999997,326.63791742,5,"{""geodesic"":false,""type"":""Point"",""coordinates"":[38.14199336720253,-3.5130844866067736]}"
00000000000000000d79_0,0.10208248264597797,0.19495784,0.03135750000000001,0.038892499999999997,0.0746425,0.1618175,0.24019250000000003,0.37271499999999996,0.34100749999999996,326.62082732,5,"{""geodesic"":false,""type"":""Point"",""coordinates"":[38.14199386285511,-3.5125417295189787]}"
00000000000000000d7a_0,0.1049075020334953,0.1968362,0.030395000000000005,0.0387275,0.07612750000000001,0.169325,0.25232,0.38104750000000004,0.35266749999999997,325.90646114000003,5,"{""geodesic"":false,""type"":""Point"",""coordinates"":[38.144424794458956,-3.5122725886457498]}"
00000000000000000d7b_0,0.09925461521549492,0.19082947,0.030257499999999993,0.03740750000000001,0.07230500000000001,0.16319250000000002,0.24016500000000002,0.37398000000000003,0.34664500000000004,326.26193522,5,"{""geodesic"":false,""type"":""Point"",""coordinates"":[38.14334300561903,-3.513899866739764]}"
00000000000000000d7c_0,0.09816132004837877,0.18988207,0.029707499999999998,0.03798499999999999,0.07255250000000002,0.15997499999999998,0.2349675,0.37222000000000005,0.345435,326.30636948,5,"{""geodesic"":false,""type"":""Point"",""coordinates"":[38.14361308208473,-3.5139001154072598]}"
00000000000000000d7d_0,0.09999570065063484,0.19264823,0.029762499999999997,0.03781999999999999,0.07246999999999998,0.1608275,0.23758,0.37106500000000003,0.34042999999999995,326.38156591999996,5,"{""geodesic"":false,""type"":""Point"",""coordinates"":[38.143073424316704,-3.513356860761488]}"
00000000000000000d7e_0,0.09860683915324767,0.18717952,0.030147499999999994,0.03820499999999999,0.07673249999999998,0.169215,0.24714999999999998,0.39655750000000006,0.374585,327.58812697999997,5,"{""geodesic"":false,""type"":""Point"",""coordinates"":[38.14712580236536,-3.512003688592746]}"
00000000000000000d7f_0,0.10499003977002855,0.19983073,0.028799999999999992,0.03779250000000001,0.073185,0.16308250000000002,0.24453750000000002,0.3829725,0.35283250000000005,326.06369006,5,"{""geodesic"":false,""type"":""Point"",""coordinates"":[38.14685646520513,-3.5111893043868374]}"
00000000000000000d80_0,0.10069212512257868,0.19354558,0.02912999999999999,0.03727,0.07257999999999998,0.1623675,0.24030250000000003,0.3828075,0.355115,326.96262932,5,"{""geodesic"":false,""type"":""Point"",""coordinates"":[38.1455055923825,-3.511730823532287]}"
00000000000000000d81_0,0.10054824561403511,0.19678752,0.029102500000000003,0.03672,0.07013249999999999,0.1543925,0.230045,0.3736225,0.34180499999999997,326.99680952,5,"{""geodesic"":false,""type"":""Point"",""coordinates"":[38.146319762002605,-3.507389505024662]}"
00000000000000000d82_0,0.10211926485733766,0.19680546,0.02984500000000001,0.03836999999999999,0.07268999999999998,0.1580225,0.23546250000000002,0.37230250000000004,0.3373225,326.96604734,5,"{""geodesic"":false,""type"":""Point"",""coordinates"":[38.1468601576644,-3.507118620713363]}"
00000000000000000d83_0,0.1012719876239042,0.1973958,0.02833250000000001,0.03528999999999999,0.06994,0.158105,0.235875,0.3907825,0.36485000000000006,327.79320817999997,5,"{""geodesic"":false,""type"":""Point"",""coordinates"":[38.1471277720495,-3.5098326572297713]}"
00000000000000000d84_0,0.10272438290700403,0.19799137,0.029267500000000002,0.03630749999999999,0.07257999999999998,0.16091,0.2403575,0.38693249999999996,0.3610275,327.2326529,5,"{""geodesic"":false,""type"":""Point"",""coordinates"":[38.147127525906,-3.510104036155726]}"
00000000000000000d85_0,0.11121646714867055,0.16556758,0.06729999999999997,0.08578000000000002,0.145125,0.2340875,0.3269825,0.4647575,0.406155,326.51145068,5,"{""geodesic"":false,""type"":""Point"",""coordinates"":[38.16362142680475,-3.4884085665269553]}"
00000000000000000d86_0,0.10409936104530124,0.1637027,0.05712499999999998,0.07326749999999999,0.1332175,0.22407749999999999,0.31180250000000004,0.4551325,0.3953475,326.6515895,5,"{""geodesic"":false,""type"":""Point"",""coordinates"":[38.16497345602719,-3.4865101086890182]}"
00000000000000000d87_0,0.11006289308176101,0.17241968,0.05764750000000002,0.07379000000000002,0.12983499999999998,0.218055,0.308915,0.446525,0.38454000000000005,326.5832291,5,"{""geodesic"":false,""type"":""Point"",""coordinates"":[38.16470338590941,-3.4865098681099664]}"
00000000000000000d88_0,0.10968237883923272,0.18887399,0.04299,0.05550250000000001,0.103325,0.1853575,0.27168000000000003,0.38775750000000003,0.3468925,324.2589755,5,"{""geodesic"":false,""type"":""Point"",""coordinates"":[38.15417938279205,-3.4767307596860566]}"
00000000000000000d89_0,0.12258796051112833,0.21667458,0.033475000000000005,0.04408999999999999,0.08836500000000003,0.1795,0.2788025,0.40324,0.349945,325.04512009999996,5,"{""geodesic"":false,""type"":""Point"",""coordinates"":[38.15390979991037,-3.4761877574819686]}"
00000000000000000d8a_0,0.10019372620437203,0.17597295,0.03187999999999999,0.04241249999999999,0.09141749999999998,0.211125,0.30129750000000005,0.4385225,0.396585,325.22969318,5,"{""geodesic"":false,""type"":""Point"",""coordinates"":[38.15390738065637,-3.478901553411373]}"
00000000000000000d8b_0,0.10130993290292972,0.17613818,0.03314500000000001,0.04345750000000001,0.09381,0.21577249999999998,0.308035,0.44699249999999996,0.4043125,325.12715258000003,5,"{""geodesic"":false,""type"":""Point"",""coordinates"":[38.15390762266724,-3.478630173825543]}"
00000000000000000d8c_0,0.10469740471059788,0.18441318,0.03287000000000001,0.04290749999999999,0.0898775,0.2026825,0.29434,0.4152575,0.37381500000000006,325.57491319999997,5,"{""geodesic"":false,""type"":""Point"",""coordinates"":[38.153637071370106,-3.4791726897413278]}"
00000000000000000d8d_0,0.10616551060705783,0.17785628,0.041092500000000004,0.05497999999999997,0.1078075,0.2132425,0.30550499999999997,0.44680000000000003,0.3892975,327.03440774,5,"{""geodesic"":false,""type"":""Point"",""coordinates"":[38.15633460571237,-3.4827030554648815]}"
